"source","url","domain"
"C:\Meine Webseiten\freebasis\index.html","http://www.w3.org/1999/xhtml","www.w3.org"
"C:\Meine Webseiten\freebasis\www.chefkoch.de\index.html","https://img.chefkoch-cdn.de/assets/v2/source-sans-pro-v14-latin-regular.woff2)","img.chefkoch-cdn.de"
"C:\Meine Webseiten\freebasis\www.chefkoch.de\index.html","https://img.chefkoch-cdn.de/assets/v2/source-sans-pro-v14-latin-regular.woff)","img.chefkoch-cdn.de"
"C:\Meine Webseiten\freebasis\www.chefkoch.de\index.html","https://img.chefkoch-cdn.de/assets/v2/source-sans-pro-v14-latin-600.woff2)","img.chefkoch-cdn.de"
"C:\Meine Webseiten\freebasis\www.chefkoch.de\index.html","https://img.chefkoch-cdn.de/assets/v2/source-sans-pro-v14-latin-600.woff)","img.chefkoch-cdn.de"
"C:\Meine Webseiten\freebasis\www.chefkoch.de\index.html","https://img.chefkoch-cdn.de/assets/v2/source-sans-pro-v14-latin-700.woff2)","img.chefkoch-cdn.de"
"C:\Meine Webseiten\freebasis\www.chefkoch.de\index.html","https://img.chefkoch-cdn.de/assets/v2/source-sans-pro-v14-latin-700.woff)","img.chefkoch-cdn.de"
"C:\Meine Webseiten\freebasis\www.chefkoch.de\index.html","https://img.chefkoch-cdn.de/assets/v2/source-serif-pro-v11-latin-regular.woff2)","img.chefkoch-cdn.de"
"C:\Meine Webseiten\freebasis\www.chefkoch.de\index.html","https://img.chefkoch-cdn.de/assets/v2/source-serif-pro-v11-latin-regular.woff)","img.chefkoch-cdn.de"
"C:\Meine Webseiten\freebasis\www.chefkoch.de\index.html","https://img.chefkoch-cdn.de/assets/v2/source-serif-pro-v11-latin-600.woff2)","img.chefkoch-cdn.de"
"C:\Meine Webseiten\freebasis\www.chefkoch.de\index.html","https://img.chefkoch-cdn.de/assets/v2/source-serif-pro-v11-latin-600.woff)","img.chefkoch-cdn.de"
"C:\Meine Webseiten\freebasis\www.chefkoch.de\index.html","https://img.chefkoch-cdn.de/assets/v2/caveat-v17-latin-regular.woff2)","img.chefkoch-cdn.de"
"C:\Meine Webseiten\freebasis\www.chefkoch.de\index.html","https://img.chefkoch-cdn.de/assets/v2/caveat-v17-latin-regular.woff)","img.chefkoch-cdn.de"
"C:\Meine Webseiten\freebasis\www.chefkoch.de\index.html","http://www.w3.org/2000/svg","www.w3.org"
"C:\Meine Webseiten\freebasis\www.chefkoch.de\index.html","https://img.chefkoch-cdn.de/assets/v2/img/ci/CK-Plus-v2.svg)","img.chefkoch-cdn.de"
"C:\Meine Webseiten\freebasis\www.chefkoch.de\index.html","https://img.chefkoch-cdn.de/assets/v2/img/ci/CK-Plus-small-v2.svg);height:16px;width:47px}}.ds-plus-badge--small{background-image:url(https://img.chefkoch-cdn.de/assets/v2/img/ci/CK-Plus-small-v2.svg);height:16px;width:47px}.ds-feature-badge{height:24px}@media(min-width:768px){.ds-feature-badge{height:32px}}@media(min-width:1196px){.ds-feature-badge{height:40px}}.ds-feature-badge--inline{height:24px}.ds-feature-badge__image{height:100%}.ds-info-badge{align-self:flex-start;background:#d9e7ee;border-radius:8px;color:#006090;font-size:14px;font-weight:600;letter-spacing:.11px;line-height:14px;padding:8px;text-transform:uppercase;width:-moz-fit-content;width:fit-content}.ds-info-badge--highlight{background:#ffe894;color:#212018}.ds-btn--save{background-color:#fff;color:#ff565d;height:40px;width:40px}.ds-btn--save:hover{color:#ff8186}.ds-btn--save:active{color:#de4e53}.ds-btn--save.ds-btn--disabled,.ds-btn--save.ds-btn--disabled:hover{color:#a7a7a2}.ds-animate{animation-duration:1s;animation-fill-mode:both}.ds-animate--infinite{animation-iteration-count:infinite}.ds-animate--pulse{animation-name:pulse;animation-timing-function:ease-in-out;transform:scale(1);transform-origin:center}@keyframes","img.chefkoch-cdn.de"
"C:\Meine Webseiten\freebasis\www.chefkoch.de\index.html","http://www.w3.org/2000/svg","www.w3.org"
"C:\Meine Webseiten\freebasis\www.chefkoch.de\index.html","http://www.w3.org/2000/svg","www.w3.org"
"C:\Meine Webseiten\freebasis\www.chefkoch.de\index.html","https://img.chefkoch-cdn.de/assets/v2/ck-icons.woff2?d17vjt)","img.chefkoch-cdn.de"
"C:\Meine Webseiten\freebasis\www.chefkoch.de\index.html","https://img.chefkoch-cdn.de/assets/v2/ck-icons.woff?d17vjt)","img.chefkoch-cdn.de"
"C:\Meine Webseiten\freebasis\www.chefkoch.de\index.html","http://www.w3.org/2000/svg","www.w3.org"
"C:\Meine Webseiten\freebasis\www.chefkoch.de\index.html","https://img.chefkoch-cdn.de/cms/assets/BNq-MONz.js","img.chefkoch-cdn.de"
"C:\Meine Webseiten\freebasis\www.chefkoch.de\index.html","https://img.chefkoch-cdn.de/cms/assets/D-CQ89XD.js","img.chefkoch-cdn.de"
"C:\Meine Webseiten\freebasis\www.chefkoch.de\index.html","https://img.chefkoch-cdn.de/favicon.ico","img.chefkoch-cdn.de"
"C:\Meine Webseiten\freebasis\www.chefkoch.de\index.html","https://schema.org","schema.org"
"C:\Meine Webseiten\freebasis\www.chefkoch.de\index.html","https://www.chefkoch.de/#organization","www.chefkoch.de"
"C:\Meine Webseiten\freebasis\www.chefkoch.de\index.html","https://www.chefkoch.de/","www.chefkoch.de"
"C:\Meine Webseiten\freebasis\www.chefkoch.de\index.html","https://img.chefkoch-cdn.de/img/ck.de/ck-logo-de.png","img.chefkoch-cdn.de"
"C:\Meine Webseiten\freebasis\www.chefkoch.de\index.html","https://www.facebook.com/chefkoch.de","www.facebook.com"
"C:\Meine Webseiten\freebasis\www.chefkoch.de\index.html","https://www.instagram.com/chefkoch/","www.instagram.com"
"C:\Meine Webseiten\freebasis\www.chefkoch.de\index.html","https://youtube.com/user/ChefkochDeTV","youtube.com"
"C:\Meine Webseiten\freebasis\www.chefkoch.de\index.html","https://de.pinterest.com/chefkochde/","de.pinterest.com"
"C:\Meine Webseiten\freebasis\www.chefkoch.de\index.html","https://www.tiktok.com/@chefkoch","www.tiktok.com"
"C:\Meine Webseiten\freebasis\www.chefkoch.de\index.html","https://www.chefkoch.de/#website","www.chefkoch.de"
"C:\Meine Webseiten\freebasis\www.chefkoch.de\index.html","https://www.chefkoch.de/","www.chefkoch.de"
"C:\Meine Webseiten\freebasis\www.chefkoch.de\index.html","https://www.chefkoch.de/#organization","www.chefkoch.de"
"C:\Meine Webseiten\freebasis\www.chefkoch.de\index.html","https://www.chefkoch.de/rs/s0/{search_term_string}/Rezepte.html","www.chefkoch.de"
"C:\Meine Webseiten\freebasis\www.chefkoch.de\index.html","https://www.chefkoch.de/rezepte/","www.chefkoch.de"
"C:\Meine Webseiten\freebasis\www.chefkoch.de\index.html","https://www.chefkoch.de/rezepte/was-koche-ich-heute/","www.chefkoch.de"
"C:\Meine Webseiten\freebasis\www.chefkoch.de\index.html","https://www.chefkoch.de/rezepte/was-backe-ich-heute/","www.chefkoch.de"
"C:\Meine Webseiten\freebasis\www.chefkoch.de\index.html","https://www.chefkoch.de/rezeptempfehlungen/","www.chefkoch.de"
"C:\Meine Webseiten\freebasis\www.chefkoch.de\index.html","https://www.chefkoch.de/rezept-des-tages/","www.chefkoch.de"
"C:\Meine Webseiten\freebasis\www.chefkoch.de\index.html","https://www.chefkoch.de/rezepte/zufallsrezept/","www.chefkoch.de"
"C:\Meine Webseiten\freebasis\www.chefkoch.de\index.html","https://www.chefkoch.de/magazin/kategorie/612957128-kochvideos","www.chefkoch.de"
"C:\Meine Webseiten\freebasis\www.chefkoch.de\index.html","https://www.chefkoch.de/magazin/","www.chefkoch.de"
"C:\Meine Webseiten\freebasis\www.chefkoch.de\index.html","https://www.chefkoch.de/forum/","www.chefkoch.de"
"C:\Meine Webseiten\freebasis\www.chefkoch.de\index.html","https://www.chefkoch.de/rs/s0t23/Backen-Rezepte.html","www.chefkoch.de"
"C:\Meine Webseiten\freebasis\www.chefkoch.de\index.html","https://www.chefkoch.de/rs/s0t32/Vegetarisch-Rezepte.html","www.chefkoch.de"
"C:\Meine Webseiten\freebasis\www.chefkoch.de\index.html","https://www.chefkoch.de/rs/s0/schnelle+gerichte/Rezepte.html","www.chefkoch.de"
"C:\Meine Webseiten\freebasis\www.chefkoch.de\index.html","https://www.chefkoch.de/rs/s0o6/Rezepte.html","www.chefkoch.de"
"C:\Meine Webseiten\freebasis\www.chefkoch.de\index.html","https://www.chefkoch.de/plus","www.chefkoch.de"
"C:\Meine Webseiten\freebasis\www.chefkoch.de\index.html","https://www.chefkoch.de/zs/s0/Zutatensuche.html","www.chefkoch.de"
"C:\Meine Webseiten\freebasis\www.chefkoch.de\index.html","https://www.chefkoch.de/wochenplaner/","www.chefkoch.de"
"C:\Meine Webseiten\freebasis\www.chefkoch.de\index.html","https://www.chefkoch.de/","www.chefkoch.de"
"C:\Meine Webseiten\freebasis\www.chefkoch.de\index.html","https://img.chefkoch-cdn.de/assets/v2/img/social/social-sharing-default.jpg","img.chefkoch-cdn.de"
"C:\Meine Webseiten\freebasis\www.chefkoch.de\index.html","https://img.chefkoch-cdn.de/assets/v2/img/social/social-sharing-default.jpg","img.chefkoch-cdn.de"
"C:\Meine Webseiten\freebasis\www.chefkoch.de\index.html","https://www.chefkoch.de/","www.chefkoch.de"
"C:\Meine Webseiten\freebasis\www.chefkoch.de\index.html","https://www.chefkoch.de/","www.chefkoch.de"
"C:\Meine Webseiten\freebasis\www.chefkoch.de\index.html","https://www.chefkoch.de/","www.chefkoch.de"
"C:\Meine Webseiten\freebasis\www.chefkoch.de\index.html","https://www.chefkoch.de/","www.chefkoch.de"
"C:\Meine Webseiten\freebasis\www.chefkoch.de\index.html","https://www.chefkoch.de/","www.chefkoch.de"
"C:\Meine Webseiten\freebasis\www.chefkoch.de\index.html","https://www.chefkoch.de/","www.chefkoch.de"
"C:\Meine Webseiten\freebasis\www.chefkoch.de\index.html","https://www.chefkoch.de/","www.chefkoch.de"
"C:\Meine Webseiten\freebasis\www.chefkoch.de\index.html","https://www.chefkoch.de/","www.chefkoch.de"
"C:\Meine Webseiten\freebasis\www.chefkoch.de\index.html","https://img.chefkoch-cdn.de/gtm/gtm.js","img.chefkoch-cdn.de"
"C:\Meine Webseiten\freebasis\www.chefkoch.de\index.html","https://img.chefkoch-cdn.de/","img.chefkoch-cdn.de"
"C:\Meine Webseiten\freebasis\www.chefkoch.de\index.html","https://img.chefkoch-cdn.de/assets/v2/img/icons/favicon/favicon-96x96.png","img.chefkoch-cdn.de"
"C:\Meine Webseiten\freebasis\www.chefkoch.de\index.html","https://img.chefkoch-cdn.de/assets/v2/img/icons/favicon/favicon-144x144.png","img.chefkoch-cdn.de"
"C:\Meine Webseiten\freebasis\www.chefkoch.de\index.html","https://img.chefkoch-cdn.de/assets/v2/img/icons/favicon/favicon.svg","img.chefkoch-cdn.de"
"C:\Meine Webseiten\freebasis\www.chefkoch.de\index.html","https://img.chefkoch-cdn.de/assets/v2/img/icons/favicon/apple-touch-icon.png","img.chefkoch-cdn.de"
"C:\Meine Webseiten\freebasis\www.chefkoch.de\index.html","https://www.chefkoch.de/assets/v2/img/icons/favicon/site.webmanifest","www.chefkoch.de"
"C:\Meine Webseiten\freebasis\www.chefkoch.de\index.html","https://img.chefkoch-cdn.de/wrap/assets/index-5fadd79a.js","img.chefkoch-cdn.de"
"C:\Meine Webseiten\freebasis\www.chefkoch.de\index.html","https://img.chefkoch-cdn.de/wrap/assets/index-5fadd79a.js","img.chefkoch-cdn.de"
"C:\Meine Webseiten\freebasis\www.chefkoch.de\index.html","https://img.chefkoch-cdn.de/assets/v2/img/ci/CK-Plus-v2.svg)","img.chefkoch-cdn.de"
"C:\Meine Webseiten\freebasis\www.chefkoch.de\index.html","https://img.chefkoch-cdn.de/assets/v2/img/ci/CK-Plus-small-v2.svg);height:16px;width:47px}}.w-user-menu","img.chefkoch-cdn.de"
"C:\Meine Webseiten\freebasis\www.chefkoch.de\index.html","https://img.chefkoch-cdn.de/assets/v2/img/ci/CK-Plus-small-v2.svg);height:16px;width:47px}.w-user-menu[data-v-ca8c5cb1]{top:2px;height:40px;display:flex;position:relative}.w-user-menu__unread-badge[data-v-ca8c5cb1]{position:absolute;top:0;right:0;width:12px;height:12px;background-color:#ff565d;z-index:12;border-radius:50%}.w-user-menu__user-btn[data-v-ca8c5cb1]{background:transparent;border:0;box-sizing:border-box;cursor:pointer;font-family:inherit;font-size:inherit;text-decoration:none}.w-user-menu__user-btn[data-v-ca8c5cb1]::-moz-focus-inner{padding:0;border:0}.w-user-menu__user-btn[data-v-ca8c5cb1]:focus{outline:none}.w-user-menu__user-btn[data-v-ca8c5cb1]{overflow:hidden;position:relative;display:block;width:40px;height:40px;padding:0;box-sizing:border-box;border:1px","img.chefkoch-cdn.de"
"C:\Meine Webseiten\freebasis\www.chefkoch.de\index.html","https://img.chefkoch-cdn.de/assets/v2/source-sans-pro-v14-latin-regular.woff2)","img.chefkoch-cdn.de"
"C:\Meine Webseiten\freebasis\www.chefkoch.de\index.html","https://img.chefkoch-cdn.de/assets/v2/source-sans-pro-v14-latin-regular.woff)","img.chefkoch-cdn.de"
"C:\Meine Webseiten\freebasis\www.chefkoch.de\index.html","https://img.chefkoch-cdn.de/assets/v2/source-sans-pro-v14-latin-600.woff2)","img.chefkoch-cdn.de"
"C:\Meine Webseiten\freebasis\www.chefkoch.de\index.html","https://img.chefkoch-cdn.de/assets/v2/source-sans-pro-v14-latin-600.woff)","img.chefkoch-cdn.de"
"C:\Meine Webseiten\freebasis\www.chefkoch.de\index.html","https://img.chefkoch-cdn.de/assets/v2/source-sans-pro-v14-latin-700.woff2)","img.chefkoch-cdn.de"
"C:\Meine Webseiten\freebasis\www.chefkoch.de\index.html","https://img.chefkoch-cdn.de/assets/v2/source-sans-pro-v14-latin-700.woff)","img.chefkoch-cdn.de"
"C:\Meine Webseiten\freebasis\www.chefkoch.de\index.html","https://img.chefkoch-cdn.de/assets/v2/source-serif-pro-v11-latin-regular.woff2)","img.chefkoch-cdn.de"
"C:\Meine Webseiten\freebasis\www.chefkoch.de\index.html","https://img.chefkoch-cdn.de/assets/v2/source-serif-pro-v11-latin-regular.woff)","img.chefkoch-cdn.de"
"C:\Meine Webseiten\freebasis\www.chefkoch.de\index.html","https://img.chefkoch-cdn.de/assets/v2/source-serif-pro-v11-latin-600.woff2)","img.chefkoch-cdn.de"
"C:\Meine Webseiten\freebasis\www.chefkoch.de\index.html","https://img.chefkoch-cdn.de/assets/v2/source-serif-pro-v11-latin-600.woff)","img.chefkoch-cdn.de"
"C:\Meine Webseiten\freebasis\www.chefkoch.de\index.html","https://img.chefkoch-cdn.de/assets/v2/caveat-v17-latin-regular.woff2)","img.chefkoch-cdn.de"
"C:\Meine Webseiten\freebasis\www.chefkoch.de\index.html","https://img.chefkoch-cdn.de/assets/v2/caveat-v17-latin-regular.woff)","img.chefkoch-cdn.de"
"C:\Meine Webseiten\freebasis\www.chefkoch.de\index.html","https://img.chefkoch-cdn.de/assets/v2/ck-icons.woff2?d17vjt)","img.chefkoch-cdn.de"
"C:\Meine Webseiten\freebasis\www.chefkoch.de\index.html","https://img.chefkoch-cdn.de/assets/v2/ck-icons.woff?d17vjt)","img.chefkoch-cdn.de"
"C:\Meine Webseiten\freebasis\www.chefkoch.de\index.html","http://www.w3.org/2000/svg","www.w3.org"
"C:\Meine Webseiten\freebasis\www.chefkoch.de\index.html","https://img.chefkoch-cdn.de/search-input/search-input.js","img.chefkoch-cdn.de"
"C:\Meine Webseiten\freebasis\www.chefkoch.de\index.html","https://img.chefkoch-cdn.de/web-components/highlight-bar/highlight-bar.js?v=2","img.chefkoch-cdn.de"
"C:\Meine Webseiten\freebasis\www.chefkoch.de\index.html","https://img.chefkoch-cdn.de/web-components/onboarding/onboarding.js?v=2","img.chefkoch-cdn.de"
"C:\Meine Webseiten\freebasis\www.chefkoch.de\index.html","https://spark.cloud.funkedigital.de/spark2.js","spark.cloud.funkedigital.de"
"C:\Meine Webseiten\freebasis\www.chefkoch.de\index.html","https://www.funkemedien.de/de/","www.funkemedien.de"
"C:\Meine Webseiten\freebasis\www.chefkoch.de\index.html","http://www.w3.org/2000/svg","www.w3.org"
"C:\Meine Webseiten\freebasis\www.chefkoch.de\index.html","https://www.chefkoch.de/","www.chefkoch.de"
"C:\Meine Webseiten\freebasis\www.chefkoch.de\index.html","http://www.w3.org/2000/svg","www.w3.org"
"C:\Meine Webseiten\freebasis\www.chefkoch.de\index.html","https://www.chefkoch.de/wochenplaner/","www.chefkoch.de"
"C:\Meine Webseiten\freebasis\www.chefkoch.de\index.html","https://www.chefkoch.de/mein-kochbuch/","www.chefkoch.de"
"C:\Meine Webseiten\freebasis\www.chefkoch.de\index.html","https://www.chefkoch.de/benutzer/einloggen?context=login/init","www.chefkoch.de"
"C:\Meine Webseiten\freebasis\www.chefkoch.de\index.html","http://www.w3.org/2000/svg","www.w3.org"
"C:\Meine Webseiten\freebasis\www.chefkoch.de\index.html","https://www.chefkoch.de/wochenplaner/","www.chefkoch.de"
"C:\Meine Webseiten\freebasis\www.chefkoch.de\index.html","https://www.chefkoch.de/mein-kochbuch/","www.chefkoch.de"
"C:\Meine Webseiten\freebasis\www.chefkoch.de\index.html","https://www.chefkoch.de/kochstars","www.chefkoch.de"
"C:\Meine Webseiten\freebasis\www.chefkoch.de\index.html","https://www.chefkoch.de/kochstars/thema-des-monats","www.chefkoch.de"
"C:\Meine Webseiten\freebasis\www.chefkoch.de\index.html","https://www.chefkoch.de/plus-rezepte-aus-magazinen","www.chefkoch.de"
"C:\Meine Webseiten\freebasis\www.chefkoch.de\index.html","https://www.chefkoch.de/plus?ck_element=header_link","www.chefkoch.de"
"C:\Meine Webseiten\freebasis\www.chefkoch.de\index.html","https://www.chefkoch.de/chefkoch-abo/?ck_source=header&amp;ck_element=header_CTA","www.chefkoch.de"
"C:\Meine Webseiten\freebasis\www.chefkoch.de\index.html","https://www.chefkoch.de/plus?ck_element=header_image","www.chefkoch.de"
"C:\Meine Webseiten\freebasis\www.chefkoch.de\index.html","https://img.chefkoch-cdn.de/assets/v2/img/plus/flyout-teaser-2-v3.jpg","img.chefkoch-cdn.de"
"C:\Meine Webseiten\freebasis\www.chefkoch.de\index.html","https://img.chefkoch-cdn.de/assets/v2/img/plus/flyout-teaser-2-v3@2x.jpg","img.chefkoch-cdn.de"
"C:\Meine Webseiten\freebasis\www.chefkoch.de\index.html","https://img.chefkoch-cdn.de/assets/v2/img/plus/flyout-teaser-2-v3.jpg","img.chefkoch-cdn.de"
"C:\Meine Webseiten\freebasis\www.chefkoch.de\index.html","https://www.chefkoch.de/rezepte/was-koche-ich-heute/","www.chefkoch.de"
"C:\Meine Webseiten\freebasis\www.chefkoch.de\index.html","https://www.chefkoch.de/rezepte/was-backe-ich-heute/","www.chefkoch.de"
"C:\Meine Webseiten\freebasis\www.chefkoch.de\index.html","https://www.chefkoch.de/rezeptsammlungen/","www.chefkoch.de"
"C:\Meine Webseiten\freebasis\www.chefkoch.de\index.html","https://www.chefkoch.de/rezeptempfehlungen/","www.chefkoch.de"
"C:\Meine Webseiten\freebasis\www.chefkoch.de\index.html","https://www.chefkoch.de/magazin/kategorie/528517922-das-perfekte-dinner","www.chefkoch.de"
"C:\Meine Webseiten\freebasis\www.chefkoch.de\index.html","https://www.chefkoch.de/rezepte/","www.chefkoch.de"
"C:\Meine Webseiten\freebasis\www.chefkoch.de\index.html","https://www.chefkoch.de/rs/s0r4.5/Rezepte.html","www.chefkoch.de"
"C:\Meine Webseiten\freebasis\www.chefkoch.de\index.html","https://www.chefkoch.de/rs/s0t49,50r4p30/Schnell-Einfach-Rezepte.html","www.chefkoch.de"
"C:\Meine Webseiten\freebasis\www.chefkoch.de\index.html","https://www.chefkoch.de/rs/s0ip1/Rezepte.html","www.chefkoch.de"
"C:\Meine Webseiten\freebasis\www.chefkoch.de\index.html","https://www.chefkoch.de/rs/s0o6/Rezepte.html","www.chefkoch.de"
"C:\Meine Webseiten\freebasis\www.chefkoch.de\index.html","https://www.chefkoch.de/user/profil/d52ae4e5213c86d185c74896b1abc548","www.chefkoch.de"
"C:\Meine Webseiten\freebasis\www.chefkoch.de\index.html","https://api.chefkoch.de/v2/users/d52ae4e5213c86d185c74896b1abc548/avatar/crop-120x120","api.chefkoch.de"
"C:\Meine Webseiten\freebasis\www.chefkoch.de\index.html","https://www.chefkoch.de/user/profil/e78528303d90a57cef3915618d534cd8","www.chefkoch.de"
"C:\Meine Webseiten\freebasis\www.chefkoch.de\index.html","https://api.chefkoch.de/v2/users/e78528303d90a57cef3915618d534cd8/avatar/crop-120x120","api.chefkoch.de"
"C:\Meine Webseiten\freebasis\www.chefkoch.de\index.html","https://www.chefkoch.de/user/profil/a48f8b7b4985941a2e6869277e983874","www.chefkoch.de"
"C:\Meine Webseiten\freebasis\www.chefkoch.de\index.html","https://api.chefkoch.de/v2/users/a48f8b7b4985941a2e6869277e983874/avatar/crop-120x120","api.chefkoch.de"
"C:\Meine Webseiten\freebasis\www.chefkoch.de\index.html","https://www.chefkoch.de/magazin/kategorie/68865953156104-highlights-der-redaktion","www.chefkoch.de"
"C:\Meine Webseiten\freebasis\www.chefkoch.de\index.html","https://www.chefkoch.de/magazin/kategorie/612938993-alltagskueche","www.chefkoch.de"
"C:\Meine Webseiten\freebasis\www.chefkoch.de\index.html","https://www.chefkoch.de/magazin/kategorie/612964779-sommerkueche","www.chefkoch.de"
"C:\Meine Webseiten\freebasis\www.chefkoch.de\index.html","https://www.chefkoch.de/magazin/kategorie/612957051-vegetarisch-und-vegan","www.chefkoch.de"
"C:\Meine Webseiten\freebasis\www.chefkoch.de\index.html","https://www.chefkoch.de/magazin/kategorie/612949438-internationale-kueche","www.chefkoch.de"
"C:\Meine Webseiten\freebasis\www.chefkoch.de\index.html","https://www.chefkoch.de/magazin/kategorie/612938991-backen","www.chefkoch.de"
"C:\Meine Webseiten\freebasis\www.chefkoch.de\index.html","https://www.chefkoch.de/magazin/kategorie/612955611-ernaehrung","www.chefkoch.de"
"C:\Meine Webseiten\freebasis\www.chefkoch.de\index.html","https://www.chefkoch.de/magazin/","www.chefkoch.de"
"C:\Meine Webseiten\freebasis\www.chefkoch.de\index.html","https://www.chefkoch.de/magazin/kategorie/528517922-das-perfekte-dinner","www.chefkoch.de"
"C:\Meine Webseiten\freebasis\www.chefkoch.de\index.html","https://www.chefkoch.de/vergleich/","www.chefkoch.de"
"C:\Meine Webseiten\freebasis\www.chefkoch.de\index.html","https://www.chefkoch.de/magazin/artikel/74072128715894-unsere-neuesten-produkt-lieblinge","www.chefkoch.de"
"C:\Meine Webseiten\freebasis\www.chefkoch.de\index.html","https://www.chefkoch.de/magazin/inspiration/grillen-themenwelt","www.chefkoch.de"
"C:\Meine Webseiten\freebasis\www.chefkoch.de\index.html","https://www.chefkoch.de/fackelmann","www.chefkoch.de"
"C:\Meine Webseiten\freebasis\www.chefkoch.de\index.html","https://www.chefkoch.de/magazin/inspiration/gesunde-ernaehrung","www.chefkoch.de"
"C:\Meine Webseiten\freebasis\www.chefkoch.de\index.html","https://www.chefkoch.de/magazin/kategorie/636241302-shared-table","www.chefkoch.de"
"C:\Meine Webseiten\freebasis\www.chefkoch.de\index.html","https://www.chefkoch.de/magazin/kategorie/616305661-probier-was-neues","www.chefkoch.de"
"C:\Meine Webseiten\freebasis\www.chefkoch.de\index.html","https://www.chefkoch.de/magazin/kategorie/640298864-mit-chefkoch-um-die-welt","www.chefkoch.de"
"C:\Meine Webseiten\freebasis\www.chefkoch.de\index.html","https://www.chefkoch.de/magazin/kategorie/640299100-rikes-backschule","www.chefkoch.de"
"C:\Meine Webseiten\freebasis\www.chefkoch.de\index.html","https://www.chefkoch.de/magazin/kategorie/640298438-hack-n-roll","www.chefkoch.de"
"C:\Meine Webseiten\freebasis\www.chefkoch.de\index.html","https://www.chefkoch.de/magazin/kategorie/640298897-brot-backen-mit-lutz-geisler","www.chefkoch.de"
"C:\Meine Webseiten\freebasis\www.chefkoch.de\index.html","https://www.chefkoch.de/magazin/kategorie/612957128-kochvideos","www.chefkoch.de"
"C:\Meine Webseiten\freebasis\www.chefkoch.de\index.html","https://www.chefkoch.de/magazin/artikel/82253795246727-weisse-bolognese-von-cettina-vicenzino","www.chefkoch.de"
"C:\Meine Webseiten\freebasis\www.chefkoch.de\index.html","https://img.chefkoch-cdn.de/images/crop-240x135/content/f/270734/1200x675/21ebee91d6/weisse-bolognese.jpg","img.chefkoch-cdn.de"
"C:\Meine Webseiten\freebasis\www.chefkoch.de\index.html","https://img.chefkoch-cdn.de/images/crop-240x135/content/f/270734/1200x675/21ebee91d6/weisse-bolognese.jpg","img.chefkoch-cdn.de"
"C:\Meine Webseiten\freebasis\www.chefkoch.de\index.html","https://img.chefkoch-cdn.de/images/crop-320x180/content/f/270734/1200x675/21ebee91d6/weisse-bolognese.jpg","img.chefkoch-cdn.de"
"C:\Meine Webseiten\freebasis\www.chefkoch.de\index.html","https://img.chefkoch-cdn.de/images/crop-480x270/content/f/270734/1200x675/21ebee91d6/weisse-bolognese.jpg","img.chefkoch-cdn.de"
"C:\Meine Webseiten\freebasis\www.chefkoch.de\index.html","https://img.chefkoch-cdn.de/images/crop-640x360/content/f/270734/1200x675/21ebee91d6/weisse-bolognese.jpg","img.chefkoch-cdn.de"
"C:\Meine Webseiten\freebasis\www.chefkoch.de\index.html","https://www.chefkoch.de/magazin/artikel/190864802640280-buttermilch-chicken-burger","www.chefkoch.de"
"C:\Meine Webseiten\freebasis\www.chefkoch.de\index.html","https://img.chefkoch-cdn.de/images/crop-240x135/content/f/270734/1200x675/09df68ee08/buttermilch-chicken-burger.jpg","img.chefkoch-cdn.de"
"C:\Meine Webseiten\freebasis\www.chefkoch.de\index.html","https://img.chefkoch-cdn.de/images/crop-240x135/content/f/270734/1200x675/09df68ee08/buttermilch-chicken-burger.jpg","img.chefkoch-cdn.de"
"C:\Meine Webseiten\freebasis\www.chefkoch.de\index.html","https://img.chefkoch-cdn.de/images/crop-320x180/content/f/270734/1200x675/09df68ee08/buttermilch-chicken-burger.jpg","img.chefkoch-cdn.de"
"C:\Meine Webseiten\freebasis\www.chefkoch.de\index.html","https://img.chefkoch-cdn.de/images/crop-480x270/content/f/270734/1200x675/09df68ee08/buttermilch-chicken-burger.jpg","img.chefkoch-cdn.de"
"C:\Meine Webseiten\freebasis\www.chefkoch.de\index.html","https://img.chefkoch-cdn.de/images/crop-640x360/content/f/270734/1200x675/09df68ee08/buttermilch-chicken-burger.jpg","img.chefkoch-cdn.de"
"C:\Meine Webseiten\freebasis\www.chefkoch.de\index.html","https://www.chefkoch.de/magazin/artikel/619621244-vegetarische-wan-tans-mit-sommergemuese","www.chefkoch.de"
"C:\Meine Webseiten\freebasis\www.chefkoch.de\index.html","https://img.chefkoch-cdn.de/images/crop-240x135/content/f/270734/1200x675/4390a176b0/wan-tans-teaser.jpg","img.chefkoch-cdn.de"
"C:\Meine Webseiten\freebasis\www.chefkoch.de\index.html","https://img.chefkoch-cdn.de/images/crop-240x135/content/f/270734/1200x675/4390a176b0/wan-tans-teaser.jpg","img.chefkoch-cdn.de"
"C:\Meine Webseiten\freebasis\www.chefkoch.de\index.html","https://img.chefkoch-cdn.de/images/crop-320x180/content/f/270734/1200x675/4390a176b0/wan-tans-teaser.jpg","img.chefkoch-cdn.de"
"C:\Meine Webseiten\freebasis\www.chefkoch.de\index.html","https://img.chefkoch-cdn.de/images/crop-480x270/content/f/270734/1200x675/4390a176b0/wan-tans-teaser.jpg","img.chefkoch-cdn.de"
"C:\Meine Webseiten\freebasis\www.chefkoch.de\index.html","https://img.chefkoch-cdn.de/images/crop-640x360/content/f/270734/1200x675/4390a176b0/wan-tans-teaser.jpg","img.chefkoch-cdn.de"
"C:\Meine Webseiten\freebasis\www.chefkoch.de\index.html","https://www.chefkoch.de/forum/3,0/aktuelle-beitraege.html","www.chefkoch.de"
"C:\Meine Webseiten\freebasis\www.chefkoch.de\index.html","https://www.chefkoch.de/forum/#kochforen","www.chefkoch.de"
"C:\Meine Webseiten\freebasis\www.chefkoch.de\index.html","https://www.chefkoch.de/forum/#plaudereckeforen","www.chefkoch.de"
"C:\Meine Webseiten\freebasis\www.chefkoch.de\index.html","https://www.chefkoch.de/forum/#backforen","www.chefkoch.de"
"C:\Meine Webseiten\freebasis\www.chefkoch.de\index.html","https://www.chefkoch.de/forum/#lifestyleforen","www.chefkoch.de"
"C:\Meine Webseiten\freebasis\www.chefkoch.de\index.html","https://www.chefkoch.de/forum/#sonstige_kochforen","www.chefkoch.de"
"C:\Meine Webseiten\freebasis\www.chefkoch.de\index.html","https://www.chefkoch.de/forum/","www.chefkoch.de"
"C:\Meine Webseiten\freebasis\www.chefkoch.de\index.html","https://www.chefkoch.de/groups/","www.chefkoch.de"
"C:\Meine Webseiten\freebasis\www.chefkoch.de\index.html","https://www.chefkoch.de/plus?ck_element=header_image","www.chefkoch.de"
"C:\Meine Webseiten\freebasis\www.chefkoch.de\index.html","https://img.chefkoch-cdn.de/assets/v2/img/plus/flyout-teaser-2-v3.jpg","img.chefkoch-cdn.de"
"C:\Meine Webseiten\freebasis\www.chefkoch.de\index.html","https://img.chefkoch-cdn.de/assets/v2/img/plus/flyout-teaser-2-v3@2x.jpg","img.chefkoch-cdn.de"
"C:\Meine Webseiten\freebasis\www.chefkoch.de\index.html","https://img.chefkoch-cdn.de/assets/v2/img/plus/flyout-teaser-2-v3.jpg","img.chefkoch-cdn.de"
"C:\Meine Webseiten\freebasis\www.chefkoch.de\index.html","https://www.chefkoch.de/magazin/artikel/81560056566184-salat-im-glas-praktisch-und-lecker","www.chefkoch.de"
"C:\Meine Webseiten\freebasis\www.chefkoch.de\index.html","https://img.chefkoch-cdn.de/images/crop-640x360/content/f/270734/1200x675/af19a3e52f/hahnchen-bacon-ei-salat.jpg","img.chefkoch-cdn.de"
"C:\Meine Webseiten\freebasis\www.chefkoch.de\index.html","https://img.chefkoch-cdn.de/images/crop-640x800/content/f/270734/1500x1875/d7facf6e85/hahnchen-bacon-ei-salat.jpg","img.chefkoch-cdn.de"
"C:\Meine Webseiten\freebasis\www.chefkoch.de\index.html","http://www.w3.org/2000/svg","www.w3.org"
"C:\Meine Webseiten\freebasis\www.chefkoch.de\index.html","https://www.chefkoch.de/magazin/artikel/669814998-spaghetti-in-schinken-sahne-sauce-1","www.chefkoch.de"
"C:\Meine Webseiten\freebasis\www.chefkoch.de\index.html","https://img.chefkoch-cdn.de/images/crop-640x360/content/f/270734/1024x768/69477dc419/spaghetti-in-schinken-sahne-sosse.jpg","img.chefkoch-cdn.de"
"C:\Meine Webseiten\freebasis\www.chefkoch.de\index.html","https://img.chefkoch-cdn.de/images/crop-640x800/content/f/270734/1500x2098/f9e1e6c9e6/spaghetti-in-schinken-sahne-sosse.jpg","img.chefkoch-cdn.de"
"C:\Meine Webseiten\freebasis\www.chefkoch.de\index.html","http://www.w3.org/2000/svg","www.w3.org"
"C:\Meine Webseiten\freebasis\www.chefkoch.de\index.html","https://www.chefkoch.de/magazin/artikel/185900961701150-aprikosenkuchen-und-co-saftiges-gebaeck-mit-aprikosen","www.chefkoch.de"
"C:\Meine Webseiten\freebasis\www.chefkoch.de\index.html","https://img.chefkoch-cdn.de/images/crop-640x360/content/f/270734/1200x675/09fd6c94c8/aprikosentarte.jpg","img.chefkoch-cdn.de"
"C:\Meine Webseiten\freebasis\www.chefkoch.de\index.html","https://img.chefkoch-cdn.de/images/crop-640x800/content/f/270734/1024x1280/233f762743/aprikosentarte-4zu5.jpg","img.chefkoch-cdn.de"
"C:\Meine Webseiten\freebasis\www.chefkoch.de\index.html","http://www.w3.org/2000/svg","www.w3.org"
"C:\Meine Webseiten\freebasis\www.chefkoch.de\index.html","https://www.chefkoch.de/magazin/inspiration/gesunde-ernaehrung","www.chefkoch.de"
"C:\Meine Webseiten\freebasis\www.chefkoch.de\index.html","https://img.chefkoch-cdn.de/images/crop-640x360/content/f/270734/1500x2100/25698fcbc5/onmeda-hoch.jpg","img.chefkoch-cdn.de"
"C:\Meine Webseiten\freebasis\www.chefkoch.de\index.html","https://img.chefkoch-cdn.de/images/crop-640x800/content/f/270734/1586x892/ee775b7a4a/teaser-themenseite-gesunde-ernaehrung-bulgur-buddha-bowl-4.jpg","img.chefkoch-cdn.de"
"C:\Meine Webseiten\freebasis\www.chefkoch.de\index.html","http://www.w3.org/2000/svg","www.w3.org"
"C:\Meine Webseiten\freebasis\www.chefkoch.de\index.html","https://www.chefkoch.de/magazin/artikel/198386131511788-wir-suchen-eure-liebsten-urlaubsrezepte","www.chefkoch.de"
"C:\Meine Webseiten\freebasis\www.chefkoch.de\index.html","https://img.chefkoch-cdn.de/images/crop-640x360/content/f/270734/1200x675/a0db42fed1/pad-thai.jpg","img.chefkoch-cdn.de"
"C:\Meine Webseiten\freebasis\www.chefkoch.de\index.html","https://img.chefkoch-cdn.de/images/crop-640x800/content/f/270734/1024x1280/1d8a612e2a/pad-thai-4zu5.jpg","img.chefkoch-cdn.de"
"C:\Meine Webseiten\freebasis\www.chefkoch.de\index.html","http://www.w3.org/2000/svg","www.w3.org"
"C:\Meine Webseiten\freebasis\www.chefkoch.de\index.html","https://www.chefkoch.de/magazin/artikel/665091590-der-kohlrabi-deutsche-knolle-mit-frischem-aroma-1","www.chefkoch.de"
"C:\Meine Webseiten\freebasis\www.chefkoch.de\index.html","https://img.chefkoch-cdn.de/images/crop-640x360/content/f/270734/1200x675/f718d97445/mohren-kohlrabi-eintopf.jpg","img.chefkoch-cdn.de"
"C:\Meine Webseiten\freebasis\www.chefkoch.de\index.html","https://img.chefkoch-cdn.de/images/crop-640x800/content/f/270734/1500x2100/0f2a8109bb/moehren-kohlrabi-eintopf.jpg","img.chefkoch-cdn.de"
"C:\Meine Webseiten\freebasis\www.chefkoch.de\index.html","http://www.w3.org/2000/svg","www.w3.org"
"C:\Meine Webseiten\freebasis\www.chefkoch.de\index.html","https://www.chefkoch.de/magazin/artikel/178907094517281-chefkoch-nachrichten-service","www.chefkoch.de"
"C:\Meine Webseiten\freebasis\www.chefkoch.de\index.html","https://img.chefkoch-cdn.de/images/crop-640x360/content/f/270734/1600x900/55070c8f69/chefkoch_teaser_mainslider_desktop_1600x900px.jpg","img.chefkoch-cdn.de"
"C:\Meine Webseiten\freebasis\www.chefkoch.de\index.html","https://img.chefkoch-cdn.de/images/crop-640x800/content/f/270734/824x1030/efc8ae837a/chefkoch_teaser_mainslider_app_824x1030px.jpg","img.chefkoch-cdn.de"
"C:\Meine Webseiten\freebasis\www.chefkoch.de\index.html","http://www.w3.org/2000/svg","www.w3.org"
"C:\Meine Webseiten\freebasis\www.chefkoch.de\index.html","https://www.chefkoch.de/magazin/artikel/624209231-die-besten-nudelsalate-vielfalt-pur-1","www.chefkoch.de"
"C:\Meine Webseiten\freebasis\www.chefkoch.de\index.html","https://img.chefkoch-cdn.de/images/crop-640x360/content/f/270734/1200x675/3c81051c37/mediterraner-nudelsalat.jpg","img.chefkoch-cdn.de"
"C:\Meine Webseiten\freebasis\www.chefkoch.de\index.html","https://img.chefkoch-cdn.de/images/crop-640x800/content/f/270734/1500x2101/dc83fbd589/mediterraner_nudelsalat.jpg","img.chefkoch-cdn.de"
"C:\Meine Webseiten\freebasis\www.chefkoch.de\index.html","http://www.w3.org/2000/svg","www.w3.org"
"C:\Meine Webseiten\freebasis\www.chefkoch.de\index.html","https://plus.chefkoch.de/rezept-import/","plus.chefkoch.de"
"C:\Meine Webseiten\freebasis\www.chefkoch.de\index.html","https://img.chefkoch-cdn.de/images/crop-640x360/content/f/270734/1600x900/b5e50e068a/rezept-import.jpg","img.chefkoch-cdn.de"
"C:\Meine Webseiten\freebasis\www.chefkoch.de\index.html","https://img.chefkoch-cdn.de/images/crop-640x800/content/f/270734/824x1030/2c986ea4a8/rezept-import.jpg","img.chefkoch-cdn.de"
"C:\Meine Webseiten\freebasis\www.chefkoch.de\index.html","http://www.w3.org/2000/svg","www.w3.org"
"C:\Meine Webseiten\freebasis\www.chefkoch.de\index.html","https://listening.sslsurvey.de/C360S-chefkoch/?WEBSITE=1","listening.sslsurvey.de"
"C:\Meine Webseiten\freebasis\www.chefkoch.de\index.html","https://img.chefkoch-cdn.de/images/crop-640x360/content/f/270734/1600x900/6d09ccd56a/chefkoch_umfrage_16zu9_hometeaser.jpg","img.chefkoch-cdn.de"
"C:\Meine Webseiten\freebasis\www.chefkoch.de\index.html","https://img.chefkoch-cdn.de/images/crop-640x800/content/f/270734/824x1030/495d0e9d50/chefkoch_umfrage_4zu5_mobileteaser.jpg","img.chefkoch-cdn.de"
"C:\Meine Webseiten\freebasis\www.chefkoch.de\index.html","http://www.w3.org/2000/svg","www.w3.org"
"C:\Meine Webseiten\freebasis\www.chefkoch.de\index.html","https://www.chefkoch.de/rezepte/was-koche-ich-heute/","www.chefkoch.de"
"C:\Meine Webseiten\freebasis\www.chefkoch.de\index.html","https://img.chefkoch-cdn.de/content/illu/entry/63828613909168/ca8e8658-0043-4153-af09-e0923f1277cd--8713dc2d-5435-4845-9a15-1ebd78590974/eb5eb7c7d933eed48b76c752a8dd38d7.svg","img.chefkoch-cdn.de"
"C:\Meine Webseiten\freebasis\www.chefkoch.de\index.html","https://www.chefkoch.de/rezepte/was-backe-ich-heute/","www.chefkoch.de"
"C:\Meine Webseiten\freebasis\www.chefkoch.de\index.html","https://img.chefkoch-cdn.de/content/illu/entry/63828613909168/ca8e8658-0043-4153-af09-e0923f1277cd--9216cb5a-23d6-46f9-b742-df31e73eb369/499401dfab0416276d8397b05f577410.svg","img.chefkoch-cdn.de"
"C:\Meine Webseiten\freebasis\www.chefkoch.de\index.html","https://kochkurse.chefkoch.de/","kochkurse.chefkoch.de"
"C:\Meine Webseiten\freebasis\www.chefkoch.de\index.html","https://img.chefkoch-cdn.de/content/illu/entry/63828613909168/ca8e8658-0043-4153-af09-e0923f1277cd--3959f50f-2ed8-4e28-8077-c25a51b9ab18/0a848ecae03aafd3e578f6abb8284d7c.svg","img.chefkoch-cdn.de"
"C:\Meine Webseiten\freebasis\www.chefkoch.de\index.html","https://www.chefkoch.de/rezeptsammlungen/","www.chefkoch.de"
"C:\Meine Webseiten\freebasis\www.chefkoch.de\index.html","https://img.chefkoch-cdn.de/content/illu/entry/63828613909168/ca8e8658-0043-4153-af09-e0923f1277cd--cf7662f6-998f-4ef9-b006-8b9c078d900c/56e97893c551e78c1e4f0fbe7003a4f1.svg","img.chefkoch-cdn.de"
"C:\Meine Webseiten\freebasis\www.chefkoch.de\index.html","https://www.chefkoch.de/rezeptempfehlungen/","www.chefkoch.de"
"C:\Meine Webseiten\freebasis\www.chefkoch.de\index.html","https://img.chefkoch-cdn.de/content/illu/entry/63828613909168/ca8e8658-0043-4153-af09-e0923f1277cd--fbf2bab2-52a5-447d-98a5-f83e77d9b605/ae8a8d84791f10cde22b4b0eeb1ebcb2.svg","img.chefkoch-cdn.de"
"C:\Meine Webseiten\freebasis\www.chefkoch.de\index.html","https://www.chefkoch.de/rezepte/1687021276962431/Russische-Sommersuppe.html","www.chefkoch.de"
"C:\Meine Webseiten\freebasis\www.chefkoch.de\index.html","https://img.chefkoch-cdn.de/rezepte/1687021276962431/bilder/764086/crop-640x800/russische-sommersuppe.jpg","img.chefkoch-cdn.de"
"C:\Meine Webseiten\freebasis\www.chefkoch.de\index.html","https://img.chefkoch-cdn.de/rezepte/1687021276962431/bilder/764086/crop-240x300/russische-sommersuppe.jpg","img.chefkoch-cdn.de"
"C:\Meine Webseiten\freebasis\www.chefkoch.de\index.html","https://img.chefkoch-cdn.de/rezepte/1687021276962431/bilder/764086/crop-320x400/russische-sommersuppe.jpg","img.chefkoch-cdn.de"
"C:\Meine Webseiten\freebasis\www.chefkoch.de\index.html","https://img.chefkoch-cdn.de/rezepte/1687021276962431/bilder/764086/crop-480x600/russische-sommersuppe.jpg","img.chefkoch-cdn.de"
"C:\Meine Webseiten\freebasis\www.chefkoch.de\index.html","https://img.chefkoch-cdn.de/rezepte/1687021276962431/bilder/764086/crop-640x800/russische-sommersuppe.jpg","img.chefkoch-cdn.de"
"C:\Meine Webseiten\freebasis\www.chefkoch.de\index.html","https://www.chefkoch.de/rezepte/1469461251728268/Toeginger-Kaesepfannkuchen.html","www.chefkoch.de"
"C:\Meine Webseiten\freebasis\www.chefkoch.de\index.html","https://img.chefkoch-cdn.de/rezepte/1469461251728268/bilder/843734/crop-640x800/toeginger-kaesepfannkuchen.jpg","img.chefkoch-cdn.de"
"C:\Meine Webseiten\freebasis\www.chefkoch.de\index.html","https://img.chefkoch-cdn.de/rezepte/1469461251728268/bilder/843734/crop-240x300/toeginger-kaesepfannkuchen.jpg","img.chefkoch-cdn.de"
"C:\Meine Webseiten\freebasis\www.chefkoch.de\index.html","https://img.chefkoch-cdn.de/rezepte/1469461251728268/bilder/843734/crop-320x400/toeginger-kaesepfannkuchen.jpg","img.chefkoch-cdn.de"
"C:\Meine Webseiten\freebasis\www.chefkoch.de\index.html","https://img.chefkoch-cdn.de/rezepte/1469461251728268/bilder/843734/crop-480x600/toeginger-kaesepfannkuchen.jpg","img.chefkoch-cdn.de"
"C:\Meine Webseiten\freebasis\www.chefkoch.de\index.html","https://img.chefkoch-cdn.de/rezepte/1469461251728268/bilder/843734/crop-640x800/toeginger-kaesepfannkuchen.jpg","img.chefkoch-cdn.de"
"C:\Meine Webseiten\freebasis\www.chefkoch.de\index.html","https://www.chefkoch.de/rezepte/461681139252228/Schnelle-Pasta-mit-Karotten-Ingwer-und-Pinienkernen.html","www.chefkoch.de"
"C:\Meine Webseiten\freebasis\www.chefkoch.de\index.html","https://img.chefkoch-cdn.de/rezepte/461681139252228/bilder/698983/crop-640x800/schnelle-pasta-mit-karotten-ingwer-und-pinienkernen.jpg","img.chefkoch-cdn.de"
"C:\Meine Webseiten\freebasis\www.chefkoch.de\index.html","https://img.chefkoch-cdn.de/rezepte/461681139252228/bilder/698983/crop-240x300/schnelle-pasta-mit-karotten-ingwer-und-pinienkernen.jpg","img.chefkoch-cdn.de"
"C:\Meine Webseiten\freebasis\www.chefkoch.de\index.html","https://img.chefkoch-cdn.de/rezepte/461681139252228/bilder/698983/crop-320x400/schnelle-pasta-mit-karotten-ingwer-und-pinienkernen.jpg","img.chefkoch-cdn.de"
"C:\Meine Webseiten\freebasis\www.chefkoch.de\index.html","https://img.chefkoch-cdn.de/rezepte/461681139252228/bilder/698983/crop-480x600/schnelle-pasta-mit-karotten-ingwer-und-pinienkernen.jpg","img.chefkoch-cdn.de"
"C:\Meine Webseiten\freebasis\www.chefkoch.de\index.html","https://img.chefkoch-cdn.de/rezepte/461681139252228/bilder/698983/crop-640x800/schnelle-pasta-mit-karotten-ingwer-und-pinienkernen.jpg","img.chefkoch-cdn.de"
"C:\Meine Webseiten\freebasis\www.chefkoch.de\index.html","https://www.chefkoch.de/magazin/kategorie/68865953156104-highlights-der-redaktion","www.chefkoch.de"
"C:\Meine Webseiten\freebasis\www.chefkoch.de\index.html","https://www.chefkoch.de/magazin/artikel/151327089587967-palatschinken-einfaches-grundrezept-1","www.chefkoch.de"
"C:\Meine Webseiten\freebasis\www.chefkoch.de\index.html","https://img.chefkoch-cdn.de/images/crop-640x360/content/f/270734/1800x1012/d8e913e0ad/ck-palatschinken.jpg","img.chefkoch-cdn.de"
"C:\Meine Webseiten\freebasis\www.chefkoch.de\index.html","https://img.chefkoch-cdn.de/images/crop-320x180/content/f/270734/1800x1012/d8e913e0ad/ck-palatschinken.jpg","img.chefkoch-cdn.de"
"C:\Meine Webseiten\freebasis\www.chefkoch.de\index.html","https://img.chefkoch-cdn.de/images/crop-480x270/content/f/270734/1800x1012/d8e913e0ad/ck-palatschinken.jpg","img.chefkoch-cdn.de"
"C:\Meine Webseiten\freebasis\www.chefkoch.de\index.html","https://img.chefkoch-cdn.de/images/crop-640x360/content/f/270734/1800x1012/d8e913e0ad/ck-palatschinken.jpg","img.chefkoch-cdn.de"
"C:\Meine Webseiten\freebasis\www.chefkoch.de\index.html","https://img.chefkoch-cdn.de/images/crop-958x539/content/f/270734/1800x1012/d8e913e0ad/ck-palatschinken.jpg","img.chefkoch-cdn.de"
"C:\Meine Webseiten\freebasis\www.chefkoch.de\index.html","https://www.chefkoch.de/magazin/artikel/201220340986530-die-leckersten-pesto-rezepte-jenseits-von-pasta-1","www.chefkoch.de"
"C:\Meine Webseiten\freebasis\www.chefkoch.de\index.html","https://img.chefkoch-cdn.de/images/crop-640x360/content/f/270734/1536x864/88c2f95e5e/pesto_neue_kartoffeln_gratin_quer.jpeg","img.chefkoch-cdn.de"
"C:\Meine Webseiten\freebasis\www.chefkoch.de\index.html","https://img.chefkoch-cdn.de/images/crop-320x180/content/f/270734/1536x864/88c2f95e5e/pesto_neue_kartoffeln_gratin_quer.jpeg","img.chefkoch-cdn.de"
"C:\Meine Webseiten\freebasis\www.chefkoch.de\index.html","https://img.chefkoch-cdn.de/images/crop-480x270/content/f/270734/1536x864/88c2f95e5e/pesto_neue_kartoffeln_gratin_quer.jpeg","img.chefkoch-cdn.de"
"C:\Meine Webseiten\freebasis\www.chefkoch.de\index.html","https://img.chefkoch-cdn.de/images/crop-640x360/content/f/270734/1536x864/88c2f95e5e/pesto_neue_kartoffeln_gratin_quer.jpeg","img.chefkoch-cdn.de"
"C:\Meine Webseiten\freebasis\www.chefkoch.de\index.html","https://img.chefkoch-cdn.de/images/crop-958x539/content/f/270734/1536x864/88c2f95e5e/pesto_neue_kartoffeln_gratin_quer.jpeg","img.chefkoch-cdn.de"
"C:\Meine Webseiten\freebasis\www.chefkoch.de\index.html","https://www.chefkoch.de/magazin/artikel/203293753717500-joghurt-muffins-heidelbeeren","www.chefkoch.de"
"C:\Meine Webseiten\freebasis\www.chefkoch.de\index.html","https://img.chefkoch-cdn.de/images/crop-640x360/content/f/270734/73e2f29cdd/joghurt-muffins-heidelbeeren.jpg","img.chefkoch-cdn.de"
"C:\Meine Webseiten\freebasis\www.chefkoch.de\index.html","https://img.chefkoch-cdn.de/images/crop-320x180/content/f/270734/73e2f29cdd/joghurt-muffins-heidelbeeren.jpg","img.chefkoch-cdn.de"
"C:\Meine Webseiten\freebasis\www.chefkoch.de\index.html","https://img.chefkoch-cdn.de/images/crop-480x270/content/f/270734/73e2f29cdd/joghurt-muffins-heidelbeeren.jpg","img.chefkoch-cdn.de"
"C:\Meine Webseiten\freebasis\www.chefkoch.de\index.html","https://img.chefkoch-cdn.de/images/crop-640x360/content/f/270734/73e2f29cdd/joghurt-muffins-heidelbeeren.jpg","img.chefkoch-cdn.de"
"C:\Meine Webseiten\freebasis\www.chefkoch.de\index.html","https://img.chefkoch-cdn.de/images/crop-958x539/content/f/270734/73e2f29cdd/joghurt-muffins-heidelbeeren.jpg","img.chefkoch-cdn.de"
"C:\Meine Webseiten\freebasis\www.chefkoch.de\index.html","https://www.chefkoch.de/magazin/artikel/202591504527766-lauch-haehnchen-pasta-1","www.chefkoch.de"
"C:\Meine Webseiten\freebasis\www.chefkoch.de\index.html","https://img.chefkoch-cdn.de/images/crop-640x360/content/f/270734/272610ccd9/lauch-haehnchen-pasta.jpg","img.chefkoch-cdn.de"
"C:\Meine Webseiten\freebasis\www.chefkoch.de\index.html","https://img.chefkoch-cdn.de/images/crop-320x180/content/f/270734/272610ccd9/lauch-haehnchen-pasta.jpg","img.chefkoch-cdn.de"
"C:\Meine Webseiten\freebasis\www.chefkoch.de\index.html","https://img.chefkoch-cdn.de/images/crop-480x270/content/f/270734/272610ccd9/lauch-haehnchen-pasta.jpg","img.chefkoch-cdn.de"
"C:\Meine Webseiten\freebasis\www.chefkoch.de\index.html","https://img.chefkoch-cdn.de/images/crop-640x360/content/f/270734/272610ccd9/lauch-haehnchen-pasta.jpg","img.chefkoch-cdn.de"
"C:\Meine Webseiten\freebasis\www.chefkoch.de\index.html","https://img.chefkoch-cdn.de/images/crop-958x539/content/f/270734/272610ccd9/lauch-haehnchen-pasta.jpg","img.chefkoch-cdn.de"
"C:\Meine Webseiten\freebasis\www.chefkoch.de\index.html","https://www.chefkoch.de/magazin/artikel/148094549499794-haehnchenpfanne-mit-zucchini-und-zuckerschoten","www.chefkoch.de"
"C:\Meine Webseiten\freebasis\www.chefkoch.de\index.html","https://img.chefkoch-cdn.de/images/crop-640x360/content/f/270734/1800x1013/f27677ae8d/ck_haehnchenpfanne-mit-zucchini-und-zuckerschoten.jpg","img.chefkoch-cdn.de"
"C:\Meine Webseiten\freebasis\www.chefkoch.de\index.html","https://img.chefkoch-cdn.de/images/crop-320x180/content/f/270734/1800x1013/f27677ae8d/ck_haehnchenpfanne-mit-zucchini-und-zuckerschoten.jpg","img.chefkoch-cdn.de"
"C:\Meine Webseiten\freebasis\www.chefkoch.de\index.html","https://img.chefkoch-cdn.de/images/crop-480x270/content/f/270734/1800x1013/f27677ae8d/ck_haehnchenpfanne-mit-zucchini-und-zuckerschoten.jpg","img.chefkoch-cdn.de"
"C:\Meine Webseiten\freebasis\www.chefkoch.de\index.html","https://img.chefkoch-cdn.de/images/crop-640x360/content/f/270734/1800x1013/f27677ae8d/ck_haehnchenpfanne-mit-zucchini-und-zuckerschoten.jpg","img.chefkoch-cdn.de"
"C:\Meine Webseiten\freebasis\www.chefkoch.de\index.html","https://img.chefkoch-cdn.de/images/crop-958x539/content/f/270734/1800x1013/f27677ae8d/ck_haehnchenpfanne-mit-zucchini-und-zuckerschoten.jpg","img.chefkoch-cdn.de"
"C:\Meine Webseiten\freebasis\www.chefkoch.de\index.html","https://www.chefkoch.de/magazin/artikel/201547813096546-general-tsos-chicken-1","www.chefkoch.de"
"C:\Meine Webseiten\freebasis\www.chefkoch.de\index.html","https://img.chefkoch-cdn.de/images/crop-640x360/content/f/270734/231bcae2b3/general-tsos-chicken.jpg","img.chefkoch-cdn.de"
"C:\Meine Webseiten\freebasis\www.chefkoch.de\index.html","https://img.chefkoch-cdn.de/images/crop-320x180/content/f/270734/231bcae2b3/general-tsos-chicken.jpg","img.chefkoch-cdn.de"
"C:\Meine Webseiten\freebasis\www.chefkoch.de\index.html","https://img.chefkoch-cdn.de/images/crop-480x270/content/f/270734/231bcae2b3/general-tsos-chicken.jpg","img.chefkoch-cdn.de"
"C:\Meine Webseiten\freebasis\www.chefkoch.de\index.html","https://img.chefkoch-cdn.de/images/crop-640x360/content/f/270734/231bcae2b3/general-tsos-chicken.jpg","img.chefkoch-cdn.de"
"C:\Meine Webseiten\freebasis\www.chefkoch.de\index.html","https://img.chefkoch-cdn.de/images/crop-958x539/content/f/270734/231bcae2b3/general-tsos-chicken.jpg","img.chefkoch-cdn.de"
"C:\Meine Webseiten\freebasis\www.chefkoch.de\index.html","https://www.chefkoch.de/magazin/artikel/202977209516236-pflanzliche-lebensmittel-mit-ueberraschend-viel-protein","www.chefkoch.de"
"C:\Meine Webseiten\freebasis\www.chefkoch.de\index.html","https://img.chefkoch-cdn.de/images/crop-640x360/content/f/270734/6024x3389/e951d0a31f/sojagranulat-adobestock-marinela_1957185295.jpeg","img.chefkoch-cdn.de"
"C:\Meine Webseiten\freebasis\www.chefkoch.de\index.html","https://img.chefkoch-cdn.de/images/crop-320x180/content/f/270734/6024x3389/e951d0a31f/sojagranulat-adobestock-marinela_1957185295.jpeg","img.chefkoch-cdn.de"
"C:\Meine Webseiten\freebasis\www.chefkoch.de\index.html","https://img.chefkoch-cdn.de/images/crop-480x270/content/f/270734/6024x3389/e951d0a31f/sojagranulat-adobestock-marinela_1957185295.jpeg","img.chefkoch-cdn.de"
"C:\Meine Webseiten\freebasis\www.chefkoch.de\index.html","https://img.chefkoch-cdn.de/images/crop-640x360/content/f/270734/6024x3389/e951d0a31f/sojagranulat-adobestock-marinela_1957185295.jpeg","img.chefkoch-cdn.de"
"C:\Meine Webseiten\freebasis\www.chefkoch.de\index.html","https://img.chefkoch-cdn.de/images/crop-958x539/content/f/270734/6024x3389/e951d0a31f/sojagranulat-adobestock-marinela_1957185295.jpeg","img.chefkoch-cdn.de"
"C:\Meine Webseiten\freebasis\www.chefkoch.de\index.html","https://www.chefkoch.de/magazin/artikel/196176537892322-pasta-alla-genovese-3","www.chefkoch.de"
"C:\Meine Webseiten\freebasis\www.chefkoch.de\index.html","https://img.chefkoch-cdn.de/images/crop-640x360/content/f/270734/304b6c137e/pasta-alla-genovese.jpg","img.chefkoch-cdn.de"
"C:\Meine Webseiten\freebasis\www.chefkoch.de\index.html","https://img.chefkoch-cdn.de/images/crop-320x180/content/f/270734/304b6c137e/pasta-alla-genovese.jpg","img.chefkoch-cdn.de"
"C:\Meine Webseiten\freebasis\www.chefkoch.de\index.html","https://img.chefkoch-cdn.de/images/crop-480x270/content/f/270734/304b6c137e/pasta-alla-genovese.jpg","img.chefkoch-cdn.de"
"C:\Meine Webseiten\freebasis\www.chefkoch.de\index.html","https://img.chefkoch-cdn.de/images/crop-640x360/content/f/270734/304b6c137e/pasta-alla-genovese.jpg","img.chefkoch-cdn.de"
"C:\Meine Webseiten\freebasis\www.chefkoch.de\index.html","https://img.chefkoch-cdn.de/images/crop-958x539/content/f/270734/304b6c137e/pasta-alla-genovese.jpg","img.chefkoch-cdn.de"
"C:\Meine Webseiten\freebasis\www.chefkoch.de\index.html","https://www.chefkoch.de/magazin/artikel/196190633850443-medisterkaker-norwegische-frikadellen-3","www.chefkoch.de"
"C:\Meine Webseiten\freebasis\www.chefkoch.de\index.html","https://img.chefkoch-cdn.de/images/crop-640x360/content/f/270734/5c0d89f316/medisterkaker-norwegische-frikadellen.jpg","img.chefkoch-cdn.de"
"C:\Meine Webseiten\freebasis\www.chefkoch.de\index.html","https://img.chefkoch-cdn.de/images/crop-320x180/content/f/270734/5c0d89f316/medisterkaker-norwegische-frikadellen.jpg","img.chefkoch-cdn.de"
"C:\Meine Webseiten\freebasis\www.chefkoch.de\index.html","https://img.chefkoch-cdn.de/images/crop-480x270/content/f/270734/5c0d89f316/medisterkaker-norwegische-frikadellen.jpg","img.chefkoch-cdn.de"
"C:\Meine Webseiten\freebasis\www.chefkoch.de\index.html","https://img.chefkoch-cdn.de/images/crop-640x360/content/f/270734/5c0d89f316/medisterkaker-norwegische-frikadellen.jpg","img.chefkoch-cdn.de"
"C:\Meine Webseiten\freebasis\www.chefkoch.de\index.html","https://img.chefkoch-cdn.de/images/crop-958x539/content/f/270734/5c0d89f316/medisterkaker-norwegische-frikadellen.jpg","img.chefkoch-cdn.de"
"C:\Meine Webseiten\freebasis\www.chefkoch.de\index.html","https://www.chefkoch.de/magazin/artikel/186244654935934-blaetterteigschnecken-mit-lachs-1","www.chefkoch.de"
"C:\Meine Webseiten\freebasis\www.chefkoch.de\index.html","https://img.chefkoch-cdn.de/images/crop-640x360/content/f/270734/942d7d5733/blaetterteigschnecken-mit-lachs.jpg","img.chefkoch-cdn.de"
"C:\Meine Webseiten\freebasis\www.chefkoch.de\index.html","https://img.chefkoch-cdn.de/images/crop-320x180/content/f/270734/942d7d5733/blaetterteigschnecken-mit-lachs.jpg","img.chefkoch-cdn.de"
"C:\Meine Webseiten\freebasis\www.chefkoch.de\index.html","https://img.chefkoch-cdn.de/images/crop-480x270/content/f/270734/942d7d5733/blaetterteigschnecken-mit-lachs.jpg","img.chefkoch-cdn.de"
"C:\Meine Webseiten\freebasis\www.chefkoch.de\index.html","https://img.chefkoch-cdn.de/images/crop-640x360/content/f/270734/942d7d5733/blaetterteigschnecken-mit-lachs.jpg","img.chefkoch-cdn.de"
"C:\Meine Webseiten\freebasis\www.chefkoch.de\index.html","https://img.chefkoch-cdn.de/images/crop-958x539/content/f/270734/942d7d5733/blaetterteigschnecken-mit-lachs.jpg","img.chefkoch-cdn.de"
"C:\Meine Webseiten\freebasis\www.chefkoch.de\index.html","https://www.chefkoch.de/magazin/artikel/185209554369299-zarangollo-murciano-2","www.chefkoch.de"
"C:\Meine Webseiten\freebasis\www.chefkoch.de\index.html","https://img.chefkoch-cdn.de/images/crop-640x360/content/f/270734/7d2e1b2905/zarangollo-murciano.jpg","img.chefkoch-cdn.de"
"C:\Meine Webseiten\freebasis\www.chefkoch.de\index.html","https://img.chefkoch-cdn.de/images/crop-320x180/content/f/270734/7d2e1b2905/zarangollo-murciano.jpg","img.chefkoch-cdn.de"
"C:\Meine Webseiten\freebasis\www.chefkoch.de\index.html","https://img.chefkoch-cdn.de/images/crop-480x270/content/f/270734/7d2e1b2905/zarangollo-murciano.jpg","img.chefkoch-cdn.de"
"C:\Meine Webseiten\freebasis\www.chefkoch.de\index.html","https://img.chefkoch-cdn.de/images/crop-640x360/content/f/270734/7d2e1b2905/zarangollo-murciano.jpg","img.chefkoch-cdn.de"
"C:\Meine Webseiten\freebasis\www.chefkoch.de\index.html","https://img.chefkoch-cdn.de/images/crop-958x539/content/f/270734/7d2e1b2905/zarangollo-murciano.jpg","img.chefkoch-cdn.de"
"C:\Meine Webseiten\freebasis\www.chefkoch.de\index.html","https://www.chefkoch.de/magazin/artikel/181742070137589-insalata-di-fagioli-e-tonno-1","www.chefkoch.de"
"C:\Meine Webseiten\freebasis\www.chefkoch.de\index.html","https://img.chefkoch-cdn.de/images/crop-640x360/content/f/270734/c07405134b/insalata-di-fagioli-e-tonno.jpg","img.chefkoch-cdn.de"
"C:\Meine Webseiten\freebasis\www.chefkoch.de\index.html","https://img.chefkoch-cdn.de/images/crop-320x180/content/f/270734/c07405134b/insalata-di-fagioli-e-tonno.jpg","img.chefkoch-cdn.de"
"C:\Meine Webseiten\freebasis\www.chefkoch.de\index.html","https://img.chefkoch-cdn.de/images/crop-480x270/content/f/270734/c07405134b/insalata-di-fagioli-e-tonno.jpg","img.chefkoch-cdn.de"
"C:\Meine Webseiten\freebasis\www.chefkoch.de\index.html","https://img.chefkoch-cdn.de/images/crop-640x360/content/f/270734/c07405134b/insalata-di-fagioli-e-tonno.jpg","img.chefkoch-cdn.de"
"C:\Meine Webseiten\freebasis\www.chefkoch.de\index.html","https://img.chefkoch-cdn.de/images/crop-958x539/content/f/270734/c07405134b/insalata-di-fagioli-e-tonno.jpg","img.chefkoch-cdn.de"
"C:\Meine Webseiten\freebasis\www.chefkoch.de\index.html","https://www.chefkoch.de/magazin/artikel/82291710895776-kalte-suppen-gazpacho-co-1","www.chefkoch.de"
"C:\Meine Webseiten\freebasis\www.chefkoch.de\index.html","https://img.chefkoch-cdn.de/images/crop-640x360/content/f/270734/1200x675/3245b039f3/artikel_1542_ck0517_80tageportugal_gazpacho.jpg","img.chefkoch-cdn.de"
"C:\Meine Webseiten\freebasis\www.chefkoch.de\index.html","https://img.chefkoch-cdn.de/images/crop-320x180/content/f/270734/1200x675/3245b039f3/artikel_1542_ck0517_80tageportugal_gazpacho.jpg","img.chefkoch-cdn.de"
"C:\Meine Webseiten\freebasis\www.chefkoch.de\index.html","https://img.chefkoch-cdn.de/images/crop-480x270/content/f/270734/1200x675/3245b039f3/artikel_1542_ck0517_80tageportugal_gazpacho.jpg","img.chefkoch-cdn.de"
"C:\Meine Webseiten\freebasis\www.chefkoch.de\index.html","https://img.chefkoch-cdn.de/images/crop-640x360/content/f/270734/1200x675/3245b039f3/artikel_1542_ck0517_80tageportugal_gazpacho.jpg","img.chefkoch-cdn.de"
"C:\Meine Webseiten\freebasis\www.chefkoch.de\index.html","https://img.chefkoch-cdn.de/images/crop-958x539/content/f/270734/1200x675/3245b039f3/artikel_1542_ck0517_80tageportugal_gazpacho.jpg","img.chefkoch-cdn.de"
"C:\Meine Webseiten\freebasis\www.chefkoch.de\index.html","https://www.chefkoch.de/magazin/artikel/689901770-gesunde-snacks-fuer-kinder","www.chefkoch.de"
"C:\Meine Webseiten\freebasis\www.chefkoch.de\index.html","https://img.chefkoch-cdn.de/images/crop-640x360/content/f/270734/1200x675/e3aa0cd5b3/artikel_2650_ck0816_fundstueck_gurkenbahn_01.jpg","img.chefkoch-cdn.de"
"C:\Meine Webseiten\freebasis\www.chefkoch.de\index.html","https://img.chefkoch-cdn.de/images/crop-320x180/content/f/270734/1200x675/e3aa0cd5b3/artikel_2650_ck0816_fundstueck_gurkenbahn_01.jpg","img.chefkoch-cdn.de"
"C:\Meine Webseiten\freebasis\www.chefkoch.de\index.html","https://img.chefkoch-cdn.de/images/crop-480x270/content/f/270734/1200x675/e3aa0cd5b3/artikel_2650_ck0816_fundstueck_gurkenbahn_01.jpg","img.chefkoch-cdn.de"
"C:\Meine Webseiten\freebasis\www.chefkoch.de\index.html","https://img.chefkoch-cdn.de/images/crop-640x360/content/f/270734/1200x675/e3aa0cd5b3/artikel_2650_ck0816_fundstueck_gurkenbahn_01.jpg","img.chefkoch-cdn.de"
"C:\Meine Webseiten\freebasis\www.chefkoch.de\index.html","https://img.chefkoch-cdn.de/images/crop-958x539/content/f/270734/1200x675/e3aa0cd5b3/artikel_2650_ck0816_fundstueck_gurkenbahn_01.jpg","img.chefkoch-cdn.de"
"C:\Meine Webseiten\freebasis\www.chefkoch.de\index.html","https://www.chefkoch.de/magazin/artikel/642619426-pommes-selber-machen-mit-ofen-topf-fritteuse-1","www.chefkoch.de"
"C:\Meine Webseiten\freebasis\www.chefkoch.de\index.html","https://img.chefkoch-cdn.de/images/crop-640x360/content/f/270734/1200x675/2b5d0eeb28/susskartoffelpommes.jpg","img.chefkoch-cdn.de"
"C:\Meine Webseiten\freebasis\www.chefkoch.de\index.html","https://img.chefkoch-cdn.de/images/crop-320x180/content/f/270734/1200x675/2b5d0eeb28/susskartoffelpommes.jpg","img.chefkoch-cdn.de"
"C:\Meine Webseiten\freebasis\www.chefkoch.de\index.html","https://img.chefkoch-cdn.de/images/crop-480x270/content/f/270734/1200x675/2b5d0eeb28/susskartoffelpommes.jpg","img.chefkoch-cdn.de"
"C:\Meine Webseiten\freebasis\www.chefkoch.de\index.html","https://img.chefkoch-cdn.de/images/crop-640x360/content/f/270734/1200x675/2b5d0eeb28/susskartoffelpommes.jpg","img.chefkoch-cdn.de"
"C:\Meine Webseiten\freebasis\www.chefkoch.de\index.html","https://img.chefkoch-cdn.de/images/crop-958x539/content/f/270734/1200x675/2b5d0eeb28/susskartoffelpommes.jpg","img.chefkoch-cdn.de"
"C:\Meine Webseiten\freebasis\www.chefkoch.de\index.html","https://www.chefkoch.de/magazin/artikel/61712948217921-afrikanisches-haehnchen-mit-reis","www.chefkoch.de"
"C:\Meine Webseiten\freebasis\www.chefkoch.de\index.html","https://img.chefkoch-cdn.de/images/crop-640x360/content/f/270734/1200x675/585ca1b103/afrikanisches-hahnchen-mit-reis.jpg","img.chefkoch-cdn.de"
"C:\Meine Webseiten\freebasis\www.chefkoch.de\index.html","https://img.chefkoch-cdn.de/images/crop-320x180/content/f/270734/1200x675/585ca1b103/afrikanisches-hahnchen-mit-reis.jpg","img.chefkoch-cdn.de"
"C:\Meine Webseiten\freebasis\www.chefkoch.de\index.html","https://img.chefkoch-cdn.de/images/crop-480x270/content/f/270734/1200x675/585ca1b103/afrikanisches-hahnchen-mit-reis.jpg","img.chefkoch-cdn.de"
"C:\Meine Webseiten\freebasis\www.chefkoch.de\index.html","https://img.chefkoch-cdn.de/images/crop-640x360/content/f/270734/1200x675/585ca1b103/afrikanisches-hahnchen-mit-reis.jpg","img.chefkoch-cdn.de"
"C:\Meine Webseiten\freebasis\www.chefkoch.de\index.html","https://img.chefkoch-cdn.de/images/crop-958x539/content/f/270734/1200x675/585ca1b103/afrikanisches-hahnchen-mit-reis.jpg","img.chefkoch-cdn.de"
"C:\Meine Webseiten\freebasis\www.chefkoch.de\index.html","https://www.chefkoch.de/magazin/kategorie/612938993-alltagskueche","www.chefkoch.de"
"C:\Meine Webseiten\freebasis\www.chefkoch.de\index.html","https://img.chefkoch-cdn.de/content/illu/kategorie/612938993/entry/562e11933bae03fea511c01df9f910b4.svg","img.chefkoch-cdn.de"
"C:\Meine Webseiten\freebasis\www.chefkoch.de\index.html","https://www.chefkoch.de/magazin/kategorie/612951341-saisonkueche","www.chefkoch.de"
"C:\Meine Webseiten\freebasis\www.chefkoch.de\index.html","https://img.chefkoch-cdn.de/content/illu/kategorie/612951341/entry/87be725a0e28fe79e0cde9f3c671f198.svg","img.chefkoch-cdn.de"
"C:\Meine Webseiten\freebasis\www.chefkoch.de\index.html","https://www.chefkoch.de/magazin/kategorie/612957051-vegetarisch-und-vegan","www.chefkoch.de"
"C:\Meine Webseiten\freebasis\www.chefkoch.de\index.html","https://img.chefkoch-cdn.de/content/illu/kategorie/612957051/entry/ca74a971ee17410439f81c9efc5efe31.svg","img.chefkoch-cdn.de"
"C:\Meine Webseiten\freebasis\www.chefkoch.de\index.html","https://www.chefkoch.de/magazin/kategorie/612949438-internationale-kueche","www.chefkoch.de"
"C:\Meine Webseiten\freebasis\www.chefkoch.de\index.html","https://img.chefkoch-cdn.de/content/illu/kategorie/612949438/entry/88b5436aaed31223cb4d0d3017096733.svg","img.chefkoch-cdn.de"
"C:\Meine Webseiten\freebasis\www.chefkoch.de\index.html","https://www.chefkoch.de/magazin/kategorie/612938991-backen","www.chefkoch.de"
"C:\Meine Webseiten\freebasis\www.chefkoch.de\index.html","https://img.chefkoch-cdn.de/content/illu/kategorie/612938991/entry/efe89d923e737e6e6f5d625a6363cb02.svg","img.chefkoch-cdn.de"
"C:\Meine Webseiten\freebasis\www.chefkoch.de\index.html","https://www.chefkoch.de/magazin/kategorie/612955611-ernaehrung","www.chefkoch.de"
"C:\Meine Webseiten\freebasis\www.chefkoch.de\index.html","https://img.chefkoch-cdn.de/content/illu/kategorie/612955611/entry/1bbc91318ed7cd846e4d6ef18d3ac4e1.svg","img.chefkoch-cdn.de"
"C:\Meine Webseiten\freebasis\www.chefkoch.de\index.html","https://www.chefkoch.de/magazin/kategorie/612956235-outdoor-grillen-kueche","www.chefkoch.de"
"C:\Meine Webseiten\freebasis\www.chefkoch.de\index.html","https://img.chefkoch-cdn.de/content/illu/kategorie/612956235/entry/297fec4c515e4072c52ca3a1a69ade18.svg","img.chefkoch-cdn.de"
"C:\Meine Webseiten\freebasis\www.chefkoch.de\index.html","https://www.chefkoch.de/magazin/kategorie/528517922-das-perfekte-dinner","www.chefkoch.de"
"C:\Meine Webseiten\freebasis\www.chefkoch.de\index.html","https://img.chefkoch-cdn.de/content/illu/kategorie/528517922/entry/277651f2e66a088197bc829a4ddcfae1.svg","img.chefkoch-cdn.de"
"C:\Meine Webseiten\freebasis\www.chefkoch.de\index.html","https://www.chefkoch.de/magazin/kategorie/612957128-kochvideos","www.chefkoch.de"
"C:\Meine Webseiten\freebasis\www.chefkoch.de\index.html","https://img.chefkoch-cdn.de/content/illu/kategorie/612957128/entry/124c4141d48e143f9cbe1675088418f1.svg","img.chefkoch-cdn.de"
"C:\Meine Webseiten\freebasis\www.chefkoch.de\index.html","https://www.chefkoch.de/magazin/inspiration/chefkoch-trifft-fackelmann","www.chefkoch.de"
"C:\Meine Webseiten\freebasis\www.chefkoch.de\index.html","https://img.chefkoch-cdn.de/images/crop-640x360/content/f/270734/1200x675/b249649cce/chefkoch-trifft-fackelmann-header.jpg","img.chefkoch-cdn.de"
"C:\Meine Webseiten\freebasis\www.chefkoch.de\index.html","https://img.chefkoch-cdn.de/images/crop-320x180/content/f/270734/1200x675/b249649cce/chefkoch-trifft-fackelmann-header.jpg","img.chefkoch-cdn.de"
"C:\Meine Webseiten\freebasis\www.chefkoch.de\index.html","https://img.chefkoch-cdn.de/images/crop-480x270/content/f/270734/1200x675/b249649cce/chefkoch-trifft-fackelmann-header.jpg","img.chefkoch-cdn.de"
"C:\Meine Webseiten\freebasis\www.chefkoch.de\index.html","https://img.chefkoch-cdn.de/images/crop-640x360/content/f/270734/1200x675/b249649cce/chefkoch-trifft-fackelmann-header.jpg","img.chefkoch-cdn.de"
"C:\Meine Webseiten\freebasis\www.chefkoch.de\index.html","https://img.chefkoch-cdn.de/images/crop-958x539/content/f/270734/1200x675/b249649cce/chefkoch-trifft-fackelmann-header.jpg","img.chefkoch-cdn.de"
"C:\Meine Webseiten\freebasis\www.chefkoch.de\index.html","https://www.chefkoch.de/magazin/kategorie/528517922-das-perfekte-dinner","www.chefkoch.de"
"C:\Meine Webseiten\freebasis\www.chefkoch.de\index.html","https://img.chefkoch-cdn.de/images/crop-640x360/content/f/270734/1920x1080/6af5a815e9/dasperfektedinner.jpg","img.chefkoch-cdn.de"
"C:\Meine Webseiten\freebasis\www.chefkoch.de\index.html","https://img.chefkoch-cdn.de/images/crop-320x180/content/f/270734/1920x1080/6af5a815e9/dasperfektedinner.jpg","img.chefkoch-cdn.de"
"C:\Meine Webseiten\freebasis\www.chefkoch.de\index.html","https://img.chefkoch-cdn.de/images/crop-480x270/content/f/270734/1920x1080/6af5a815e9/dasperfektedinner.jpg","img.chefkoch-cdn.de"
"C:\Meine Webseiten\freebasis\www.chefkoch.de\index.html","https://img.chefkoch-cdn.de/images/crop-640x360/content/f/270734/1920x1080/6af5a815e9/dasperfektedinner.jpg","img.chefkoch-cdn.de"
"C:\Meine Webseiten\freebasis\www.chefkoch.de\index.html","https://img.chefkoch-cdn.de/images/crop-958x539/content/f/270734/1920x1080/6af5a815e9/dasperfektedinner.jpg","img.chefkoch-cdn.de"
"C:\Meine Webseiten\freebasis\www.chefkoch.de\index.html","https://www.chefkoch.de/magazin/inspiration/essen-waehrend-und-nach-einer-krebserkrankung","www.chefkoch.de"
"C:\Meine Webseiten\freebasis\www.chefkoch.de\index.html","https://img.chefkoch-cdn.de/images/crop-640x360/content/f/270734/1200x675/7859e23d1f/essen-wahrend-und-nach-einer-krebserkrankung.jpg","img.chefkoch-cdn.de"
"C:\Meine Webseiten\freebasis\www.chefkoch.de\index.html","https://img.chefkoch-cdn.de/images/crop-320x180/content/f/270734/1200x675/7859e23d1f/essen-wahrend-und-nach-einer-krebserkrankung.jpg","img.chefkoch-cdn.de"
"C:\Meine Webseiten\freebasis\www.chefkoch.de\index.html","https://img.chefkoch-cdn.de/images/crop-480x270/content/f/270734/1200x675/7859e23d1f/essen-wahrend-und-nach-einer-krebserkrankung.jpg","img.chefkoch-cdn.de"
"C:\Meine Webseiten\freebasis\www.chefkoch.de\index.html","https://img.chefkoch-cdn.de/images/crop-640x360/content/f/270734/1200x675/7859e23d1f/essen-wahrend-und-nach-einer-krebserkrankung.jpg","img.chefkoch-cdn.de"
"C:\Meine Webseiten\freebasis\www.chefkoch.de\index.html","https://img.chefkoch-cdn.de/images/crop-958x539/content/f/270734/1200x675/7859e23d1f/essen-wahrend-und-nach-einer-krebserkrankung.jpg","img.chefkoch-cdn.de"
"C:\Meine Webseiten\freebasis\www.chefkoch.de\index.html","https://www.chefkoch.de/magazin/inspiration/grillen-themenwelt","www.chefkoch.de"
"C:\Meine Webseiten\freebasis\www.chefkoch.de\index.html","https://img.chefkoch-cdn.de/images/crop-640x360/content/f/270734/1200x675/bca686d0ec/themenwelt-grillen.jpg","img.chefkoch-cdn.de"
"C:\Meine Webseiten\freebasis\www.chefkoch.de\index.html","https://img.chefkoch-cdn.de/images/crop-320x180/content/f/270734/1200x675/bca686d0ec/themenwelt-grillen.jpg","img.chefkoch-cdn.de"
"C:\Meine Webseiten\freebasis\www.chefkoch.de\index.html","https://img.chefkoch-cdn.de/images/crop-480x270/content/f/270734/1200x675/bca686d0ec/themenwelt-grillen.jpg","img.chefkoch-cdn.de"
"C:\Meine Webseiten\freebasis\www.chefkoch.de\index.html","https://img.chefkoch-cdn.de/images/crop-640x360/content/f/270734/1200x675/bca686d0ec/themenwelt-grillen.jpg","img.chefkoch-cdn.de"
"C:\Meine Webseiten\freebasis\www.chefkoch.de\index.html","https://img.chefkoch-cdn.de/images/crop-958x539/content/f/270734/1200x675/bca686d0ec/themenwelt-grillen.jpg","img.chefkoch-cdn.de"
"C:\Meine Webseiten\freebasis\www.chefkoch.de\index.html","https://www.chefkoch.de/magazin/inspiration/gesunde-ernaehrung","www.chefkoch.de"
"C:\Meine Webseiten\freebasis\www.chefkoch.de\index.html","https://img.chefkoch-cdn.de/images/crop-640x360/content/f/270734/1500x2100/25698fcbc5/onmeda-hoch.jpg","img.chefkoch-cdn.de"
"C:\Meine Webseiten\freebasis\www.chefkoch.de\index.html","https://img.chefkoch-cdn.de/images/crop-320x180/content/f/270734/1500x2100/25698fcbc5/onmeda-hoch.jpg","img.chefkoch-cdn.de"
"C:\Meine Webseiten\freebasis\www.chefkoch.de\index.html","https://img.chefkoch-cdn.de/images/crop-480x270/content/f/270734/1500x2100/25698fcbc5/onmeda-hoch.jpg","img.chefkoch-cdn.de"
"C:\Meine Webseiten\freebasis\www.chefkoch.de\index.html","https://img.chefkoch-cdn.de/images/crop-640x360/content/f/270734/1500x2100/25698fcbc5/onmeda-hoch.jpg","img.chefkoch-cdn.de"
"C:\Meine Webseiten\freebasis\www.chefkoch.de\index.html","https://img.chefkoch-cdn.de/images/crop-958x539/content/f/270734/1500x2100/25698fcbc5/onmeda-hoch.jpg","img.chefkoch-cdn.de"
"C:\Meine Webseiten\freebasis\www.chefkoch.de\index.html","https://www.chefkoch.de/magazin/inspiration/high-protein-themenwelt","www.chefkoch.de"
"C:\Meine Webseiten\freebasis\www.chefkoch.de\index.html","https://img.chefkoch-cdn.de/images/crop-640x360/content/f/270734/1200x675/b56e9f1263/gebratene-asia-nudeln-mit-hahnchen-high-protein.jpg","img.chefkoch-cdn.de"
"C:\Meine Webseiten\freebasis\www.chefkoch.de\index.html","https://img.chefkoch-cdn.de/images/crop-320x180/content/f/270734/1200x675/b56e9f1263/gebratene-asia-nudeln-mit-hahnchen-high-protein.jpg","img.chefkoch-cdn.de"
"C:\Meine Webseiten\freebasis\www.chefkoch.de\index.html","https://img.chefkoch-cdn.de/images/crop-480x270/content/f/270734/1200x675/b56e9f1263/gebratene-asia-nudeln-mit-hahnchen-high-protein.jpg","img.chefkoch-cdn.de"
"C:\Meine Webseiten\freebasis\www.chefkoch.de\index.html","https://img.chefkoch-cdn.de/images/crop-640x360/content/f/270734/1200x675/b56e9f1263/gebratene-asia-nudeln-mit-hahnchen-high-protein.jpg","img.chefkoch-cdn.de"
"C:\Meine Webseiten\freebasis\www.chefkoch.de\index.html","https://img.chefkoch-cdn.de/images/crop-958x539/content/f/270734/1200x675/b56e9f1263/gebratene-asia-nudeln-mit-hahnchen-high-protein.jpg","img.chefkoch-cdn.de"
"C:\Meine Webseiten\freebasis\www.chefkoch.de\index.html","https://www.chefkoch.de/magazin/inspiration/heissluftfritteuse","www.chefkoch.de"
"C:\Meine Webseiten\freebasis\www.chefkoch.de\index.html","https://img.chefkoch-cdn.de/images/crop-640x360/content/f/270734/1200x675/5901a7263c/gefullte-paprika-aus-der-heissluftfritteuse.jpg","img.chefkoch-cdn.de"
"C:\Meine Webseiten\freebasis\www.chefkoch.de\index.html","https://img.chefkoch-cdn.de/images/crop-320x180/content/f/270734/1200x675/5901a7263c/gefullte-paprika-aus-der-heissluftfritteuse.jpg","img.chefkoch-cdn.de"
"C:\Meine Webseiten\freebasis\www.chefkoch.de\index.html","https://img.chefkoch-cdn.de/images/crop-480x270/content/f/270734/1200x675/5901a7263c/gefullte-paprika-aus-der-heissluftfritteuse.jpg","img.chefkoch-cdn.de"
"C:\Meine Webseiten\freebasis\www.chefkoch.de\index.html","https://img.chefkoch-cdn.de/images/crop-640x360/content/f/270734/1200x675/5901a7263c/gefullte-paprika-aus-der-heissluftfritteuse.jpg","img.chefkoch-cdn.de"
"C:\Meine Webseiten\freebasis\www.chefkoch.de\index.html","https://img.chefkoch-cdn.de/images/crop-958x539/content/f/270734/1200x675/5901a7263c/gefullte-paprika-aus-der-heissluftfritteuse.jpg","img.chefkoch-cdn.de"
"C:\Meine Webseiten\freebasis\www.chefkoch.de\index.html","https://www.chefkoch.de/magazin/inspiration/nachhaltigkeit-mit-chefkoch","www.chefkoch.de"
"C:\Meine Webseiten\freebasis\www.chefkoch.de\index.html","https://img.chefkoch-cdn.de/images/crop-640x360/content/f/270734/3200x1800/8d48a655cc/nachhaltigkeit-header.jpg","img.chefkoch-cdn.de"
"C:\Meine Webseiten\freebasis\www.chefkoch.de\index.html","https://img.chefkoch-cdn.de/images/crop-320x180/content/f/270734/3200x1800/8d48a655cc/nachhaltigkeit-header.jpg","img.chefkoch-cdn.de"
"C:\Meine Webseiten\freebasis\www.chefkoch.de\index.html","https://img.chefkoch-cdn.de/images/crop-480x270/content/f/270734/3200x1800/8d48a655cc/nachhaltigkeit-header.jpg","img.chefkoch-cdn.de"
"C:\Meine Webseiten\freebasis\www.chefkoch.de\index.html","https://img.chefkoch-cdn.de/images/crop-640x360/content/f/270734/3200x1800/8d48a655cc/nachhaltigkeit-header.jpg","img.chefkoch-cdn.de"
"C:\Meine Webseiten\freebasis\www.chefkoch.de\index.html","https://img.chefkoch-cdn.de/images/crop-958x539/content/f/270734/3200x1800/8d48a655cc/nachhaltigkeit-header.jpg","img.chefkoch-cdn.de"
"C:\Meine Webseiten\freebasis\www.chefkoch.de\index.html","https://www.chefkoch.de/rezeptsammlungen/s/ob4o0fteditorial/","www.chefkoch.de"
"C:\Meine Webseiten\freebasis\www.chefkoch.de\index.html","https://www.chefkoch.de/rezeptsammlung/top-gespeicherte-rezepte-von-gestern/Top-Rezepte-von-gestern.html","www.chefkoch.de"
"C:\Meine Webseiten\freebasis\www.chefkoch.de\index.html","https://img.chefkoch-cdn.de/rezepte/1483551253606442/bilder/949213/crop-640x360/bratwurst-mit-oliven-und-rosmarin.jpg","img.chefkoch-cdn.de"
"C:\Meine Webseiten\freebasis\www.chefkoch.de\index.html","https://img.chefkoch-cdn.de/rezepte/1483551253606442/bilder/949213/crop-320x180/bratwurst-mit-oliven-und-rosmarin.jpg","img.chefkoch-cdn.de"
"C:\Meine Webseiten\freebasis\www.chefkoch.de\index.html","https://img.chefkoch-cdn.de/rezepte/1483551253606442/bilder/949213/crop-480x270/bratwurst-mit-oliven-und-rosmarin.jpg","img.chefkoch-cdn.de"
"C:\Meine Webseiten\freebasis\www.chefkoch.de\index.html","https://img.chefkoch-cdn.de/rezepte/1483551253606442/bilder/949213/crop-640x360/bratwurst-mit-oliven-und-rosmarin.jpg","img.chefkoch-cdn.de"
"C:\Meine Webseiten\freebasis\www.chefkoch.de\index.html","https://img.chefkoch-cdn.de/rezepte/1483551253606442/bilder/949213/crop-958x539/bratwurst-mit-oliven-und-rosmarin.jpg","img.chefkoch-cdn.de"
"C:\Meine Webseiten\freebasis\www.chefkoch.de\index.html","https://img.chefkoch-cdn.de/images/crop-60x60/ck.de/user/1ad6e3beb9afcc674847dc517be8840f.jpg","img.chefkoch-cdn.de"
"C:\Meine Webseiten\freebasis\www.chefkoch.de\index.html","https://www.chefkoch.de/rezeptsammlung/197649430785895/Sommerkueche-fuer-jeden-Tag.html","www.chefkoch.de"
"C:\Meine Webseiten\freebasis\www.chefkoch.de\index.html","https://img.chefkoch-cdn.de/rezepte/226491093168336/bilder/1617147/crop-640x360/gefuellte-paprika-nach-uroma-susanne.jpg","img.chefkoch-cdn.de"
"C:\Meine Webseiten\freebasis\www.chefkoch.de\index.html","https://img.chefkoch-cdn.de/rezepte/226491093168336/bilder/1617147/crop-320x180/gefuellte-paprika-nach-uroma-susanne.jpg","img.chefkoch-cdn.de"
"C:\Meine Webseiten\freebasis\www.chefkoch.de\index.html","https://img.chefkoch-cdn.de/rezepte/226491093168336/bilder/1617147/crop-480x270/gefuellte-paprika-nach-uroma-susanne.jpg","img.chefkoch-cdn.de"
"C:\Meine Webseiten\freebasis\www.chefkoch.de\index.html","https://img.chefkoch-cdn.de/rezepte/226491093168336/bilder/1617147/crop-640x360/gefuellte-paprika-nach-uroma-susanne.jpg","img.chefkoch-cdn.de"
"C:\Meine Webseiten\freebasis\www.chefkoch.de\index.html","https://img.chefkoch-cdn.de/rezepte/226491093168336/bilder/1617147/crop-958x539/gefuellte-paprika-nach-uroma-susanne.jpg","img.chefkoch-cdn.de"
"C:\Meine Webseiten\freebasis\www.chefkoch.de\index.html","https://img.chefkoch-cdn.de/images/crop-60x60/ck.de/user/8e6f4b74ff86e3cb81bdc3e1894ca402.jpg","img.chefkoch-cdn.de"
"C:\Meine Webseiten\freebasis\www.chefkoch.de\index.html","https://www.chefkoch.de/rezeptsammlung/198361591226935/Jetzt-ist-Pflaumen-und-Zwetschgenzeit.html","www.chefkoch.de"
"C:\Meine Webseiten\freebasis\www.chefkoch.de\index.html","https://img.chefkoch-cdn.de/rezepte/1946651316763588/bilder/1601187/crop-640x360/zwetschgenkuchen-mit-mohnquark-und-butterstreuseln.jpg","img.chefkoch-cdn.de"
"C:\Meine Webseiten\freebasis\www.chefkoch.de\index.html","https://img.chefkoch-cdn.de/rezepte/1946651316763588/bilder/1601187/crop-320x180/zwetschgenkuchen-mit-mohnquark-und-butterstreuseln.jpg","img.chefkoch-cdn.de"
"C:\Meine Webseiten\freebasis\www.chefkoch.de\index.html","https://img.chefkoch-cdn.de/rezepte/1946651316763588/bilder/1601187/crop-480x270/zwetschgenkuchen-mit-mohnquark-und-butterstreuseln.jpg","img.chefkoch-cdn.de"
"C:\Meine Webseiten\freebasis\www.chefkoch.de\index.html","https://img.chefkoch-cdn.de/rezepte/1946651316763588/bilder/1601187/crop-640x360/zwetschgenkuchen-mit-mohnquark-und-butterstreuseln.jpg","img.chefkoch-cdn.de"
"C:\Meine Webseiten\freebasis\www.chefkoch.de\index.html","https://img.chefkoch-cdn.de/rezepte/1946651316763588/bilder/1601187/crop-958x539/zwetschgenkuchen-mit-mohnquark-und-butterstreuseln.jpg","img.chefkoch-cdn.de"
"C:\Meine Webseiten\freebasis\www.chefkoch.de\index.html","https://img.chefkoch-cdn.de/images/crop-60x60/ck.de/user/8e6f4b74ff86e3cb81bdc3e1894ca402.jpg","img.chefkoch-cdn.de"
"C:\Meine Webseiten\freebasis\www.chefkoch.de\index.html","https://www.chefkoch.de/rezeptsammlung/196577740000315/Loeffelweise-Leichtigkeit.html","www.chefkoch.de"
"C:\Meine Webseiten\freebasis\www.chefkoch.de\index.html","https://img.chefkoch-cdn.de/rezepte/1024571207639309/bilder/1471707/crop-640x360/schnippelbohnen-suppe.jpg","img.chefkoch-cdn.de"
"C:\Meine Webseiten\freebasis\www.chefkoch.de\index.html","https://img.chefkoch-cdn.de/rezepte/1024571207639309/bilder/1471707/crop-320x180/schnippelbohnen-suppe.jpg","img.chefkoch-cdn.de"
"C:\Meine Webseiten\freebasis\www.chefkoch.de\index.html","https://img.chefkoch-cdn.de/rezepte/1024571207639309/bilder/1471707/crop-480x270/schnippelbohnen-suppe.jpg","img.chefkoch-cdn.de"
"C:\Meine Webseiten\freebasis\www.chefkoch.de\index.html","https://img.chefkoch-cdn.de/rezepte/1024571207639309/bilder/1471707/crop-640x360/schnippelbohnen-suppe.jpg","img.chefkoch-cdn.de"
"C:\Meine Webseiten\freebasis\www.chefkoch.de\index.html","https://img.chefkoch-cdn.de/rezepte/1024571207639309/bilder/1471707/crop-958x539/schnippelbohnen-suppe.jpg","img.chefkoch-cdn.de"
"C:\Meine Webseiten\freebasis\www.chefkoch.de\index.html","https://img.chefkoch-cdn.de/images/crop-60x60/ck.de/user/8e6f4b74ff86e3cb81bdc3e1894ca402.jpg","img.chefkoch-cdn.de"
"C:\Meine Webseiten\freebasis\www.chefkoch.de\index.html","https://www.chefkoch.de/rezeptsammlung/196552253689749/Suesse-Gruesse-aus-Italien.html","www.chefkoch.de"
"C:\Meine Webseiten\freebasis\www.chefkoch.de\index.html","https://img.chefkoch-cdn.de/rezepte/4236391688379293/bilder/1515223/crop-640x360/aperol-spritz-gelee-mit-zabaione.jpg","img.chefkoch-cdn.de"
"C:\Meine Webseiten\freebasis\www.chefkoch.de\index.html","https://img.chefkoch-cdn.de/rezepte/4236391688379293/bilder/1515223/crop-320x180/aperol-spritz-gelee-mit-zabaione.jpg","img.chefkoch-cdn.de"
"C:\Meine Webseiten\freebasis\www.chefkoch.de\index.html","https://img.chefkoch-cdn.de/rezepte/4236391688379293/bilder/1515223/crop-480x270/aperol-spritz-gelee-mit-zabaione.jpg","img.chefkoch-cdn.de"
"C:\Meine Webseiten\freebasis\www.chefkoch.de\index.html","https://img.chefkoch-cdn.de/rezepte/4236391688379293/bilder/1515223/crop-640x360/aperol-spritz-gelee-mit-zabaione.jpg","img.chefkoch-cdn.de"
"C:\Meine Webseiten\freebasis\www.chefkoch.de\index.html","https://img.chefkoch-cdn.de/rezepte/4236391688379293/bilder/1515223/crop-958x539/aperol-spritz-gelee-mit-zabaione.jpg","img.chefkoch-cdn.de"
"C:\Meine Webseiten\freebasis\www.chefkoch.de\index.html","https://img.chefkoch-cdn.de/images/crop-60x60/ck.de/user/8e6f4b74ff86e3cb81bdc3e1894ca402.jpg","img.chefkoch-cdn.de"
"C:\Meine Webseiten\freebasis\www.chefkoch.de\index.html","https://www.chefkoch.de/rezeptsammlung/190598847358272/Meal-Prep-Rezepte-fuer-Baukasten-Koeche.html","www.chefkoch.de"
"C:\Meine Webseiten\freebasis\www.chefkoch.de\index.html","https://img.chefkoch-cdn.de/rezepte/1894371308556487/bilder/1623119/crop-640x360/leckeres-salatdressing-fuer-alle-blattsalate.jpg","img.chefkoch-cdn.de"
"C:\Meine Webseiten\freebasis\www.chefkoch.de\index.html","https://img.chefkoch-cdn.de/rezepte/1894371308556487/bilder/1623119/crop-320x180/leckeres-salatdressing-fuer-alle-blattsalate.jpg","img.chefkoch-cdn.de"
"C:\Meine Webseiten\freebasis\www.chefkoch.de\index.html","https://img.chefkoch-cdn.de/rezepte/1894371308556487/bilder/1623119/crop-480x270/leckeres-salatdressing-fuer-alle-blattsalate.jpg","img.chefkoch-cdn.de"
"C:\Meine Webseiten\freebasis\www.chefkoch.de\index.html","https://img.chefkoch-cdn.de/rezepte/1894371308556487/bilder/1623119/crop-640x360/leckeres-salatdressing-fuer-alle-blattsalate.jpg","img.chefkoch-cdn.de"
"C:\Meine Webseiten\freebasis\www.chefkoch.de\index.html","https://img.chefkoch-cdn.de/rezepte/1894371308556487/bilder/1623119/crop-958x539/leckeres-salatdressing-fuer-alle-blattsalate.jpg","img.chefkoch-cdn.de"
"C:\Meine Webseiten\freebasis\www.chefkoch.de\index.html","https://img.chefkoch-cdn.de/images/crop-60x60/ck.de/user/ef02f3c3aab158ea819fddb94a807b84.jpg","img.chefkoch-cdn.de"
"C:\Meine Webseiten\freebasis\www.chefkoch.de\index.html","https://www.chefkoch.de/rezeptsammlung/195156541113992/Reisgenuss.html","www.chefkoch.de"
"C:\Meine Webseiten\freebasis\www.chefkoch.de\index.html","https://img.chefkoch-cdn.de/rezepte/2098971338724118/bilder/1395454/crop-640x360/brasilianisches-huehnchen-mit-kokosmilch-und-mango.jpg","img.chefkoch-cdn.de"
"C:\Meine Webseiten\freebasis\www.chefkoch.de\index.html","https://img.chefkoch-cdn.de/rezepte/2098971338724118/bilder/1395454/crop-320x180/brasilianisches-huehnchen-mit-kokosmilch-und-mango.jpg","img.chefkoch-cdn.de"
"C:\Meine Webseiten\freebasis\www.chefkoch.de\index.html","https://img.chefkoch-cdn.de/rezepte/2098971338724118/bilder/1395454/crop-480x270/brasilianisches-huehnchen-mit-kokosmilch-und-mango.jpg","img.chefkoch-cdn.de"
"C:\Meine Webseiten\freebasis\www.chefkoch.de\index.html","https://img.chefkoch-cdn.de/rezepte/2098971338724118/bilder/1395454/crop-640x360/brasilianisches-huehnchen-mit-kokosmilch-und-mango.jpg","img.chefkoch-cdn.de"
"C:\Meine Webseiten\freebasis\www.chefkoch.de\index.html","https://img.chefkoch-cdn.de/rezepte/2098971338724118/bilder/1395454/crop-958x539/brasilianisches-huehnchen-mit-kokosmilch-und-mango.jpg","img.chefkoch-cdn.de"
"C:\Meine Webseiten\freebasis\www.chefkoch.de\index.html","https://img.chefkoch-cdn.de/images/crop-60x60/ck.de/user/8e6f4b74ff86e3cb81bdc3e1894ca402.jpg","img.chefkoch-cdn.de"
"C:\Meine Webseiten\freebasis\www.chefkoch.de\index.html","https://www.chefkoch.de/rezeptsammlung/196523176879870/Sommerhaeppchen-aus-dem-Ofen.html","www.chefkoch.de"
"C:\Meine Webseiten\freebasis\www.chefkoch.de\index.html","https://img.chefkoch-cdn.de/rezepte/1783061288335300/bilder/949216/crop-640x360/wiener-im-brezenteig.jpg","img.chefkoch-cdn.de"
"C:\Meine Webseiten\freebasis\www.chefkoch.de\index.html","https://img.chefkoch-cdn.de/rezepte/1783061288335300/bilder/949216/crop-320x180/wiener-im-brezenteig.jpg","img.chefkoch-cdn.de"
"C:\Meine Webseiten\freebasis\www.chefkoch.de\index.html","https://img.chefkoch-cdn.de/rezepte/1783061288335300/bilder/949216/crop-480x270/wiener-im-brezenteig.jpg","img.chefkoch-cdn.de"
"C:\Meine Webseiten\freebasis\www.chefkoch.de\index.html","https://img.chefkoch-cdn.de/rezepte/1783061288335300/bilder/949216/crop-640x360/wiener-im-brezenteig.jpg","img.chefkoch-cdn.de"
"C:\Meine Webseiten\freebasis\www.chefkoch.de\index.html","https://img.chefkoch-cdn.de/rezepte/1783061288335300/bilder/949216/crop-958x539/wiener-im-brezenteig.jpg","img.chefkoch-cdn.de"
"C:\Meine Webseiten\freebasis\www.chefkoch.de\index.html","https://img.chefkoch-cdn.de/images/crop-60x60/ck.de/user/8e6f4b74ff86e3cb81bdc3e1894ca402.jpg","img.chefkoch-cdn.de"
"C:\Meine Webseiten\freebasis\www.chefkoch.de\index.html","https://www.chefkoch.de/rezeptsammlung/197709245367776/PLUS-Lieblingsrezepte-mit-Urlaubsgefuehl.html","www.chefkoch.de"
"C:\Meine Webseiten\freebasis\www.chefkoch.de\index.html","https://img.chefkoch-cdn.de/rezepte/4266461700043047/bilder/1531838/crop-640x360/linguine-mit-frischem-tomatensugo-und-ricotta.jpg","img.chefkoch-cdn.de"
"C:\Meine Webseiten\freebasis\www.chefkoch.de\index.html","https://img.chefkoch-cdn.de/rezepte/4266461700043047/bilder/1531838/crop-320x180/linguine-mit-frischem-tomatensugo-und-ricotta.jpg","img.chefkoch-cdn.de"
"C:\Meine Webseiten\freebasis\www.chefkoch.de\index.html","https://img.chefkoch-cdn.de/rezepte/4266461700043047/bilder/1531838/crop-480x270/linguine-mit-frischem-tomatensugo-und-ricotta.jpg","img.chefkoch-cdn.de"
"C:\Meine Webseiten\freebasis\www.chefkoch.de\index.html","https://img.chefkoch-cdn.de/rezepte/4266461700043047/bilder/1531838/crop-640x360/linguine-mit-frischem-tomatensugo-und-ricotta.jpg","img.chefkoch-cdn.de"
"C:\Meine Webseiten\freebasis\www.chefkoch.de\index.html","https://img.chefkoch-cdn.de/rezepte/4266461700043047/bilder/1531838/crop-958x539/linguine-mit-frischem-tomatensugo-und-ricotta.jpg","img.chefkoch-cdn.de"
"C:\Meine Webseiten\freebasis\www.chefkoch.de\index.html","https://img.chefkoch-cdn.de/images/crop-60x60/ck.de/user/8e6f4b74ff86e3cb81bdc3e1894ca402.jpg","img.chefkoch-cdn.de"
"C:\Meine Webseiten\freebasis\www.chefkoch.de\index.html","https://www.chefkoch.de/rezeptsammlung/195117128866318/Lieblingsrezepte-mit-Bohnen.html","www.chefkoch.de"
"C:\Meine Webseiten\freebasis\www.chefkoch.de\index.html","https://api.chefkoch.de/v2/images/crop-640x360/recipes/1020801207307224/images/1398068/fit-960x720","api.chefkoch.de"
"C:\Meine Webseiten\freebasis\www.chefkoch.de\index.html","https://api.chefkoch.de/v2/images/crop-320x180/recipes/1020801207307224/images/1398068/fit-960x720","api.chefkoch.de"
"C:\Meine Webseiten\freebasis\www.chefkoch.de\index.html","https://api.chefkoch.de/v2/images/crop-480x270/recipes/1020801207307224/images/1398068/fit-960x720","api.chefkoch.de"
"C:\Meine Webseiten\freebasis\www.chefkoch.de\index.html","https://api.chefkoch.de/v2/images/crop-640x360/recipes/1020801207307224/images/1398068/fit-960x720","api.chefkoch.de"
"C:\Meine Webseiten\freebasis\www.chefkoch.de\index.html","https://api.chefkoch.de/v2/images/crop-958x539/recipes/1020801207307224/images/1398068/fit-960x720","api.chefkoch.de"
"C:\Meine Webseiten\freebasis\www.chefkoch.de\index.html","https://img.chefkoch-cdn.de/images/crop-60x60/ck.de/user/8e6f4b74ff86e3cb81bdc3e1894ca402.jpg","img.chefkoch-cdn.de"
"C:\Meine Webseiten\freebasis\www.chefkoch.de\index.html","https://www.chefkoch.de/rezepte/4370711744365634/Herzhafte-Spaghetti-Bolognese.html","www.chefkoch.de"
"C:\Meine Webseiten\freebasis\www.chefkoch.de\index.html","https://img.chefkoch-cdn.de/rezepte/4370711744365634/bilder/1601453/crop-640x800/herzhafte-spaghetti-bolognese.jpg","img.chefkoch-cdn.de"
"C:\Meine Webseiten\freebasis\www.chefkoch.de\index.html","https://img.chefkoch-cdn.de/rezepte/4370711744365634/bilder/1601453/crop-240x300/herzhafte-spaghetti-bolognese.jpg","img.chefkoch-cdn.de"
"C:\Meine Webseiten\freebasis\www.chefkoch.de\index.html","https://img.chefkoch-cdn.de/rezepte/4370711744365634/bilder/1601453/crop-320x400/herzhafte-spaghetti-bolognese.jpg","img.chefkoch-cdn.de"
"C:\Meine Webseiten\freebasis\www.chefkoch.de\index.html","https://img.chefkoch-cdn.de/rezepte/4370711744365634/bilder/1601453/crop-480x600/herzhafte-spaghetti-bolognese.jpg","img.chefkoch-cdn.de"
"C:\Meine Webseiten\freebasis\www.chefkoch.de\index.html","https://img.chefkoch-cdn.de/rezepte/4370711744365634/bilder/1601453/crop-640x800/herzhafte-spaghetti-bolognese.jpg","img.chefkoch-cdn.de"
"C:\Meine Webseiten\freebasis\www.chefkoch.de\index.html","https://img.chefkoch-cdn.de/images/crop-60x60/ck.de/user/d52ae4e5213c86d185c74896b1abc548.jpg","img.chefkoch-cdn.de"
"C:\Meine Webseiten\freebasis\www.chefkoch.de\index.html","https://www.chefkoch.de/rezepte/4369711744020189/Crispy-Gnocchi-aus-dem-Airfryer.html","www.chefkoch.de"
"C:\Meine Webseiten\freebasis\www.chefkoch.de\index.html","https://img.chefkoch-cdn.de/rezepte/4369711744020189/bilder/1602810/crop-640x800/crispy-gnocchi-aus-dem-airfryer.jpg","img.chefkoch-cdn.de"
"C:\Meine Webseiten\freebasis\www.chefkoch.de\index.html","https://img.chefkoch-cdn.de/rezepte/4369711744020189/bilder/1602810/crop-240x300/crispy-gnocchi-aus-dem-airfryer.jpg","img.chefkoch-cdn.de"
"C:\Meine Webseiten\freebasis\www.chefkoch.de\index.html","https://img.chefkoch-cdn.de/rezepte/4369711744020189/bilder/1602810/crop-320x400/crispy-gnocchi-aus-dem-airfryer.jpg","img.chefkoch-cdn.de"
"C:\Meine Webseiten\freebasis\www.chefkoch.de\index.html","https://img.chefkoch-cdn.de/rezepte/4369711744020189/bilder/1602810/crop-480x600/crispy-gnocchi-aus-dem-airfryer.jpg","img.chefkoch-cdn.de"
"C:\Meine Webseiten\freebasis\www.chefkoch.de\index.html","https://img.chefkoch-cdn.de/rezepte/4369711744020189/bilder/1602810/crop-640x800/crispy-gnocchi-aus-dem-airfryer.jpg","img.chefkoch-cdn.de"
"C:\Meine Webseiten\freebasis\www.chefkoch.de\index.html","https://img.chefkoch-cdn.de/images/crop-60x60/ck.de/user/a48f8b7b4985941a2e6869277e983874.jpg","img.chefkoch-cdn.de"
"C:\Meine Webseiten\freebasis\www.chefkoch.de\index.html","https://www.chefkoch.de/rezepte/4356071737467418/Gyros-Spaetzle-Auflauf.html","www.chefkoch.de"
"C:\Meine Webseiten\freebasis\www.chefkoch.de\index.html","https://img.chefkoch-cdn.de/rezepte/4356071737467418/bilder/1581696/crop-640x800/gyros-spaetzle-auflauf.jpg","img.chefkoch-cdn.de"
"C:\Meine Webseiten\freebasis\www.chefkoch.de\index.html","https://img.chefkoch-cdn.de/rezepte/4356071737467418/bilder/1581696/crop-240x300/gyros-spaetzle-auflauf.jpg","img.chefkoch-cdn.de"
"C:\Meine Webseiten\freebasis\www.chefkoch.de\index.html","https://img.chefkoch-cdn.de/rezepte/4356071737467418/bilder/1581696/crop-320x400/gyros-spaetzle-auflauf.jpg","img.chefkoch-cdn.de"
"C:\Meine Webseiten\freebasis\www.chefkoch.de\index.html","https://img.chefkoch-cdn.de/rezepte/4356071737467418/bilder/1581696/crop-480x600/gyros-spaetzle-auflauf.jpg","img.chefkoch-cdn.de"
"C:\Meine Webseiten\freebasis\www.chefkoch.de\index.html","https://img.chefkoch-cdn.de/rezepte/4356071737467418/bilder/1581696/crop-640x800/gyros-spaetzle-auflauf.jpg","img.chefkoch-cdn.de"
"C:\Meine Webseiten\freebasis\www.chefkoch.de\index.html","https://img.chefkoch-cdn.de/images/crop-60x60/ck.de/user/e78528303d90a57cef3915618d534cd8.jpg","img.chefkoch-cdn.de"
"C:\Meine Webseiten\freebasis\www.chefkoch.de\index.html","https://www.chefkoch.de/rezepte/3432961511438145/Cheese-Burger-Muffins.html","www.chefkoch.de"
"C:\Meine Webseiten\freebasis\www.chefkoch.de\index.html","https://img.chefkoch-cdn.de/rezepte/3432961511438145/bilder/1087911/crop-640x800/cheese-burger-muffins.jpg","img.chefkoch-cdn.de"
"C:\Meine Webseiten\freebasis\www.chefkoch.de\index.html","https://img.chefkoch-cdn.de/rezepte/3432961511438145/bilder/1087911/crop-240x300/cheese-burger-muffins.jpg","img.chefkoch-cdn.de"
"C:\Meine Webseiten\freebasis\www.chefkoch.de\index.html","https://img.chefkoch-cdn.de/rezepte/3432961511438145/bilder/1087911/crop-320x400/cheese-burger-muffins.jpg","img.chefkoch-cdn.de"
"C:\Meine Webseiten\freebasis\www.chefkoch.de\index.html","https://img.chefkoch-cdn.de/rezepte/3432961511438145/bilder/1087911/crop-480x600/cheese-burger-muffins.jpg","img.chefkoch-cdn.de"
"C:\Meine Webseiten\freebasis\www.chefkoch.de\index.html","https://img.chefkoch-cdn.de/rezepte/3432961511438145/bilder/1087911/crop-640x800/cheese-burger-muffins.jpg","img.chefkoch-cdn.de"
"C:\Meine Webseiten\freebasis\www.chefkoch.de\index.html","https://img.chefkoch-cdn.de/images/crop-60x60/ck.de/user/a48f8b7b4985941a2e6869277e983874.jpg","img.chefkoch-cdn.de"
"C:\Meine Webseiten\freebasis\www.chefkoch.de\index.html","https://www.chefkoch.de/rs/s0/tomatensuppe/Rezepte.html","www.chefkoch.de"
"C:\Meine Webseiten\freebasis\www.chefkoch.de\index.html","https://img.chefkoch-cdn.de/images/crop-640x640/content/f/270734/600x600/6823269454/tomatensuppe.png","img.chefkoch-cdn.de"
"C:\Meine Webseiten\freebasis\www.chefkoch.de\index.html","https://img.chefkoch-cdn.de/images/crop-160x160/content/f/270734/600x600/6823269454/tomatensuppe.png","img.chefkoch-cdn.de"
"C:\Meine Webseiten\freebasis\www.chefkoch.de\index.html","https://img.chefkoch-cdn.de/images/crop-320x320/content/f/270734/600x600/6823269454/tomatensuppe.png","img.chefkoch-cdn.de"
"C:\Meine Webseiten\freebasis\www.chefkoch.de\index.html","https://www.chefkoch.de/rs/s0/reissalat/Rezepte.html","www.chefkoch.de"
"C:\Meine Webseiten\freebasis\www.chefkoch.de\index.html","https://img.chefkoch-cdn.de/images/crop-640x640/content/f/270734/600x600/c0cd91ee98/reissalat.png","img.chefkoch-cdn.de"
"C:\Meine Webseiten\freebasis\www.chefkoch.de\index.html","https://img.chefkoch-cdn.de/images/crop-160x160/content/f/270734/600x600/c0cd91ee98/reissalat.png","img.chefkoch-cdn.de"
"C:\Meine Webseiten\freebasis\www.chefkoch.de\index.html","https://img.chefkoch-cdn.de/images/crop-320x320/content/f/270734/600x600/c0cd91ee98/reissalat.png","img.chefkoch-cdn.de"
"C:\Meine Webseiten\freebasis\www.chefkoch.de\index.html","https://www.chefkoch.de/rs/s0/wraps/Rezepte.html","www.chefkoch.de"
"C:\Meine Webseiten\freebasis\www.chefkoch.de\index.html","https://img.chefkoch-cdn.de/images/crop-640x640/content/f/270734/600x600/b102af1315/wraps.png","img.chefkoch-cdn.de"
"C:\Meine Webseiten\freebasis\www.chefkoch.de\index.html","https://img.chefkoch-cdn.de/images/crop-160x160/content/f/270734/600x600/b102af1315/wraps.png","img.chefkoch-cdn.de"
"C:\Meine Webseiten\freebasis\www.chefkoch.de\index.html","https://img.chefkoch-cdn.de/images/crop-320x320/content/f/270734/600x600/b102af1315/wraps.png","img.chefkoch-cdn.de"
"C:\Meine Webseiten\freebasis\www.chefkoch.de\index.html","https://www.chefkoch.de/rs/s0/tortellinisalat/Rezepte.html","www.chefkoch.de"
"C:\Meine Webseiten\freebasis\www.chefkoch.de\index.html","https://img.chefkoch-cdn.de/images/crop-640x640/content/f/270734/600x600/590ee5d035/tortellinisalat.png","img.chefkoch-cdn.de"
"C:\Meine Webseiten\freebasis\www.chefkoch.de\index.html","https://img.chefkoch-cdn.de/images/crop-160x160/content/f/270734/600x600/590ee5d035/tortellinisalat.png","img.chefkoch-cdn.de"
"C:\Meine Webseiten\freebasis\www.chefkoch.de\index.html","https://img.chefkoch-cdn.de/images/crop-320x320/content/f/270734/600x600/590ee5d035/tortellinisalat.png","img.chefkoch-cdn.de"
"C:\Meine Webseiten\freebasis\www.chefkoch.de\index.html","https://www.chefkoch.de/rs/s0/kÃ¼rbis/Rezepte.html","www.chefkoch.de"
"C:\Meine Webseiten\freebasis\www.chefkoch.de\index.html","https://img.chefkoch-cdn.de/images/crop-640x640/content/f/270734/600x600/e0a64719d1/trends_kurbis.png","img.chefkoch-cdn.de"
"C:\Meine Webseiten\freebasis\www.chefkoch.de\index.html","https://img.chefkoch-cdn.de/images/crop-160x160/content/f/270734/600x600/e0a64719d1/trends_kurbis.png","img.chefkoch-cdn.de"
"C:\Meine Webseiten\freebasis\www.chefkoch.de\index.html","https://img.chefkoch-cdn.de/images/crop-320x320/content/f/270734/600x600/e0a64719d1/trends_kurbis.png","img.chefkoch-cdn.de"
"C:\Meine Webseiten\freebasis\www.chefkoch.de\index.html","https://www.chefkoch.de/rs/s0/zucchinikuchen/Rezepte.html","www.chefkoch.de"
"C:\Meine Webseiten\freebasis\www.chefkoch.de\index.html","https://img.chefkoch-cdn.de/images/crop-640x640/content/f/270734/600x600/6088a9132f/zuchinikuchen-trend.png","img.chefkoch-cdn.de"
"C:\Meine Webseiten\freebasis\www.chefkoch.de\index.html","https://img.chefkoch-cdn.de/images/crop-160x160/content/f/270734/600x600/6088a9132f/zuchinikuchen-trend.png","img.chefkoch-cdn.de"
"C:\Meine Webseiten\freebasis\www.chefkoch.de\index.html","https://img.chefkoch-cdn.de/images/crop-320x320/content/f/270734/600x600/6088a9132f/zuchinikuchen-trend.png","img.chefkoch-cdn.de"
"C:\Meine Webseiten\freebasis\www.chefkoch.de\index.html","https://www.chefkoch.de/rs/s0/bruschetta/Rezepte.html","www.chefkoch.de"
"C:\Meine Webseiten\freebasis\www.chefkoch.de\index.html","https://img.chefkoch-cdn.de/images/crop-640x640/content/f/270734/600x600/12f2918f29/bruchetta.png","img.chefkoch-cdn.de"
"C:\Meine Webseiten\freebasis\www.chefkoch.de\index.html","https://img.chefkoch-cdn.de/images/crop-160x160/content/f/270734/600x600/12f2918f29/bruchetta.png","img.chefkoch-cdn.de"
"C:\Meine Webseiten\freebasis\www.chefkoch.de\index.html","https://img.chefkoch-cdn.de/images/crop-320x320/content/f/270734/600x600/12f2918f29/bruchetta.png","img.chefkoch-cdn.de"
"C:\Meine Webseiten\freebasis\www.chefkoch.de\index.html","https://www.chefkoch.de/rs/s0/mirabellen/Rezepte.html","www.chefkoch.de"
"C:\Meine Webseiten\freebasis\www.chefkoch.de\index.html","https://img.chefkoch-cdn.de/images/crop-640x640/content/f/270734/600x600/929df7d174/mirabellen.png","img.chefkoch-cdn.de"
"C:\Meine Webseiten\freebasis\www.chefkoch.de\index.html","https://img.chefkoch-cdn.de/images/crop-160x160/content/f/270734/600x600/929df7d174/mirabellen.png","img.chefkoch-cdn.de"
"C:\Meine Webseiten\freebasis\www.chefkoch.de\index.html","https://img.chefkoch-cdn.de/images/crop-320x320/content/f/270734/600x600/929df7d174/mirabellen.png","img.chefkoch-cdn.de"
"C:\Meine Webseiten\freebasis\www.chefkoch.de\index.html","https://www.chefkoch.de/rs/s0/gazpacho/Rezepte.html","www.chefkoch.de"
"C:\Meine Webseiten\freebasis\www.chefkoch.de\index.html","https://img.chefkoch-cdn.de/images/crop-640x640/content/f/270734/600x600/2f09958157/gazpacho.png","img.chefkoch-cdn.de"
"C:\Meine Webseiten\freebasis\www.chefkoch.de\index.html","https://img.chefkoch-cdn.de/images/crop-160x160/content/f/270734/600x600/2f09958157/gazpacho.png","img.chefkoch-cdn.de"
"C:\Meine Webseiten\freebasis\www.chefkoch.de\index.html","https://img.chefkoch-cdn.de/images/crop-320x320/content/f/270734/600x600/2f09958157/gazpacho.png","img.chefkoch-cdn.de"
"C:\Meine Webseiten\freebasis\www.chefkoch.de\index.html","https://www.chefkoch.de/rs/s0/pflaumenkuchen/Rezepte.html","www.chefkoch.de"
"C:\Meine Webseiten\freebasis\www.chefkoch.de\index.html","https://img.chefkoch-cdn.de/images/crop-640x640/content/f/270734/600x600/835fb38fd0/pflaumenkuchen.png","img.chefkoch-cdn.de"
"C:\Meine Webseiten\freebasis\www.chefkoch.de\index.html","https://img.chefkoch-cdn.de/images/crop-160x160/content/f/270734/600x600/835fb38fd0/pflaumenkuchen.png","img.chefkoch-cdn.de"
"C:\Meine Webseiten\freebasis\www.chefkoch.de\index.html","https://img.chefkoch-cdn.de/images/crop-320x320/content/f/270734/600x600/835fb38fd0/pflaumenkuchen.png","img.chefkoch-cdn.de"
"C:\Meine Webseiten\freebasis\www.chefkoch.de\index.html","https://www.chefkoch.de/rs/s0/kohlrabi/Rezepte.html","www.chefkoch.de"
"C:\Meine Webseiten\freebasis\www.chefkoch.de\index.html","https://img.chefkoch-cdn.de/images/crop-640x640/content/f/270734/600x600/a053ac8f81/kohlrabi.png","img.chefkoch-cdn.de"
"C:\Meine Webseiten\freebasis\www.chefkoch.de\index.html","https://img.chefkoch-cdn.de/images/crop-160x160/content/f/270734/600x600/a053ac8f81/kohlrabi.png","img.chefkoch-cdn.de"
"C:\Meine Webseiten\freebasis\www.chefkoch.de\index.html","https://img.chefkoch-cdn.de/images/crop-320x320/content/f/270734/600x600/a053ac8f81/kohlrabi.png","img.chefkoch-cdn.de"
"C:\Meine Webseiten\freebasis\www.chefkoch.de\index.html","https://www.chefkoch.de/rs/s0/sommer/Rezepte.html","www.chefkoch.de"
"C:\Meine Webseiten\freebasis\www.chefkoch.de\index.html","https://img.chefkoch-cdn.de/images/crop-640x640/content/f/270734/600x600/45cc077a95/sommergerichte.png","img.chefkoch-cdn.de"
"C:\Meine Webseiten\freebasis\www.chefkoch.de\index.html","https://img.chefkoch-cdn.de/images/crop-160x160/content/f/270734/600x600/45cc077a95/sommergerichte.png","img.chefkoch-cdn.de"
"C:\Meine Webseiten\freebasis\www.chefkoch.de\index.html","https://img.chefkoch-cdn.de/images/crop-320x320/content/f/270734/600x600/45cc077a95/sommergerichte.png","img.chefkoch-cdn.de"
"C:\Meine Webseiten\freebasis\www.chefkoch.de\index.html","https://www.chefkoch.de/magazin/artikel/64929782351659-7-tage-7-rezepte-fuer-den-chefkoch-plus-wochenplaner","www.chefkoch.de"
"C:\Meine Webseiten\freebasis\www.chefkoch.de\index.html","https://img.chefkoch-cdn.de/images/crop-640x360/content/f/270734/1200x675/98dc6d351a/ck_plus_teaser_wochenplaner.jpg","img.chefkoch-cdn.de"
"C:\Meine Webseiten\freebasis\www.chefkoch.de\index.html","https://img.chefkoch-cdn.de/images/crop-320x180/content/f/270734/1200x675/98dc6d351a/ck_plus_teaser_wochenplaner.jpg","img.chefkoch-cdn.de"
"C:\Meine Webseiten\freebasis\www.chefkoch.de\index.html","https://img.chefkoch-cdn.de/images/crop-480x270/content/f/270734/1200x675/98dc6d351a/ck_plus_teaser_wochenplaner.jpg","img.chefkoch-cdn.de"
"C:\Meine Webseiten\freebasis\www.chefkoch.de\index.html","https://img.chefkoch-cdn.de/images/crop-640x360/content/f/270734/1200x675/98dc6d351a/ck_plus_teaser_wochenplaner.jpg","img.chefkoch-cdn.de"
"C:\Meine Webseiten\freebasis\www.chefkoch.de\index.html","https://img.chefkoch-cdn.de/images/crop-958x539/content/f/270734/1200x675/98dc6d351a/ck_plus_teaser_wochenplaner.jpg","img.chefkoch-cdn.de"
"C:\Meine Webseiten\freebasis\www.chefkoch.de\index.html","https://www.chefkoch.de/profile/5fd029ee189ff464a3e3ecc69142e981","www.chefkoch.de"
"C:\Meine Webseiten\freebasis\www.chefkoch.de\index.html","https://img.chefkoch-cdn.de/images/crop-640x360/content/f/270734/1600x900/eaeda75f54/beef-teaser-august-2026.jpg","img.chefkoch-cdn.de"
"C:\Meine Webseiten\freebasis\www.chefkoch.de\index.html","https://img.chefkoch-cdn.de/images/crop-320x180/content/f/270734/1600x900/eaeda75f54/beef-teaser-august-2026.jpg","img.chefkoch-cdn.de"
"C:\Meine Webseiten\freebasis\www.chefkoch.de\index.html","https://img.chefkoch-cdn.de/images/crop-480x270/content/f/270734/1600x900/eaeda75f54/beef-teaser-august-2026.jpg","img.chefkoch-cdn.de"
"C:\Meine Webseiten\freebasis\www.chefkoch.de\index.html","https://img.chefkoch-cdn.de/images/crop-640x360/content/f/270734/1600x900/eaeda75f54/beef-teaser-august-2026.jpg","img.chefkoch-cdn.de"
"C:\Meine Webseiten\freebasis\www.chefkoch.de\index.html","https://img.chefkoch-cdn.de/images/crop-958x539/content/f/270734/1600x900/eaeda75f54/beef-teaser-august-2026.jpg","img.chefkoch-cdn.de"
"C:\Meine Webseiten\freebasis\www.chefkoch.de\index.html","https://www.chefkoch.de/wochenplaner/?ck_source=homepage&amp;ck_element=homepage_sub_lead","www.chefkoch.de"
"C:\Meine Webseiten\freebasis\www.chefkoch.de\index.html","https://img.chefkoch-cdn.de/images/crop-640x360/content/f/270734/1920x1080/e33751c027/wochenplaner-teaser-januar-2026.jpg","img.chefkoch-cdn.de"
"C:\Meine Webseiten\freebasis\www.chefkoch.de\index.html","https://img.chefkoch-cdn.de/images/crop-320x180/content/f/270734/1920x1080/e33751c027/wochenplaner-teaser-januar-2026.jpg","img.chefkoch-cdn.de"
"C:\Meine Webseiten\freebasis\www.chefkoch.de\index.html","https://img.chefkoch-cdn.de/images/crop-480x270/content/f/270734/1920x1080/e33751c027/wochenplaner-teaser-januar-2026.jpg","img.chefkoch-cdn.de"
"C:\Meine Webseiten\freebasis\www.chefkoch.de\index.html","https://img.chefkoch-cdn.de/images/crop-640x360/content/f/270734/1920x1080/e33751c027/wochenplaner-teaser-januar-2026.jpg","img.chefkoch-cdn.de"
"C:\Meine Webseiten\freebasis\www.chefkoch.de\index.html","https://img.chefkoch-cdn.de/images/crop-958x539/content/f/270734/1920x1080/e33751c027/wochenplaner-teaser-januar-2026.jpg","img.chefkoch-cdn.de"
"C:\Meine Webseiten\freebasis\www.chefkoch.de\index.html","https://www.chefkoch.de/profile/84d056857061c3d71329cd688cea808a","www.chefkoch.de"
"C:\Meine Webseiten\freebasis\www.chefkoch.de\index.html","https://img.chefkoch-cdn.de/images/crop-640x360/content/f/270734/1920x1080/2f61e525de/rezepte-fur-den-thermomix-teaser.jpg","img.chefkoch-cdn.de"
"C:\Meine Webseiten\freebasis\www.chefkoch.de\index.html","https://img.chefkoch-cdn.de/images/crop-320x180/content/f/270734/1920x1080/2f61e525de/rezepte-fur-den-thermomix-teaser.jpg","img.chefkoch-cdn.de"
"C:\Meine Webseiten\freebasis\www.chefkoch.de\index.html","https://img.chefkoch-cdn.de/images/crop-480x270/content/f/270734/1920x1080/2f61e525de/rezepte-fur-den-thermomix-teaser.jpg","img.chefkoch-cdn.de"
"C:\Meine Webseiten\freebasis\www.chefkoch.de\index.html","https://img.chefkoch-cdn.de/images/crop-640x360/content/f/270734/1920x1080/2f61e525de/rezepte-fur-den-thermomix-teaser.jpg","img.chefkoch-cdn.de"
"C:\Meine Webseiten\freebasis\www.chefkoch.de\index.html","https://img.chefkoch-cdn.de/images/crop-958x539/content/f/270734/1920x1080/2f61e525de/rezepte-fur-den-thermomix-teaser.jpg","img.chefkoch-cdn.de"
"C:\Meine Webseiten\freebasis\www.chefkoch.de\index.html","https://www.chefkoch.de/plus","www.chefkoch.de"
"C:\Meine Webseiten\freebasis\www.chefkoch.de\index.html","https://img.chefkoch-cdn.de/assets/v2/img/ci/CK-Plus-basmati-v2.svg","img.chefkoch-cdn.de"
"C:\Meine Webseiten\freebasis\www.chefkoch.de\index.html","https://img.chefkoch-cdn.de/assets/v2/img/plus/feature-badge-zutatensuche-inverted.svg","img.chefkoch-cdn.de"
"C:\Meine Webseiten\freebasis\www.chefkoch.de\index.html","https://img.chefkoch-cdn.de/images/crop-640x640/content/f/270734/752x752/9eb232ff49/plus-promotion-teaser-januar-2026.jpg","img.chefkoch-cdn.de"
"C:\Meine Webseiten\freebasis\www.chefkoch.de\index.html","https://img.chefkoch-cdn.de/images/crop-240x240/content/f/270734/752x752/9eb232ff49/plus-promotion-teaser-januar-2026.jpg","img.chefkoch-cdn.de"
"C:\Meine Webseiten\freebasis\www.chefkoch.de\index.html","https://img.chefkoch-cdn.de/images/crop-320x320/content/f/270734/752x752/9eb232ff49/plus-promotion-teaser-januar-2026.jpg","img.chefkoch-cdn.de"
"C:\Meine Webseiten\freebasis\www.chefkoch.de\index.html","https://img.chefkoch-cdn.de/images/crop-480x480/content/f/270734/752x752/9eb232ff49/plus-promotion-teaser-januar-2026.jpg","img.chefkoch-cdn.de"
"C:\Meine Webseiten\freebasis\www.chefkoch.de\index.html","https://img.chefkoch-cdn.de/images/crop-640x640/content/f/270734/752x752/9eb232ff49/plus-promotion-teaser-januar-2026.jpg","img.chefkoch-cdn.de"
"C:\Meine Webseiten\freebasis\www.chefkoch.de\index.html","https://img.chefkoch-cdn.de/images/crop-960x960/content/f/270734/752x752/9eb232ff49/plus-promotion-teaser-januar-2026.jpg","img.chefkoch-cdn.de"
"C:\Meine Webseiten\freebasis\www.chefkoch.de\index.html","https://img.chefkoch-cdn.de/images/crop-640x640/content/f/270734/752x752/9eb232ff49/plus-promotion-teaser-januar-2026.jpg","img.chefkoch-cdn.de"
"C:\Meine Webseiten\freebasis\www.chefkoch.de\index.html","https://img.chefkoch-cdn.de/images/crop-480x480/content/f/270734/752x752/9eb232ff49/plus-promotion-teaser-januar-2026.jpg","img.chefkoch-cdn.de"
"C:\Meine Webseiten\freebasis\www.chefkoch.de\index.html","https://img.chefkoch-cdn.de/images/crop-640x640/content/f/270734/752x752/9eb232ff49/plus-promotion-teaser-januar-2026.jpg","img.chefkoch-cdn.de"
"C:\Meine Webseiten\freebasis\www.chefkoch.de\index.html","https://img.chefkoch-cdn.de/images/crop-960x960/content/f/270734/752x752/9eb232ff49/plus-promotion-teaser-januar-2026.jpg","img.chefkoch-cdn.de"
"C:\Meine Webseiten\freebasis\www.chefkoch.de\index.html","https://www.chefkoch.de/profile/84d056857061c3d71329cd688cea808a","www.chefkoch.de"
"C:\Meine Webseiten\freebasis\www.chefkoch.de\index.html","https://img.chefkoch-cdn.de/images/crop-220x220/ck.de/user/84d056857061c3d71329cd688cea808a.jpg","img.chefkoch-cdn.de"
"C:\Meine Webseiten\freebasis\www.chefkoch.de\index.html","https://img.chefkoch-cdn.de/images/crop-220x220/ck.de/user/84d056857061c3d71329cd688cea808a.jpg","img.chefkoch-cdn.de"
"C:\Meine Webseiten\freebasis\www.chefkoch.de\index.html","https://img.chefkoch-cdn.de/images/crop-440x440/ck.de/user/84d056857061c3d71329cd688cea808a.jpg","img.chefkoch-cdn.de"
"C:\Meine Webseiten\freebasis\www.chefkoch.de\index.html","https://www.chefkoch.de/profile/5fd029ee189ff464a3e3ecc69142e981","www.chefkoch.de"
"C:\Meine Webseiten\freebasis\www.chefkoch.de\index.html","https://img.chefkoch-cdn.de/images/crop-220x220/ck.de/user/5fd029ee189ff464a3e3ecc69142e981.jpg","img.chefkoch-cdn.de"
"C:\Meine Webseiten\freebasis\www.chefkoch.de\index.html","https://img.chefkoch-cdn.de/images/crop-220x220/ck.de/user/5fd029ee189ff464a3e3ecc69142e981.jpg","img.chefkoch-cdn.de"
"C:\Meine Webseiten\freebasis\www.chefkoch.de\index.html","https://img.chefkoch-cdn.de/images/crop-440x440/ck.de/user/5fd029ee189ff464a3e3ecc69142e981.jpg","img.chefkoch-cdn.de"
"C:\Meine Webseiten\freebasis\www.chefkoch.de\index.html","https://www.chefkoch.de/profile/3af15045df2c9e159f0059192cdcdfe4","www.chefkoch.de"
"C:\Meine Webseiten\freebasis\www.chefkoch.de\index.html","https://img.chefkoch-cdn.de/images/crop-220x220/ck.de/user/3af15045df2c9e159f0059192cdcdfe4.jpg","img.chefkoch-cdn.de"
"C:\Meine Webseiten\freebasis\www.chefkoch.de\index.html","https://img.chefkoch-cdn.de/images/crop-220x220/ck.de/user/3af15045df2c9e159f0059192cdcdfe4.jpg","img.chefkoch-cdn.de"
"C:\Meine Webseiten\freebasis\www.chefkoch.de\index.html","https://img.chefkoch-cdn.de/images/crop-440x440/ck.de/user/3af15045df2c9e159f0059192cdcdfe4.jpg","img.chefkoch-cdn.de"
"C:\Meine Webseiten\freebasis\www.chefkoch.de\index.html","https://www.chefkoch.de/user/profil/d52ae4e5213c86d185c74896b1abc548","www.chefkoch.de"
"C:\Meine Webseiten\freebasis\www.chefkoch.de\index.html","https://img.chefkoch-cdn.de/images/crop-220x220/ck.de/user/d52ae4e5213c86d185c74896b1abc548.jpg","img.chefkoch-cdn.de"
"C:\Meine Webseiten\freebasis\www.chefkoch.de\index.html","https://img.chefkoch-cdn.de/images/crop-220x220/ck.de/user/d52ae4e5213c86d185c74896b1abc548.jpg","img.chefkoch-cdn.de"
"C:\Meine Webseiten\freebasis\www.chefkoch.de\index.html","https://img.chefkoch-cdn.de/images/crop-440x440/ck.de/user/d52ae4e5213c86d185c74896b1abc548.jpg","img.chefkoch-cdn.de"
"C:\Meine Webseiten\freebasis\www.chefkoch.de\index.html","https://www.chefkoch.de/rezepte/1782151288102765/Weltbeste-Pfirsichmarmelade-Nachtischmarmelade.html","www.chefkoch.de"
"C:\Meine Webseiten\freebasis\www.chefkoch.de\index.html","https://img.chefkoch-cdn.de/rezepte/1782151288102765/bilder/1407506/crop-640x800/weltbeste-pfirsichmarmelade-nachtischmarmelade.jpg","img.chefkoch-cdn.de"
"C:\Meine Webseiten\freebasis\www.chefkoch.de\index.html","https://img.chefkoch-cdn.de/rezepte/1782151288102765/bilder/1407506/crop-240x300/weltbeste-pfirsichmarmelade-nachtischmarmelade.jpg","img.chefkoch-cdn.de"
"C:\Meine Webseiten\freebasis\www.chefkoch.de\index.html","https://img.chefkoch-cdn.de/rezepte/1782151288102765/bilder/1407506/crop-320x400/weltbeste-pfirsichmarmelade-nachtischmarmelade.jpg","img.chefkoch-cdn.de"
"C:\Meine Webseiten\freebasis\www.chefkoch.de\index.html","https://img.chefkoch-cdn.de/rezepte/1782151288102765/bilder/1407506/crop-480x600/weltbeste-pfirsichmarmelade-nachtischmarmelade.jpg","img.chefkoch-cdn.de"
"C:\Meine Webseiten\freebasis\www.chefkoch.de\index.html","https://img.chefkoch-cdn.de/rezepte/1782151288102765/bilder/1407506/crop-640x800/weltbeste-pfirsichmarmelade-nachtischmarmelade.jpg","img.chefkoch-cdn.de"
"C:\Meine Webseiten\freebasis\www.chefkoch.de\index.html","https://www.chefkoch.de/rezepte/4381761750757495/Alt-Willicher-Rinderbraten-mit-Portweinjus-an-Prinzessbohnen-und-Spiralkartoffeln.html","www.chefkoch.de"
"C:\Meine Webseiten\freebasis\www.chefkoch.de\index.html","https://img.chefkoch-cdn.de/rezepte/4381761750757495/bilder/1601535/crop-640x800/alt-willicher-rinderbraten-mit-portweinjus-an-prinzessbohnen-und-spiralkartoffeln.jpg","img.chefkoch-cdn.de"
"C:\Meine Webseiten\freebasis\www.chefkoch.de\index.html","https://img.chefkoch-cdn.de/rezepte/4381761750757495/bilder/1601535/crop-240x300/alt-willicher-rinderbraten-mit-portweinjus-an-prinzessbohnen-und-spiralkartoffeln.jpg","img.chefkoch-cdn.de"
"C:\Meine Webseiten\freebasis\www.chefkoch.de\index.html","https://img.chefkoch-cdn.de/rezepte/4381761750757495/bilder/1601535/crop-320x400/alt-willicher-rinderbraten-mit-portweinjus-an-prinzessbohnen-und-spiralkartoffeln.jpg","img.chefkoch-cdn.de"
"C:\Meine Webseiten\freebasis\www.chefkoch.de\index.html","https://img.chefkoch-cdn.de/rezepte/4381761750757495/bilder/1601535/crop-480x600/alt-willicher-rinderbraten-mit-portweinjus-an-prinzessbohnen-und-spiralkartoffeln.jpg","img.chefkoch-cdn.de"
"C:\Meine Webseiten\freebasis\www.chefkoch.de\index.html","https://img.chefkoch-cdn.de/rezepte/4381761750757495/bilder/1601535/crop-640x800/alt-willicher-rinderbraten-mit-portweinjus-an-prinzessbohnen-und-spiralkartoffeln.jpg","img.chefkoch-cdn.de"
"C:\Meine Webseiten\freebasis\www.chefkoch.de\index.html","https://img.chefkoch-cdn.de/images/crop-60x60/ck.de/user/af93ba5315c6e1c4569c43e44f8bbe41.jpg","img.chefkoch-cdn.de"
"C:\Meine Webseiten\freebasis\www.chefkoch.de\index.html","https://www.chefkoch.de/rezepte/1843321298641267/Bohnen-einkochen.html","www.chefkoch.de"
"C:\Meine Webseiten\freebasis\www.chefkoch.de\index.html","https://img.chefkoch-cdn.de/rezepte/1843321298641267/bilder/767571/crop-640x800/bohnen-einkochen.jpg","img.chefkoch-cdn.de"
"C:\Meine Webseiten\freebasis\www.chefkoch.de\index.html","https://img.chefkoch-cdn.de/rezepte/1843321298641267/bilder/767571/crop-240x300/bohnen-einkochen.jpg","img.chefkoch-cdn.de"
"C:\Meine Webseiten\freebasis\www.chefkoch.de\index.html","https://img.chefkoch-cdn.de/rezepte/1843321298641267/bilder/767571/crop-320x400/bohnen-einkochen.jpg","img.chefkoch-cdn.de"
"C:\Meine Webseiten\freebasis\www.chefkoch.de\index.html","https://img.chefkoch-cdn.de/rezepte/1843321298641267/bilder/767571/crop-480x600/bohnen-einkochen.jpg","img.chefkoch-cdn.de"
"C:\Meine Webseiten\freebasis\www.chefkoch.de\index.html","https://img.chefkoch-cdn.de/rezepte/1843321298641267/bilder/767571/crop-640x800/bohnen-einkochen.jpg","img.chefkoch-cdn.de"
"C:\Meine Webseiten\freebasis\www.chefkoch.de\index.html","https://www.chefkoch.de/rezepte/2942971446566339/Bester-und-leckerster-Zwetschgenkuchen-mit-Streuseln.html","www.chefkoch.de"
"C:\Meine Webseiten\freebasis\www.chefkoch.de\index.html","https://img.chefkoch-cdn.de/rezepte/2942971446566339/bilder/1322697/crop-640x800/bester-und-leckerster-zwetschgenkuchen-mit-streuseln.jpg","img.chefkoch-cdn.de"
"C:\Meine Webseiten\freebasis\www.chefkoch.de\index.html","https://img.chefkoch-cdn.de/rezepte/2942971446566339/bilder/1322697/crop-240x300/bester-und-leckerster-zwetschgenkuchen-mit-streuseln.jpg","img.chefkoch-cdn.de"
"C:\Meine Webseiten\freebasis\www.chefkoch.de\index.html","https://img.chefkoch-cdn.de/rezepte/2942971446566339/bilder/1322697/crop-320x400/bester-und-leckerster-zwetschgenkuchen-mit-streuseln.jpg","img.chefkoch-cdn.de"
"C:\Meine Webseiten\freebasis\www.chefkoch.de\index.html","https://img.chefkoch-cdn.de/rezepte/2942971446566339/bilder/1322697/crop-480x600/bester-und-leckerster-zwetschgenkuchen-mit-streuseln.jpg","img.chefkoch-cdn.de"
"C:\Meine Webseiten\freebasis\www.chefkoch.de\index.html","https://img.chefkoch-cdn.de/rezepte/2942971446566339/bilder/1322697/crop-640x800/bester-und-leckerster-zwetschgenkuchen-mit-streuseln.jpg","img.chefkoch-cdn.de"
"C:\Meine Webseiten\freebasis\www.chefkoch.de\index.html","https://www.chefkoch.de/rezepte/4148901660849051/Brombeer-Essig.html","www.chefkoch.de"
"C:\Meine Webseiten\freebasis\www.chefkoch.de\index.html","https://img.chefkoch-cdn.de/rezepte/4148901660849051/bilder/1533115/crop-640x800/brombeer-essig.jpg","img.chefkoch-cdn.de"
"C:\Meine Webseiten\freebasis\www.chefkoch.de\index.html","https://img.chefkoch-cdn.de/rezepte/4148901660849051/bilder/1533115/crop-240x300/brombeer-essig.jpg","img.chefkoch-cdn.de"
"C:\Meine Webseiten\freebasis\www.chefkoch.de\index.html","https://img.chefkoch-cdn.de/rezepte/4148901660849051/bilder/1533115/crop-320x400/brombeer-essig.jpg","img.chefkoch-cdn.de"
"C:\Meine Webseiten\freebasis\www.chefkoch.de\index.html","https://img.chefkoch-cdn.de/rezepte/4148901660849051/bilder/1533115/crop-480x600/brombeer-essig.jpg","img.chefkoch-cdn.de"
"C:\Meine Webseiten\freebasis\www.chefkoch.de\index.html","https://img.chefkoch-cdn.de/rezepte/4148901660849051/bilder/1533115/crop-640x800/brombeer-essig.jpg","img.chefkoch-cdn.de"
"C:\Meine Webseiten\freebasis\www.chefkoch.de\index.html","https://www.chefkoch.de/rezepte/2382601377622138/Mirabellenmarmelade.html","www.chefkoch.de"
"C:\Meine Webseiten\freebasis\www.chefkoch.de\index.html","https://img.chefkoch-cdn.de/rezepte/2382601377622138/bilder/618212/crop-640x800/mirabellenmarmelade.jpg","img.chefkoch-cdn.de"
"C:\Meine Webseiten\freebasis\www.chefkoch.de\index.html","https://img.chefkoch-cdn.de/rezepte/2382601377622138/bilder/618212/crop-240x300/mirabellenmarmelade.jpg","img.chefkoch-cdn.de"
"C:\Meine Webseiten\freebasis\www.chefkoch.de\index.html","https://img.chefkoch-cdn.de/rezepte/2382601377622138/bilder/618212/crop-320x400/mirabellenmarmelade.jpg","img.chefkoch-cdn.de"
"C:\Meine Webseiten\freebasis\www.chefkoch.de\index.html","https://img.chefkoch-cdn.de/rezepte/2382601377622138/bilder/618212/crop-480x600/mirabellenmarmelade.jpg","img.chefkoch-cdn.de"
"C:\Meine Webseiten\freebasis\www.chefkoch.de\index.html","https://img.chefkoch-cdn.de/rezepte/2382601377622138/bilder/618212/crop-640x800/mirabellenmarmelade.jpg","img.chefkoch-cdn.de"
"C:\Meine Webseiten\freebasis\www.chefkoch.de\index.html","https://www.chefkoch.de/rezepte/1149311221218672/Tagliatelle-mit-Pfifferling-und-Sahnesauce.html","www.chefkoch.de"
"C:\Meine Webseiten\freebasis\www.chefkoch.de\index.html","https://img.chefkoch-cdn.de/rezepte/1149311221218672/bilder/1333932/crop-640x800/tagliatelle-mit-pfifferling-und-sahnesauce.jpg","img.chefkoch-cdn.de"
"C:\Meine Webseiten\freebasis\www.chefkoch.de\index.html","https://img.chefkoch-cdn.de/rezepte/1149311221218672/bilder/1333932/crop-240x300/tagliatelle-mit-pfifferling-und-sahnesauce.jpg","img.chefkoch-cdn.de"
"C:\Meine Webseiten\freebasis\www.chefkoch.de\index.html","https://img.chefkoch-cdn.de/rezepte/1149311221218672/bilder/1333932/crop-320x400/tagliatelle-mit-pfifferling-und-sahnesauce.jpg","img.chefkoch-cdn.de"
"C:\Meine Webseiten\freebasis\www.chefkoch.de\index.html","https://img.chefkoch-cdn.de/rezepte/1149311221218672/bilder/1333932/crop-480x600/tagliatelle-mit-pfifferling-und-sahnesauce.jpg","img.chefkoch-cdn.de"
"C:\Meine Webseiten\freebasis\www.chefkoch.de\index.html","https://img.chefkoch-cdn.de/rezepte/1149311221218672/bilder/1333932/crop-640x800/tagliatelle-mit-pfifferling-und-sahnesauce.jpg","img.chefkoch-cdn.de"
"C:\Meine Webseiten\freebasis\www.chefkoch.de\index.html","https://www.chefkoch.de/rezepte/1639971271583788/Ratatouille.html","www.chefkoch.de"
"C:\Meine Webseiten\freebasis\www.chefkoch.de\index.html","https://img.chefkoch-cdn.de/rezepte/1639971271583788/bilder/1622431/crop-640x800/ratatouille.jpg","img.chefkoch-cdn.de"
"C:\Meine Webseiten\freebasis\www.chefkoch.de\index.html","https://img.chefkoch-cdn.de/rezepte/1639971271583788/bilder/1622431/crop-240x300/ratatouille.jpg","img.chefkoch-cdn.de"
"C:\Meine Webseiten\freebasis\www.chefkoch.de\index.html","https://img.chefkoch-cdn.de/rezepte/1639971271583788/bilder/1622431/crop-320x400/ratatouille.jpg","img.chefkoch-cdn.de"
"C:\Meine Webseiten\freebasis\www.chefkoch.de\index.html","https://img.chefkoch-cdn.de/rezepte/1639971271583788/bilder/1622431/crop-480x600/ratatouille.jpg","img.chefkoch-cdn.de"
"C:\Meine Webseiten\freebasis\www.chefkoch.de\index.html","https://img.chefkoch-cdn.de/rezepte/1639971271583788/bilder/1622431/crop-640x800/ratatouille.jpg","img.chefkoch-cdn.de"
"C:\Meine Webseiten\freebasis\www.chefkoch.de\index.html","https://www.chefkoch.de/rezepte/1115971217685846/Zwetschgenkuchen.html","www.chefkoch.de"
"C:\Meine Webseiten\freebasis\www.chefkoch.de\index.html","https://img.chefkoch-cdn.de/rezepte/1115971217685846/bilder/277739/crop-640x800/zwetschgenkuchen.jpg","img.chefkoch-cdn.de"
"C:\Meine Webseiten\freebasis\www.chefkoch.de\index.html","https://img.chefkoch-cdn.de/rezepte/1115971217685846/bilder/277739/crop-240x300/zwetschgenkuchen.jpg","img.chefkoch-cdn.de"
"C:\Meine Webseiten\freebasis\www.chefkoch.de\index.html","https://img.chefkoch-cdn.de/rezepte/1115971217685846/bilder/277739/crop-320x400/zwetschgenkuchen.jpg","img.chefkoch-cdn.de"
"C:\Meine Webseiten\freebasis\www.chefkoch.de\index.html","https://img.chefkoch-cdn.de/rezepte/1115971217685846/bilder/277739/crop-480x600/zwetschgenkuchen.jpg","img.chefkoch-cdn.de"
"C:\Meine Webseiten\freebasis\www.chefkoch.de\index.html","https://img.chefkoch-cdn.de/rezepte/1115971217685846/bilder/277739/crop-640x800/zwetschgenkuchen.jpg","img.chefkoch-cdn.de"
"C:\Meine Webseiten\freebasis\www.chefkoch.de\index.html","https://www.chefkoch.de/rezepte/2371941376313825/Veganer-Zwetschgenkuchen-mit-Zimtstreuseln.html","www.chefkoch.de"
"C:\Meine Webseiten\freebasis\www.chefkoch.de\index.html","https://img.chefkoch-cdn.de/rezepte/2371941376313825/bilder/831358/crop-640x800/veganer-zwetschgenkuchen-mit-zimtstreuseln.jpg","img.chefkoch-cdn.de"
"C:\Meine Webseiten\freebasis\www.chefkoch.de\index.html","https://img.chefkoch-cdn.de/rezepte/2371941376313825/bilder/831358/crop-240x300/veganer-zwetschgenkuchen-mit-zimtstreuseln.jpg","img.chefkoch-cdn.de"
"C:\Meine Webseiten\freebasis\www.chefkoch.de\index.html","https://img.chefkoch-cdn.de/rezepte/2371941376313825/bilder/831358/crop-320x400/veganer-zwetschgenkuchen-mit-zimtstreuseln.jpg","img.chefkoch-cdn.de"
"C:\Meine Webseiten\freebasis\www.chefkoch.de\index.html","https://img.chefkoch-cdn.de/rezepte/2371941376313825/bilder/831358/crop-480x600/veganer-zwetschgenkuchen-mit-zimtstreuseln.jpg","img.chefkoch-cdn.de"
"C:\Meine Webseiten\freebasis\www.chefkoch.de\index.html","https://img.chefkoch-cdn.de/rezepte/2371941376313825/bilder/831358/crop-640x800/veganer-zwetschgenkuchen-mit-zimtstreuseln.jpg","img.chefkoch-cdn.de"
"C:\Meine Webseiten\freebasis\www.chefkoch.de\index.html","https://www.chefkoch.de/rezepte/2478381390118576/Mango-Gefluegelsalat.html","www.chefkoch.de"
"C:\Meine Webseiten\freebasis\www.chefkoch.de\index.html","https://img.chefkoch-cdn.de/rezepte/2478381390118576/bilder/1406396/crop-640x800/mango-gefluegelsalat.jpg","img.chefkoch-cdn.de"
"C:\Meine Webseiten\freebasis\www.chefkoch.de\index.html","https://img.chefkoch-cdn.de/rezepte/2478381390118576/bilder/1406396/crop-240x300/mango-gefluegelsalat.jpg","img.chefkoch-cdn.de"
"C:\Meine Webseiten\freebasis\www.chefkoch.de\index.html","https://img.chefkoch-cdn.de/rezepte/2478381390118576/bilder/1406396/crop-320x400/mango-gefluegelsalat.jpg","img.chefkoch-cdn.de"
"C:\Meine Webseiten\freebasis\www.chefkoch.de\index.html","https://img.chefkoch-cdn.de/rezepte/2478381390118576/bilder/1406396/crop-480x600/mango-gefluegelsalat.jpg","img.chefkoch-cdn.de"
"C:\Meine Webseiten\freebasis\www.chefkoch.de\index.html","https://img.chefkoch-cdn.de/rezepte/2478381390118576/bilder/1406396/crop-640x800/mango-gefluegelsalat.jpg","img.chefkoch-cdn.de"
"C:\Meine Webseiten\freebasis\www.chefkoch.de\index.html","https://www.chefkoch.de/rezepte/4147301660317554/Ringlo-Streuselkuchen.html","www.chefkoch.de"
"C:\Meine Webseiten\freebasis\www.chefkoch.de\index.html","https://img.chefkoch-cdn.de/rezepte/4147301660317554/bilder/1469626/crop-640x800/ringlo-streuselkuchen.jpg","img.chefkoch-cdn.de"
"C:\Meine Webseiten\freebasis\www.chefkoch.de\index.html","https://img.chefkoch-cdn.de/rezepte/4147301660317554/bilder/1469626/crop-240x300/ringlo-streuselkuchen.jpg","img.chefkoch-cdn.de"
"C:\Meine Webseiten\freebasis\www.chefkoch.de\index.html","https://img.chefkoch-cdn.de/rezepte/4147301660317554/bilder/1469626/crop-320x400/ringlo-streuselkuchen.jpg","img.chefkoch-cdn.de"
"C:\Meine Webseiten\freebasis\www.chefkoch.de\index.html","https://img.chefkoch-cdn.de/rezepte/4147301660317554/bilder/1469626/crop-480x600/ringlo-streuselkuchen.jpg","img.chefkoch-cdn.de"
"C:\Meine Webseiten\freebasis\www.chefkoch.de\index.html","https://img.chefkoch-cdn.de/rezepte/4147301660317554/bilder/1469626/crop-640x800/ringlo-streuselkuchen.jpg","img.chefkoch-cdn.de"
"C:\Meine Webseiten\freebasis\www.chefkoch.de\index.html","https://www.chefkoch.de/magazin/kategorie/612938991-backen-suess-und-herzhaft","www.chefkoch.de"
"C:\Meine Webseiten\freebasis\www.chefkoch.de\index.html","https://www.chefkoch.de/magazin/artikel/203293753717500-joghurt-muffins-heidelbeeren","www.chefkoch.de"
"C:\Meine Webseiten\freebasis\www.chefkoch.de\index.html","https://img.chefkoch-cdn.de/images/crop-640x360/content/f/270734/73e2f29cdd/joghurt-muffins-heidelbeeren.jpg","img.chefkoch-cdn.de"
"C:\Meine Webseiten\freebasis\www.chefkoch.de\index.html","https://img.chefkoch-cdn.de/images/crop-320x180/content/f/270734/73e2f29cdd/joghurt-muffins-heidelbeeren.jpg","img.chefkoch-cdn.de"
"C:\Meine Webseiten\freebasis\www.chefkoch.de\index.html","https://img.chefkoch-cdn.de/images/crop-480x270/content/f/270734/73e2f29cdd/joghurt-muffins-heidelbeeren.jpg","img.chefkoch-cdn.de"
"C:\Meine Webseiten\freebasis\www.chefkoch.de\index.html","https://img.chefkoch-cdn.de/images/crop-640x360/content/f/270734/73e2f29cdd/joghurt-muffins-heidelbeeren.jpg","img.chefkoch-cdn.de"
"C:\Meine Webseiten\freebasis\www.chefkoch.de\index.html","https://img.chefkoch-cdn.de/images/crop-958x539/content/f/270734/73e2f29cdd/joghurt-muffins-heidelbeeren.jpg","img.chefkoch-cdn.de"
"C:\Meine Webseiten\freebasis\www.chefkoch.de\index.html","https://www.chefkoch.de/magazin/artikel/198974396184379-cherry-pie","www.chefkoch.de"
"C:\Meine Webseiten\freebasis\www.chefkoch.de\index.html","https://img.chefkoch-cdn.de/images/crop-640x360/content/f/270734/2ccd05e82f/cherry-pie.jpg","img.chefkoch-cdn.de"
"C:\Meine Webseiten\freebasis\www.chefkoch.de\index.html","https://img.chefkoch-cdn.de/images/crop-320x180/content/f/270734/2ccd05e82f/cherry-pie.jpg","img.chefkoch-cdn.de"
"C:\Meine Webseiten\freebasis\www.chefkoch.de\index.html","https://img.chefkoch-cdn.de/images/crop-480x270/content/f/270734/2ccd05e82f/cherry-pie.jpg","img.chefkoch-cdn.de"
"C:\Meine Webseiten\freebasis\www.chefkoch.de\index.html","https://img.chefkoch-cdn.de/images/crop-640x360/content/f/270734/2ccd05e82f/cherry-pie.jpg","img.chefkoch-cdn.de"
"C:\Meine Webseiten\freebasis\www.chefkoch.de\index.html","https://img.chefkoch-cdn.de/images/crop-958x539/content/f/270734/2ccd05e82f/cherry-pie.jpg","img.chefkoch-cdn.de"
"C:\Meine Webseiten\freebasis\www.chefkoch.de\index.html","https://www.chefkoch.de/magazin/artikel/200136059499229-johannisbeer-muffins-mit-joghurt","www.chefkoch.de"
"C:\Meine Webseiten\freebasis\www.chefkoch.de\index.html","https://img.chefkoch-cdn.de/images/crop-640x360/content/f/270734/12e6f7de35/johannisbeer-muffins-mit-joghurt.jpg","img.chefkoch-cdn.de"
"C:\Meine Webseiten\freebasis\www.chefkoch.de\index.html","https://img.chefkoch-cdn.de/images/crop-320x180/content/f/270734/12e6f7de35/johannisbeer-muffins-mit-joghurt.jpg","img.chefkoch-cdn.de"
"C:\Meine Webseiten\freebasis\www.chefkoch.de\index.html","https://img.chefkoch-cdn.de/images/crop-480x270/content/f/270734/12e6f7de35/johannisbeer-muffins-mit-joghurt.jpg","img.chefkoch-cdn.de"
"C:\Meine Webseiten\freebasis\www.chefkoch.de\index.html","https://img.chefkoch-cdn.de/images/crop-640x360/content/f/270734/12e6f7de35/johannisbeer-muffins-mit-joghurt.jpg","img.chefkoch-cdn.de"
"C:\Meine Webseiten\freebasis\www.chefkoch.de\index.html","https://img.chefkoch-cdn.de/images/crop-958x539/content/f/270734/12e6f7de35/johannisbeer-muffins-mit-joghurt.jpg","img.chefkoch-cdn.de"
"C:\Meine Webseiten\freebasis\www.chefkoch.de\index.html","https://www.chefkoch.de/magazin/artikel/197933542736218-johannisbeer-streusel-schnitten-2","www.chefkoch.de"
"C:\Meine Webseiten\freebasis\www.chefkoch.de\index.html","https://img.chefkoch-cdn.de/images/crop-640x360/content/f/270734/2d402df6ab/johannisbeer-streusel-schnitten.jpg","img.chefkoch-cdn.de"
"C:\Meine Webseiten\freebasis\www.chefkoch.de\index.html","https://img.chefkoch-cdn.de/images/crop-320x180/content/f/270734/2d402df6ab/johannisbeer-streusel-schnitten.jpg","img.chefkoch-cdn.de"
"C:\Meine Webseiten\freebasis\www.chefkoch.de\index.html","https://img.chefkoch-cdn.de/images/crop-480x270/content/f/270734/2d402df6ab/johannisbeer-streusel-schnitten.jpg","img.chefkoch-cdn.de"
"C:\Meine Webseiten\freebasis\www.chefkoch.de\index.html","https://img.chefkoch-cdn.de/images/crop-640x360/content/f/270734/2d402df6ab/johannisbeer-streusel-schnitten.jpg","img.chefkoch-cdn.de"
"C:\Meine Webseiten\freebasis\www.chefkoch.de\index.html","https://img.chefkoch-cdn.de/images/crop-958x539/content/f/270734/2d402df6ab/johannisbeer-streusel-schnitten.jpg","img.chefkoch-cdn.de"
"C:\Meine Webseiten\freebasis\www.chefkoch.de\index.html","https://www.chefkoch.de/magazin/artikel/161551125670648-stracciatella-erdbeer-torte-10","www.chefkoch.de"
"C:\Meine Webseiten\freebasis\www.chefkoch.de\index.html","https://img.chefkoch-cdn.de/images/crop-640x360/content/f/270734/2121x1193/b53fc06ac2/stracciatella-erdbeer-torte.jpg","img.chefkoch-cdn.de"
"C:\Meine Webseiten\freebasis\www.chefkoch.de\index.html","https://img.chefkoch-cdn.de/images/crop-320x180/content/f/270734/2121x1193/b53fc06ac2/stracciatella-erdbeer-torte.jpg","img.chefkoch-cdn.de"
"C:\Meine Webseiten\freebasis\www.chefkoch.de\index.html","https://img.chefkoch-cdn.de/images/crop-480x270/content/f/270734/2121x1193/b53fc06ac2/stracciatella-erdbeer-torte.jpg","img.chefkoch-cdn.de"
"C:\Meine Webseiten\freebasis\www.chefkoch.de\index.html","https://img.chefkoch-cdn.de/images/crop-640x360/content/f/270734/2121x1193/b53fc06ac2/stracciatella-erdbeer-torte.jpg","img.chefkoch-cdn.de"
"C:\Meine Webseiten\freebasis\www.chefkoch.de\index.html","https://img.chefkoch-cdn.de/images/crop-958x539/content/f/270734/2121x1193/b53fc06ac2/stracciatella-erdbeer-torte.jpg","img.chefkoch-cdn.de"
"C:\Meine Webseiten\freebasis\www.chefkoch.de\index.html","https://www.chefkoch.de/magazin/artikel/665804690-pflaumenkuchen-schnelle-und-klassische-varianten-1","www.chefkoch.de"
"C:\Meine Webseiten\freebasis\www.chefkoch.de\index.html","https://img.chefkoch-cdn.de/images/crop-640x360/content/f/270734/1200x675/41ad8a1ec5/zwetschgenkuchen_vierschichtig.jpg","img.chefkoch-cdn.de"
"C:\Meine Webseiten\freebasis\www.chefkoch.de\index.html","https://img.chefkoch-cdn.de/images/crop-320x180/content/f/270734/1200x675/41ad8a1ec5/zwetschgenkuchen_vierschichtig.jpg","img.chefkoch-cdn.de"
"C:\Meine Webseiten\freebasis\www.chefkoch.de\index.html","https://img.chefkoch-cdn.de/images/crop-480x270/content/f/270734/1200x675/41ad8a1ec5/zwetschgenkuchen_vierschichtig.jpg","img.chefkoch-cdn.de"
"C:\Meine Webseiten\freebasis\www.chefkoch.de\index.html","https://img.chefkoch-cdn.de/images/crop-640x360/content/f/270734/1200x675/41ad8a1ec5/zwetschgenkuchen_vierschichtig.jpg","img.chefkoch-cdn.de"
"C:\Meine Webseiten\freebasis\www.chefkoch.de\index.html","https://img.chefkoch-cdn.de/images/crop-958x539/content/f/270734/1200x675/41ad8a1ec5/zwetschgenkuchen_vierschichtig.jpg","img.chefkoch-cdn.de"
"C:\Meine Webseiten\freebasis\www.chefkoch.de\index.html","https://www.chefkoch.de/magazin/artikel/200789330605686-heidelbeer-shortbread","www.chefkoch.de"
"C:\Meine Webseiten\freebasis\www.chefkoch.de\index.html","https://img.chefkoch-cdn.de/images/crop-640x360/content/f/270734/dcb019b68e/heidelbeer-shortbread.jpg","img.chefkoch-cdn.de"
"C:\Meine Webseiten\freebasis\www.chefkoch.de\index.html","https://img.chefkoch-cdn.de/images/crop-320x180/content/f/270734/dcb019b68e/heidelbeer-shortbread.jpg","img.chefkoch-cdn.de"
"C:\Meine Webseiten\freebasis\www.chefkoch.de\index.html","https://img.chefkoch-cdn.de/images/crop-480x270/content/f/270734/dcb019b68e/heidelbeer-shortbread.jpg","img.chefkoch-cdn.de"
"C:\Meine Webseiten\freebasis\www.chefkoch.de\index.html","https://img.chefkoch-cdn.de/images/crop-640x360/content/f/270734/dcb019b68e/heidelbeer-shortbread.jpg","img.chefkoch-cdn.de"
"C:\Meine Webseiten\freebasis\www.chefkoch.de\index.html","https://img.chefkoch-cdn.de/images/crop-958x539/content/f/270734/dcb019b68e/heidelbeer-shortbread.jpg","img.chefkoch-cdn.de"
"C:\Meine Webseiten\freebasis\www.chefkoch.de\index.html","https://www.chefkoch.de/magazin/artikel/200766961774757-orangen-kokos-cheesecake","www.chefkoch.de"
"C:\Meine Webseiten\freebasis\www.chefkoch.de\index.html","https://img.chefkoch-cdn.de/images/crop-640x360/content/f/270734/4accfdc68c/orangen-kokos-cheesecake.jpg","img.chefkoch-cdn.de"
"C:\Meine Webseiten\freebasis\www.chefkoch.de\index.html","https://img.chefkoch-cdn.de/images/crop-320x180/content/f/270734/4accfdc68c/orangen-kokos-cheesecake.jpg","img.chefkoch-cdn.de"
"C:\Meine Webseiten\freebasis\www.chefkoch.de\index.html","https://img.chefkoch-cdn.de/images/crop-480x270/content/f/270734/4accfdc68c/orangen-kokos-cheesecake.jpg","img.chefkoch-cdn.de"
"C:\Meine Webseiten\freebasis\www.chefkoch.de\index.html","https://img.chefkoch-cdn.de/images/crop-640x360/content/f/270734/4accfdc68c/orangen-kokos-cheesecake.jpg","img.chefkoch-cdn.de"
"C:\Meine Webseiten\freebasis\www.chefkoch.de\index.html","https://img.chefkoch-cdn.de/images/crop-958x539/content/f/270734/4accfdc68c/orangen-kokos-cheesecake.jpg","img.chefkoch-cdn.de"
"C:\Meine Webseiten\freebasis\www.chefkoch.de\index.html","https://www.chefkoch.de/magazin/artikel/200152050582595-bananen-skyr-schnitten","www.chefkoch.de"
"C:\Meine Webseiten\freebasis\www.chefkoch.de\index.html","https://img.chefkoch-cdn.de/images/crop-640x360/content/f/270734/bcf235d804/bananen-skyr-schnitten.jpg","img.chefkoch-cdn.de"
"C:\Meine Webseiten\freebasis\www.chefkoch.de\index.html","https://img.chefkoch-cdn.de/images/crop-320x180/content/f/270734/bcf235d804/bananen-skyr-schnitten.jpg","img.chefkoch-cdn.de"
"C:\Meine Webseiten\freebasis\www.chefkoch.de\index.html","https://img.chefkoch-cdn.de/images/crop-480x270/content/f/270734/bcf235d804/bananen-skyr-schnitten.jpg","img.chefkoch-cdn.de"
"C:\Meine Webseiten\freebasis\www.chefkoch.de\index.html","https://img.chefkoch-cdn.de/images/crop-640x360/content/f/270734/bcf235d804/bananen-skyr-schnitten.jpg","img.chefkoch-cdn.de"
"C:\Meine Webseiten\freebasis\www.chefkoch.de\index.html","https://img.chefkoch-cdn.de/images/crop-958x539/content/f/270734/bcf235d804/bananen-skyr-schnitten.jpg","img.chefkoch-cdn.de"
"C:\Meine Webseiten\freebasis\www.chefkoch.de\index.html","https://www.chefkoch.de/magazin/kategorie/612957051-vegetarisch-und-vegan","www.chefkoch.de"
"C:\Meine Webseiten\freebasis\www.chefkoch.de\index.html","https://www.chefkoch.de/magazin/artikel/202977209516236-pflanzliche-lebensmittel-mit-ueberraschend-viel-protein","www.chefkoch.de"
"C:\Meine Webseiten\freebasis\www.chefkoch.de\index.html","https://img.chefkoch-cdn.de/images/crop-640x360/content/f/270734/6024x3389/e951d0a31f/sojagranulat-adobestock-marinela_1957185295.jpeg","img.chefkoch-cdn.de"
"C:\Meine Webseiten\freebasis\www.chefkoch.de\index.html","https://img.chefkoch-cdn.de/images/crop-320x180/content/f/270734/6024x3389/e951d0a31f/sojagranulat-adobestock-marinela_1957185295.jpeg","img.chefkoch-cdn.de"
"C:\Meine Webseiten\freebasis\www.chefkoch.de\index.html","https://img.chefkoch-cdn.de/images/crop-480x270/content/f/270734/6024x3389/e951d0a31f/sojagranulat-adobestock-marinela_1957185295.jpeg","img.chefkoch-cdn.de"
"C:\Meine Webseiten\freebasis\www.chefkoch.de\index.html","https://img.chefkoch-cdn.de/images/crop-640x360/content/f/270734/6024x3389/e951d0a31f/sojagranulat-adobestock-marinela_1957185295.jpeg","img.chefkoch-cdn.de"
"C:\Meine Webseiten\freebasis\www.chefkoch.de\index.html","https://img.chefkoch-cdn.de/images/crop-958x539/content/f/270734/6024x3389/e951d0a31f/sojagranulat-adobestock-marinela_1957185295.jpeg","img.chefkoch-cdn.de"
"C:\Meine Webseiten\freebasis\www.chefkoch.de\index.html","https://www.chefkoch.de/magazin/artikel/196267945014900-so-gelingen-perfekte-falafel-5-einfache-tipps","www.chefkoch.de"
"C:\Meine Webseiten\freebasis\www.chefkoch.de\index.html","https://img.chefkoch-cdn.de/images/crop-640x360/content/f/270734/4946x3297/06804d329a/falafel-ballchen-quer-1.jpg","img.chefkoch-cdn.de"
"C:\Meine Webseiten\freebasis\www.chefkoch.de\index.html","https://img.chefkoch-cdn.de/images/crop-320x180/content/f/270734/4946x3297/06804d329a/falafel-ballchen-quer-1.jpg","img.chefkoch-cdn.de"
"C:\Meine Webseiten\freebasis\www.chefkoch.de\index.html","https://img.chefkoch-cdn.de/images/crop-480x270/content/f/270734/4946x3297/06804d329a/falafel-ballchen-quer-1.jpg","img.chefkoch-cdn.de"
"C:\Meine Webseiten\freebasis\www.chefkoch.de\index.html","https://img.chefkoch-cdn.de/images/crop-640x360/content/f/270734/4946x3297/06804d329a/falafel-ballchen-quer-1.jpg","img.chefkoch-cdn.de"
"C:\Meine Webseiten\freebasis\www.chefkoch.de\index.html","https://img.chefkoch-cdn.de/images/crop-958x539/content/f/270734/4946x3297/06804d329a/falafel-ballchen-quer-1.jpg","img.chefkoch-cdn.de"
"C:\Meine Webseiten\freebasis\www.chefkoch.de\index.html","https://www.chefkoch.de/magazin/artikel/69511724960656-halloumi-burger-mit-avocado-gemuese-und-coleslaw-1","www.chefkoch.de"
"C:\Meine Webseiten\freebasis\www.chefkoch.de\index.html","https://img.chefkoch-cdn.de/images/crop-640x360/content/f/270734/1200x675/1b1c51aa58/halloumi-burger.jpg","img.chefkoch-cdn.de"
"C:\Meine Webseiten\freebasis\www.chefkoch.de\index.html","https://img.chefkoch-cdn.de/images/crop-320x180/content/f/270734/1200x675/1b1c51aa58/halloumi-burger.jpg","img.chefkoch-cdn.de"
"C:\Meine Webseiten\freebasis\www.chefkoch.de\index.html","https://img.chefkoch-cdn.de/images/crop-480x270/content/f/270734/1200x675/1b1c51aa58/halloumi-burger.jpg","img.chefkoch-cdn.de"
"C:\Meine Webseiten\freebasis\www.chefkoch.de\index.html","https://img.chefkoch-cdn.de/images/crop-640x360/content/f/270734/1200x675/1b1c51aa58/halloumi-burger.jpg","img.chefkoch-cdn.de"
"C:\Meine Webseiten\freebasis\www.chefkoch.de\index.html","https://img.chefkoch-cdn.de/images/crop-958x539/content/f/270734/1200x675/1b1c51aa58/halloumi-burger.jpg","img.chefkoch-cdn.de"
"C:\Meine Webseiten\freebasis\www.chefkoch.de\index.html","https://www.chefkoch.de/magazin/artikel/69191854187875-piadizza-kleine-schwester-der-pizza-1","www.chefkoch.de"
"C:\Meine Webseiten\freebasis\www.chefkoch.de\index.html","https://img.chefkoch-cdn.de/images/crop-640x360/content/f/270734/1200x675/c2916a5e4a/piadizza.jpg","img.chefkoch-cdn.de"
"C:\Meine Webseiten\freebasis\www.chefkoch.de\index.html","https://img.chefkoch-cdn.de/images/crop-320x180/content/f/270734/1200x675/c2916a5e4a/piadizza.jpg","img.chefkoch-cdn.de"
"C:\Meine Webseiten\freebasis\www.chefkoch.de\index.html","https://img.chefkoch-cdn.de/images/crop-480x270/content/f/270734/1200x675/c2916a5e4a/piadizza.jpg","img.chefkoch-cdn.de"
"C:\Meine Webseiten\freebasis\www.chefkoch.de\index.html","https://img.chefkoch-cdn.de/images/crop-640x360/content/f/270734/1200x675/c2916a5e4a/piadizza.jpg","img.chefkoch-cdn.de"
"C:\Meine Webseiten\freebasis\www.chefkoch.de\index.html","https://img.chefkoch-cdn.de/images/crop-958x539/content/f/270734/1200x675/c2916a5e4a/piadizza.jpg","img.chefkoch-cdn.de"
"C:\Meine Webseiten\freebasis\www.chefkoch.de\index.html","https://www.chefkoch.de/magazin/artikel/64123173022520-gnocchi-in-salbeibutter-1","www.chefkoch.de"
"C:\Meine Webseiten\freebasis\www.chefkoch.de\index.html","https://img.chefkoch-cdn.de/images/crop-640x360/content/f/270734/1200x675/afdffdf603/gnocchi-in-salbeibutter.jpg","img.chefkoch-cdn.de"
"C:\Meine Webseiten\freebasis\www.chefkoch.de\index.html","https://img.chefkoch-cdn.de/images/crop-320x180/content/f/270734/1200x675/afdffdf603/gnocchi-in-salbeibutter.jpg","img.chefkoch-cdn.de"
"C:\Meine Webseiten\freebasis\www.chefkoch.de\index.html","https://img.chefkoch-cdn.de/images/crop-480x270/content/f/270734/1200x675/afdffdf603/gnocchi-in-salbeibutter.jpg","img.chefkoch-cdn.de"
"C:\Meine Webseiten\freebasis\www.chefkoch.de\index.html","https://img.chefkoch-cdn.de/images/crop-640x360/content/f/270734/1200x675/afdffdf603/gnocchi-in-salbeibutter.jpg","img.chefkoch-cdn.de"
"C:\Meine Webseiten\freebasis\www.chefkoch.de\index.html","https://img.chefkoch-cdn.de/images/crop-958x539/content/f/270734/1200x675/afdffdf603/gnocchi-in-salbeibutter.jpg","img.chefkoch-cdn.de"
"C:\Meine Webseiten\freebasis\www.chefkoch.de\index.html","https://www.chefkoch.de/magazin/artikel/66386385313730-vegane-linsenbratlinge1","www.chefkoch.de"
"C:\Meine Webseiten\freebasis\www.chefkoch.de\index.html","https://img.chefkoch-cdn.de/images/crop-640x360/content/f/270734/1200x675/81c8df5afa/linsenbratlinge.jpg","img.chefkoch-cdn.de"
"C:\Meine Webseiten\freebasis\www.chefkoch.de\index.html","https://img.chefkoch-cdn.de/images/crop-320x180/content/f/270734/1200x675/81c8df5afa/linsenbratlinge.jpg","img.chefkoch-cdn.de"
"C:\Meine Webseiten\freebasis\www.chefkoch.de\index.html","https://img.chefkoch-cdn.de/images/crop-480x270/content/f/270734/1200x675/81c8df5afa/linsenbratlinge.jpg","img.chefkoch-cdn.de"
"C:\Meine Webseiten\freebasis\www.chefkoch.de\index.html","https://img.chefkoch-cdn.de/images/crop-640x360/content/f/270734/1200x675/81c8df5afa/linsenbratlinge.jpg","img.chefkoch-cdn.de"
"C:\Meine Webseiten\freebasis\www.chefkoch.de\index.html","https://img.chefkoch-cdn.de/images/crop-958x539/content/f/270734/1200x675/81c8df5afa/linsenbratlinge.jpg","img.chefkoch-cdn.de"
"C:\Meine Webseiten\freebasis\www.chefkoch.de\index.html","https://www.chefkoch.de/magazin/artikel/131146609764740-die-besten-veganen-burger-1","www.chefkoch.de"
"C:\Meine Webseiten\freebasis\www.chefkoch.de\index.html","https://img.chefkoch-cdn.de/images/crop-640x360/content/f/270734/4923x3282/aee05d0252/1511100-org-seitan-burger-mit-rote-bete-und-ofenkartoffeln.jpg","img.chefkoch-cdn.de"
"C:\Meine Webseiten\freebasis\www.chefkoch.de\index.html","https://img.chefkoch-cdn.de/images/crop-320x180/content/f/270734/4923x3282/aee05d0252/1511100-org-seitan-burger-mit-rote-bete-und-ofenkartoffeln.jpg","img.chefkoch-cdn.de"
"C:\Meine Webseiten\freebasis\www.chefkoch.de\index.html","https://img.chefkoch-cdn.de/images/crop-480x270/content/f/270734/4923x3282/aee05d0252/1511100-org-seitan-burger-mit-rote-bete-und-ofenkartoffeln.jpg","img.chefkoch-cdn.de"
"C:\Meine Webseiten\freebasis\www.chefkoch.de\index.html","https://img.chefkoch-cdn.de/images/crop-640x360/content/f/270734/4923x3282/aee05d0252/1511100-org-seitan-burger-mit-rote-bete-und-ofenkartoffeln.jpg","img.chefkoch-cdn.de"
"C:\Meine Webseiten\freebasis\www.chefkoch.de\index.html","https://img.chefkoch-cdn.de/images/crop-958x539/content/f/270734/4923x3282/aee05d0252/1511100-org-seitan-burger-mit-rote-bete-und-ofenkartoffeln.jpg","img.chefkoch-cdn.de"
"C:\Meine Webseiten\freebasis\www.chefkoch.de\index.html","https://www.chefkoch.de/magazin/artikel/75138224480780-flexitarier-weniger-fleisch-ganz-viel-genuss-1","www.chefkoch.de"
"C:\Meine Webseiten\freebasis\www.chefkoch.de\index.html","https://img.chefkoch-cdn.de/images/crop-640x360/content/f/270734/985x554/977a028bd8/marokkanische-bowl.jpg","img.chefkoch-cdn.de"
"C:\Meine Webseiten\freebasis\www.chefkoch.de\index.html","https://img.chefkoch-cdn.de/images/crop-320x180/content/f/270734/985x554/977a028bd8/marokkanische-bowl.jpg","img.chefkoch-cdn.de"
"C:\Meine Webseiten\freebasis\www.chefkoch.de\index.html","https://img.chefkoch-cdn.de/images/crop-480x270/content/f/270734/985x554/977a028bd8/marokkanische-bowl.jpg","img.chefkoch-cdn.de"
"C:\Meine Webseiten\freebasis\www.chefkoch.de\index.html","https://img.chefkoch-cdn.de/images/crop-640x360/content/f/270734/985x554/977a028bd8/marokkanische-bowl.jpg","img.chefkoch-cdn.de"
"C:\Meine Webseiten\freebasis\www.chefkoch.de\index.html","https://img.chefkoch-cdn.de/images/crop-958x539/content/f/270734/985x554/977a028bd8/marokkanische-bowl.jpg","img.chefkoch-cdn.de"
"C:\Meine Webseiten\freebasis\www.chefkoch.de\index.html","https://www.chefkoch.de/magazin/artikel/61715832718238-spinat-gemuese-lasagne-mit-tomatensauce-1","www.chefkoch.de"
"C:\Meine Webseiten\freebasis\www.chefkoch.de\index.html","https://img.chefkoch-cdn.de/images/crop-640x360/content/f/270734/1200x675/2dc82fac73/spinat-gemuse-lasagne-mit-tomatenauce.jpg","img.chefkoch-cdn.de"
"C:\Meine Webseiten\freebasis\www.chefkoch.de\index.html","https://img.chefkoch-cdn.de/images/crop-320x180/content/f/270734/1200x675/2dc82fac73/spinat-gemuse-lasagne-mit-tomatenauce.jpg","img.chefkoch-cdn.de"
"C:\Meine Webseiten\freebasis\www.chefkoch.de\index.html","https://img.chefkoch-cdn.de/images/crop-480x270/content/f/270734/1200x675/2dc82fac73/spinat-gemuse-lasagne-mit-tomatenauce.jpg","img.chefkoch-cdn.de"
"C:\Meine Webseiten\freebasis\www.chefkoch.de\index.html","https://img.chefkoch-cdn.de/images/crop-640x360/content/f/270734/1200x675/2dc82fac73/spinat-gemuse-lasagne-mit-tomatenauce.jpg","img.chefkoch-cdn.de"
"C:\Meine Webseiten\freebasis\www.chefkoch.de\index.html","https://img.chefkoch-cdn.de/images/crop-958x539/content/f/270734/1200x675/2dc82fac73/spinat-gemuse-lasagne-mit-tomatenauce.jpg","img.chefkoch-cdn.de"
"C:\Meine Webseiten\freebasis\www.chefkoch.de\index.html","https://www.chefkoch.de/rs/s0o6/Rezepte.html","www.chefkoch.de"
"C:\Meine Webseiten\freebasis\www.chefkoch.de\index.html","https://www.chefkoch.de/rezepte/4441541785841709/Haehnchenbrust-in-cremiger-Knoblauchsauce.html","www.chefkoch.de"
"C:\Meine Webseiten\freebasis\www.chefkoch.de\index.html","https://img.chefkoch-cdn.de/rezepte/4441541785841709/bilder/1630356/crop-640x800/haehnchenbrust-in-cremiger-knoblauchsauce.jpg","img.chefkoch-cdn.de"
"C:\Meine Webseiten\freebasis\www.chefkoch.de\index.html","https://img.chefkoch-cdn.de/rezepte/4441541785841709/bilder/1630356/crop-240x300/haehnchenbrust-in-cremiger-knoblauchsauce.jpg","img.chefkoch-cdn.de"
"C:\Meine Webseiten\freebasis\www.chefkoch.de\index.html","https://img.chefkoch-cdn.de/rezepte/4441541785841709/bilder/1630356/crop-320x400/haehnchenbrust-in-cremiger-knoblauchsauce.jpg","img.chefkoch-cdn.de"
"C:\Meine Webseiten\freebasis\www.chefkoch.de\index.html","https://img.chefkoch-cdn.de/rezepte/4441541785841709/bilder/1630356/crop-480x600/haehnchenbrust-in-cremiger-knoblauchsauce.jpg","img.chefkoch-cdn.de"
"C:\Meine Webseiten\freebasis\www.chefkoch.de\index.html","https://img.chefkoch-cdn.de/rezepte/4441541785841709/bilder/1630356/crop-640x800/haehnchenbrust-in-cremiger-knoblauchsauce.jpg","img.chefkoch-cdn.de"
"C:\Meine Webseiten\freebasis\www.chefkoch.de\index.html","https://www.chefkoch.de/rezepte/4439991785147135/Marrons-suisses-Schweizer-Maronen.html","www.chefkoch.de"
"C:\Meine Webseiten\freebasis\www.chefkoch.de\index.html","https://img.chefkoch-cdn.de/rezepte/4439991785147135/bilder/1629764/crop-640x800/marrons-suisses-schweizer-maronen.jpg","img.chefkoch-cdn.de"
"C:\Meine Webseiten\freebasis\www.chefkoch.de\index.html","https://img.chefkoch-cdn.de/rezepte/4439991785147135/bilder/1629764/crop-240x300/marrons-suisses-schweizer-maronen.jpg","img.chefkoch-cdn.de"
"C:\Meine Webseiten\freebasis\www.chefkoch.de\index.html","https://img.chefkoch-cdn.de/rezepte/4439991785147135/bilder/1629764/crop-320x400/marrons-suisses-schweizer-maronen.jpg","img.chefkoch-cdn.de"
"C:\Meine Webseiten\freebasis\www.chefkoch.de\index.html","https://img.chefkoch-cdn.de/rezepte/4439991785147135/bilder/1629764/crop-480x600/marrons-suisses-schweizer-maronen.jpg","img.chefkoch-cdn.de"
"C:\Meine Webseiten\freebasis\www.chefkoch.de\index.html","https://img.chefkoch-cdn.de/rezepte/4439991785147135/bilder/1629764/crop-640x800/marrons-suisses-schweizer-maronen.jpg","img.chefkoch-cdn.de"
"C:\Meine Webseiten\freebasis\www.chefkoch.de\index.html","https://www.chefkoch.de/rezepte/4439921785082918/Kartoffelsalat-leicht-und-schnell.html","www.chefkoch.de"
"C:\Meine Webseiten\freebasis\www.chefkoch.de\index.html","https://img.chefkoch-cdn.de/rezepte/4439921785082918/bilder/1629730/crop-640x800/kartoffelsalat-leicht-und-schnell.jpg","img.chefkoch-cdn.de"
"C:\Meine Webseiten\freebasis\www.chefkoch.de\index.html","https://img.chefkoch-cdn.de/rezepte/4439921785082918/bilder/1629730/crop-240x300/kartoffelsalat-leicht-und-schnell.jpg","img.chefkoch-cdn.de"
"C:\Meine Webseiten\freebasis\www.chefkoch.de\index.html","https://img.chefkoch-cdn.de/rezepte/4439921785082918/bilder/1629730/crop-320x400/kartoffelsalat-leicht-und-schnell.jpg","img.chefkoch-cdn.de"
"C:\Meine Webseiten\freebasis\www.chefkoch.de\index.html","https://img.chefkoch-cdn.de/rezepte/4439921785082918/bilder/1629730/crop-480x600/kartoffelsalat-leicht-und-schnell.jpg","img.chefkoch-cdn.de"
"C:\Meine Webseiten\freebasis\www.chefkoch.de\index.html","https://img.chefkoch-cdn.de/rezepte/4439921785082918/bilder/1629730/crop-640x800/kartoffelsalat-leicht-und-schnell.jpg","img.chefkoch-cdn.de"
"C:\Meine Webseiten\freebasis\www.chefkoch.de\index.html","https://www.chefkoch.de/rezepte/4439911785081843/Rum-Butterplaetzchen.html","www.chefkoch.de"
"C:\Meine Webseiten\freebasis\www.chefkoch.de\index.html","https://img.chefkoch-cdn.de/rezepte/4439911785081843/bilder/1629729/crop-640x800/rum-butterplaetzchen.jpg","img.chefkoch-cdn.de"
"C:\Meine Webseiten\freebasis\www.chefkoch.de\index.html","https://img.chefkoch-cdn.de/rezepte/4439911785081843/bilder/1629729/crop-240x300/rum-butterplaetzchen.jpg","img.chefkoch-cdn.de"
"C:\Meine Webseiten\freebasis\www.chefkoch.de\index.html","https://img.chefkoch-cdn.de/rezepte/4439911785081843/bilder/1629729/crop-320x400/rum-butterplaetzchen.jpg","img.chefkoch-cdn.de"
"C:\Meine Webseiten\freebasis\www.chefkoch.de\index.html","https://img.chefkoch-cdn.de/rezepte/4439911785081843/bilder/1629729/crop-480x600/rum-butterplaetzchen.jpg","img.chefkoch-cdn.de"
"C:\Meine Webseiten\freebasis\www.chefkoch.de\index.html","https://img.chefkoch-cdn.de/rezepte/4439911785081843/bilder/1629729/crop-640x800/rum-butterplaetzchen.jpg","img.chefkoch-cdn.de"
"C:\Meine Webseiten\freebasis\www.chefkoch.de\index.html","https://www.chefkoch.de/rezepte/4439901785079678/Sossenschmieds-Butter-Chicken-fuer-den-Slow-Cooker.html","www.chefkoch.de"
"C:\Meine Webseiten\freebasis\www.chefkoch.de\index.html","https://img.chefkoch-cdn.de/rezepte/4439901785079678/bilder/1629722/crop-640x800/sossenschmieds-butter-chicken-fuer-den-slow-cooker.jpg","img.chefkoch-cdn.de"
"C:\Meine Webseiten\freebasis\www.chefkoch.de\index.html","https://img.chefkoch-cdn.de/rezepte/4439901785079678/bilder/1629722/crop-240x300/sossenschmieds-butter-chicken-fuer-den-slow-cooker.jpg","img.chefkoch-cdn.de"
"C:\Meine Webseiten\freebasis\www.chefkoch.de\index.html","https://img.chefkoch-cdn.de/rezepte/4439901785079678/bilder/1629722/crop-320x400/sossenschmieds-butter-chicken-fuer-den-slow-cooker.jpg","img.chefkoch-cdn.de"
"C:\Meine Webseiten\freebasis\www.chefkoch.de\index.html","https://img.chefkoch-cdn.de/rezepte/4439901785079678/bilder/1629722/crop-480x600/sossenschmieds-butter-chicken-fuer-den-slow-cooker.jpg","img.chefkoch-cdn.de"
"C:\Meine Webseiten\freebasis\www.chefkoch.de\index.html","https://img.chefkoch-cdn.de/rezepte/4439901785079678/bilder/1629722/crop-640x800/sossenschmieds-butter-chicken-fuer-den-slow-cooker.jpg","img.chefkoch-cdn.de"
"C:\Meine Webseiten\freebasis\www.chefkoch.de\index.html","https://www.chefkoch.de/rezepte/4439881785078370/Beeren-Streuselkuchen.html","www.chefkoch.de"
"C:\Meine Webseiten\freebasis\www.chefkoch.de\index.html","https://img.chefkoch-cdn.de/rezepte/4439881785078370/bilder/1629720/crop-640x800/beeren-streuselkuchen.jpg","img.chefkoch-cdn.de"
"C:\Meine Webseiten\freebasis\www.chefkoch.de\index.html","https://img.chefkoch-cdn.de/rezepte/4439881785078370/bilder/1629720/crop-240x300/beeren-streuselkuchen.jpg","img.chefkoch-cdn.de"
"C:\Meine Webseiten\freebasis\www.chefkoch.de\index.html","https://img.chefkoch-cdn.de/rezepte/4439881785078370/bilder/1629720/crop-320x400/beeren-streuselkuchen.jpg","img.chefkoch-cdn.de"
"C:\Meine Webseiten\freebasis\www.chefkoch.de\index.html","https://img.chefkoch-cdn.de/rezepte/4439881785078370/bilder/1629720/crop-480x600/beeren-streuselkuchen.jpg","img.chefkoch-cdn.de"
"C:\Meine Webseiten\freebasis\www.chefkoch.de\index.html","https://img.chefkoch-cdn.de/rezepte/4439881785078370/bilder/1629720/crop-640x800/beeren-streuselkuchen.jpg","img.chefkoch-cdn.de"
"C:\Meine Webseiten\freebasis\www.chefkoch.de\index.html","https://www.chefkoch.de/rezepte/4439741784980558/Tiramisu-Baellchen-mit-Nutellafuellung.html","www.chefkoch.de"
"C:\Meine Webseiten\freebasis\www.chefkoch.de\index.html","https://img.chefkoch-cdn.de/rezepte/4439741784980558/bilder/1629637/crop-640x800/tiramisu-baellchen-mit-nutellafuellung.jpg","img.chefkoch-cdn.de"
"C:\Meine Webseiten\freebasis\www.chefkoch.de\index.html","https://img.chefkoch-cdn.de/rezepte/4439741784980558/bilder/1629637/crop-240x300/tiramisu-baellchen-mit-nutellafuellung.jpg","img.chefkoch-cdn.de"
"C:\Meine Webseiten\freebasis\www.chefkoch.de\index.html","https://img.chefkoch-cdn.de/rezepte/4439741784980558/bilder/1629637/crop-320x400/tiramisu-baellchen-mit-nutellafuellung.jpg","img.chefkoch-cdn.de"
"C:\Meine Webseiten\freebasis\www.chefkoch.de\index.html","https://img.chefkoch-cdn.de/rezepte/4439741784980558/bilder/1629637/crop-480x600/tiramisu-baellchen-mit-nutellafuellung.jpg","img.chefkoch-cdn.de"
"C:\Meine Webseiten\freebasis\www.chefkoch.de\index.html","https://img.chefkoch-cdn.de/rezepte/4439741784980558/bilder/1629637/crop-640x800/tiramisu-baellchen-mit-nutellafuellung.jpg","img.chefkoch-cdn.de"
"C:\Meine Webseiten\freebasis\www.chefkoch.de\index.html","https://www.chefkoch.de/rezepte/4439731784976193/Sauce-nach-Bolognese-Art-mit-Sonnenblumen-Hack.html","www.chefkoch.de"
"C:\Meine Webseiten\freebasis\www.chefkoch.de\index.html","https://img.chefkoch-cdn.de/rezepte/4439731784976193/bilder/1629628/crop-640x800/sauce-nach-bolognese-art-mit-sonnenblumen-hack.jpg","img.chefkoch-cdn.de"
"C:\Meine Webseiten\freebasis\www.chefkoch.de\index.html","https://img.chefkoch-cdn.de/rezepte/4439731784976193/bilder/1629628/crop-240x300/sauce-nach-bolognese-art-mit-sonnenblumen-hack.jpg","img.chefkoch-cdn.de"
"C:\Meine Webseiten\freebasis\www.chefkoch.de\index.html","https://img.chefkoch-cdn.de/rezepte/4439731784976193/bilder/1629628/crop-320x400/sauce-nach-bolognese-art-mit-sonnenblumen-hack.jpg","img.chefkoch-cdn.de"
"C:\Meine Webseiten\freebasis\www.chefkoch.de\index.html","https://img.chefkoch-cdn.de/rezepte/4439731784976193/bilder/1629628/crop-480x600/sauce-nach-bolognese-art-mit-sonnenblumen-hack.jpg","img.chefkoch-cdn.de"
"C:\Meine Webseiten\freebasis\www.chefkoch.de\index.html","https://img.chefkoch-cdn.de/rezepte/4439731784976193/bilder/1629628/crop-640x800/sauce-nach-bolognese-art-mit-sonnenblumen-hack.jpg","img.chefkoch-cdn.de"
"C:\Meine Webseiten\freebasis\www.chefkoch.de\index.html","https://www.chefkoch.de/rezepte/4439721784973061/Leinoelbutter-streichzart.html","www.chefkoch.de"
"C:\Meine Webseiten\freebasis\www.chefkoch.de\index.html","https://img.chefkoch-cdn.de/rezepte/4439721784973061/bilder/1629619/crop-640x800/leinoelbutter-streichzart.jpg","img.chefkoch-cdn.de"
"C:\Meine Webseiten\freebasis\www.chefkoch.de\index.html","https://img.chefkoch-cdn.de/rezepte/4439721784973061/bilder/1629619/crop-240x300/leinoelbutter-streichzart.jpg","img.chefkoch-cdn.de"
"C:\Meine Webseiten\freebasis\www.chefkoch.de\index.html","https://img.chefkoch-cdn.de/rezepte/4439721784973061/bilder/1629619/crop-320x400/leinoelbutter-streichzart.jpg","img.chefkoch-cdn.de"
"C:\Meine Webseiten\freebasis\www.chefkoch.de\index.html","https://img.chefkoch-cdn.de/rezepte/4439721784973061/bilder/1629619/crop-480x600/leinoelbutter-streichzart.jpg","img.chefkoch-cdn.de"
"C:\Meine Webseiten\freebasis\www.chefkoch.de\index.html","https://img.chefkoch-cdn.de/rezepte/4439721784973061/bilder/1629619/crop-640x800/leinoelbutter-streichzart.jpg","img.chefkoch-cdn.de"
"C:\Meine Webseiten\freebasis\www.chefkoch.de\index.html","https://www.chefkoch.de/rezepte/4439711784963877/Arme-Ritter.html","www.chefkoch.de"
"C:\Meine Webseiten\freebasis\www.chefkoch.de\index.html","https://img.chefkoch-cdn.de/rezepte/4439711784963877/bilder/1629601/crop-640x800/arme-ritter.jpg","img.chefkoch-cdn.de"
"C:\Meine Webseiten\freebasis\www.chefkoch.de\index.html","https://img.chefkoch-cdn.de/rezepte/4439711784963877/bilder/1629601/crop-240x300/arme-ritter.jpg","img.chefkoch-cdn.de"
"C:\Meine Webseiten\freebasis\www.chefkoch.de\index.html","https://img.chefkoch-cdn.de/rezepte/4439711784963877/bilder/1629601/crop-320x400/arme-ritter.jpg","img.chefkoch-cdn.de"
"C:\Meine Webseiten\freebasis\www.chefkoch.de\index.html","https://img.chefkoch-cdn.de/rezepte/4439711784963877/bilder/1629601/crop-480x600/arme-ritter.jpg","img.chefkoch-cdn.de"
"C:\Meine Webseiten\freebasis\www.chefkoch.de\index.html","https://img.chefkoch-cdn.de/rezepte/4439711784963877/bilder/1629601/crop-640x800/arme-ritter.jpg","img.chefkoch-cdn.de"
"C:\Meine Webseiten\freebasis\www.chefkoch.de\index.html","https://img.chefkoch-cdn.de/","img.chefkoch-cdn.de"
"C:\Meine Webseiten\freebasis\www.chefkoch.de\index.html","https://www.chefkoch.de/\u002F\u002Fwww.chefkoch.de\u002F","www.chefkoch.de"
"C:\Meine Webseiten\freebasis\www.chefkoch.de\index.html","https://www.chefkoch.de/\u002F\u002Fschema.org","www.chefkoch.de"
"C:\Meine Webseiten\freebasis\www.chefkoch.de\index.html","https://www.chefkoch.de/\u002F\u002Fwww.chefkoch.de\u002F#organization","www.chefkoch.de"
"C:\Meine Webseiten\freebasis\www.chefkoch.de\index.html","https://www.chefkoch.de/\u002F\u002Fimg.chefkoch-cdn.de\u002Fimg\u002Fck.de\u002Fck-logo-de.png","www.chefkoch.de"
"C:\Meine Webseiten\freebasis\www.chefkoch.de\index.html","https://www.chefkoch.de/\u002F\u002Fwww.facebook.com\u002Fchefkoch.de","www.chefkoch.de"
"C:\Meine Webseiten\freebasis\www.chefkoch.de\index.html","https://www.chefkoch.de/\u002F\u002Fwww.instagram.com\u002Fchefkoch\u002F","www.chefkoch.de"
"C:\Meine Webseiten\freebasis\www.chefkoch.de\index.html","https://www.chefkoch.de/\u002F\u002Fyoutube.com\u002Fuser\u002FChefkochDeTV","www.chefkoch.de"
"C:\Meine Webseiten\freebasis\www.chefkoch.de\index.html","https://www.chefkoch.de/\u002F\u002Fde.pinterest.com\u002Fchefkochde\u002F","www.chefkoch.de"
"C:\Meine Webseiten\freebasis\www.chefkoch.de\index.html","https://www.chefkoch.de/\u002F\u002Fwww.tiktok.com\u002F@chefkoch","www.chefkoch.de"
"C:\Meine Webseiten\freebasis\www.chefkoch.de\index.html","https://www.chefkoch.de/\u002F\u002Fwww.chefkoch.de\u002F#website","www.chefkoch.de"
"C:\Meine Webseiten\freebasis\www.chefkoch.de\index.html","https://www.chefkoch.de/\u002F\u002Fwww.chefkoch.de\u002Frs\u002Fs0\u002F{search_term_string}\u002FRezepte.html","www.chefkoch.de"
"C:\Meine Webseiten\freebasis\www.chefkoch.de\index.html","https://www.chefkoch.de/\u002F\u002Fwww.chefkoch.de\u002Frezepte\u002F","www.chefkoch.de"
"C:\Meine Webseiten\freebasis\www.chefkoch.de\index.html","https://www.chefkoch.de/\u002F\u002Fwww.chefkoch.de\u002Frezepte\u002Fwas-koche-ich-heute\u002F","www.chefkoch.de"
"C:\Meine Webseiten\freebasis\www.chefkoch.de\index.html","https://www.chefkoch.de/\u002F\u002Fwww.chefkoch.de\u002Frezepte\u002Fwas-backe-ich-heute\u002F","www.chefkoch.de"
"C:\Meine Webseiten\freebasis\www.chefkoch.de\index.html","https://www.chefkoch.de/\u002F\u002Fwww.chefkoch.de\u002Frezeptempfehlungen\u002F","www.chefkoch.de"
"C:\Meine Webseiten\freebasis\www.chefkoch.de\index.html","https://www.chefkoch.de/\u002F\u002Fwww.chefkoch.de\u002Frezept-des-tages\u002F","www.chefkoch.de"
"C:\Meine Webseiten\freebasis\www.chefkoch.de\index.html","https://www.chefkoch.de/\u002F\u002Fwww.chefkoch.de\u002Frezepte\u002Fzufallsrezept\u002F","www.chefkoch.de"
"C:\Meine Webseiten\freebasis\www.chefkoch.de\index.html","https://www.chefkoch.de/\u002F\u002Fwww.chefkoch.de\u002Fmagazin\u002Fkategorie\u002F612957128-kochvideos","www.chefkoch.de"
"C:\Meine Webseiten\freebasis\www.chefkoch.de\index.html","https://www.chefkoch.de/\u002F\u002Fwww.chefkoch.de\u002Fmagazin\u002F","www.chefkoch.de"
"C:\Meine Webseiten\freebasis\www.chefkoch.de\index.html","https://www.chefkoch.de/\u002F\u002Fwww.chefkoch.de\u002Fforum\u002F","www.chefkoch.de"
"C:\Meine Webseiten\freebasis\www.chefkoch.de\index.html","https://www.chefkoch.de/\u002F\u002Fwww.chefkoch.de\u002Frs\u002Fs0t23\u002FBacken-Rezepte.html","www.chefkoch.de"
"C:\Meine Webseiten\freebasis\www.chefkoch.de\index.html","https://www.chefkoch.de/\u002F\u002Fwww.chefkoch.de\u002Frs\u002Fs0t32\u002FVegetarisch-Rezepte.html","www.chefkoch.de"
"C:\Meine Webseiten\freebasis\www.chefkoch.de\index.html","https://www.chefkoch.de/\u002F\u002Fwww.chefkoch.de\u002Frs\u002Fs0\u002Fschnelle+gerichte\u002FRezepte.html","www.chefkoch.de"
"C:\Meine Webseiten\freebasis\www.chefkoch.de\index.html","https://www.chefkoch.de/\u002F\u002Fwww.chefkoch.de\u002Frs\u002Fs0o6\u002FRezepte.html","www.chefkoch.de"
"C:\Meine Webseiten\freebasis\www.chefkoch.de\index.html","https://www.chefkoch.de/\u002F\u002Fwww.chefkoch.de\u002Fplus","www.chefkoch.de"
"C:\Meine Webseiten\freebasis\www.chefkoch.de\index.html","https://www.chefkoch.de/\u002F\u002Fwww.chefkoch.de\u002Fzs\u002Fs0\u002FZutatensuche.html","www.chefkoch.de"
"C:\Meine Webseiten\freebasis\www.chefkoch.de\index.html","https://www.chefkoch.de/\u002F\u002Fwww.chefkoch.de\u002Fwochenplaner\u002F","www.chefkoch.de"
"C:\Meine Webseiten\freebasis\www.chefkoch.de\index.html","https://www.chefkoch.de/\u002F\u002Fwww.chefkoch.de\u002Fmagazin\u002Fartikel\u002F81560056566184-salat-im-glas-praktisch-und-lecker","www.chefkoch.de"
"C:\Meine Webseiten\freebasis\www.chefkoch.de\index.html","https://www.chefkoch.de/\u002F\u002Fwww.chefkoch.de\u002Fmagazin\u002Fartikel\u002F669814998-spaghetti-in-schinken-sahne-sauce-1","www.chefkoch.de"
"C:\Meine Webseiten\freebasis\www.chefkoch.de\index.html","https://www.chefkoch.de/\u002F\u002Fwww.chefkoch.de\u002Fmagazin\u002Fartikel\u002F185900961701150-aprikosenkuchen-und-co-saftiges-gebaeck-mit-aprikosen","www.chefkoch.de"
"C:\Meine Webseiten\freebasis\www.chefkoch.de\index.html","https://www.chefkoch.de/\u002F\u002Fwww.chefkoch.de\u002Fmagazin\u002Finspiration\u002Fgesunde-ernaehrung","www.chefkoch.de"
"C:\Meine Webseiten\freebasis\www.chefkoch.de\index.html","https://www.chefkoch.de/\u002F\u002Fwww.chefkoch.de\u002Fmagazin\u002Fartikel\u002F198386131511788-wir-suchen-eure-liebsten-urlaubsrezepte","www.chefkoch.de"
"C:\Meine Webseiten\freebasis\www.chefkoch.de\index.html","https://www.chefkoch.de/\u002F\u002Fwww.chefkoch.de\u002Fmagazin\u002Fartikel\u002F665091590-der-kohlrabi-deutsche-knolle-mit-frischem-aroma-1","www.chefkoch.de"
"C:\Meine Webseiten\freebasis\www.chefkoch.de\index.html","https://www.chefkoch.de/\u002F\u002Fwww.chefkoch.de\u002Fmagazin\u002Fartikel\u002F178907094517281-chefkoch-nachrichten-service","www.chefkoch.de"
"C:\Meine Webseiten\freebasis\www.chefkoch.de\index.html","https://www.chefkoch.de/\u002F\u002Fwww.chefkoch.de\u002Fmagazin\u002Fartikel\u002F624209231-die-besten-nudelsalate-vielfalt-pur-1","www.chefkoch.de"
"C:\Meine Webseiten\freebasis\www.chefkoch.de\index.html","https://www.chefkoch.de/\u002F\u002Fplus.chefkoch.de\u002Frezept-import\u002F","www.chefkoch.de"
"C:\Meine Webseiten\freebasis\www.chefkoch.de\index.html","https://www.chefkoch.de/\u002F\u002Flistening.sslsurvey.de\u002FC360S-chefkoch\u002F?WEBSITE=1","www.chefkoch.de"
"C:\Meine Webseiten\freebasis\www.chefkoch.de\index.html","https://www.chefkoch.de/\u002F\u002Fimg.chefkoch-cdn.de\u002Fcontent\u002Fillu\u002Fentry\u002F63828613909168\u002Fca8e8658-0043-4153-af09-e0923f1277cd--8713dc2d-5435-4845-9a15-1ebd78590974\u002Feb5eb7c7d933eed48b76c752a8dd38d7.svg","www.chefkoch.de"
"C:\Meine Webseiten\freebasis\www.chefkoch.de\index.html","https://www.chefkoch.de/\u002F\u002Fimg.chefkoch-cdn.de\u002Fcontent\u002Fillu\u002Fentry\u002F63828613909168\u002Fca8e8658-0043-4153-af09-e0923f1277cd--9216cb5a-23d6-46f9-b742-df31e73eb369\u002F499401dfab0416276d8397b05f577410.svg","www.chefkoch.de"
"C:\Meine Webseiten\freebasis\www.chefkoch.de\index.html","https://www.chefkoch.de/\u002F\u002Fimg.chefkoch-cdn.de\u002Fcontent\u002Fillu\u002Fentry\u002F63828613909168\u002Fca8e8658-0043-4153-af09-e0923f1277cd--3959f50f-2ed8-4e28-8077-c25a51b9ab18\u002F0a848ecae03aafd3e578f6abb8284d7c.svg","www.chefkoch.de"
"C:\Meine Webseiten\freebasis\www.chefkoch.de\index.html","https://www.chefkoch.de/\u002F\u002Fkochkurse.chefkoch.de\u002F","www.chefkoch.de"
"C:\Meine Webseiten\freebasis\www.chefkoch.de\index.html","https://www.chefkoch.de/\u002F\u002Fimg.chefkoch-cdn.de\u002Fcontent\u002Fillu\u002Fentry\u002F63828613909168\u002Fca8e8658-0043-4153-af09-e0923f1277cd--cf7662f6-998f-4ef9-b006-8b9c078d900c\u002F56e97893c551e78c1e4f0fbe7003a4f1.svg","www.chefkoch.de"
"C:\Meine Webseiten\freebasis\www.chefkoch.de\index.html","https://www.chefkoch.de/\u002F\u002Fwww.chefkoch.de\u002Frezeptsammlungen\u002F","www.chefkoch.de"
"C:\Meine Webseiten\freebasis\www.chefkoch.de\index.html","https://www.chefkoch.de/\u002F\u002Fimg.chefkoch-cdn.de\u002Fcontent\u002Fillu\u002Fentry\u002F63828613909168\u002Fca8e8658-0043-4153-af09-e0923f1277cd--fbf2bab2-52a5-447d-98a5-f83e77d9b605\u002Fae8a8d84791f10cde22b4b0eeb1ebcb2.svg","www.chefkoch.de"
"C:\Meine Webseiten\freebasis\www.chefkoch.de\index.html","https://www.chefkoch.de/\u002F\u002Fwww.chefkoch.de\u002Frezepte\u002F1687021276962431\u002FRussische-Sommersuppe.html","www.chefkoch.de"
"C:\Meine Webseiten\freebasis\www.chefkoch.de\index.html","https://www.chefkoch.de/\u002F\u002Fwww.chefkoch.de\u002Frezepte\u002F1469461251728268\u002FToeginger-Kaesepfannkuchen.html","www.chefkoch.de"
"C:\Meine Webseiten\freebasis\www.chefkoch.de\index.html","https://www.chefkoch.de/\u002F\u002Fwww.chefkoch.de\u002Frezepte\u002F461681139252228\u002FSchnelle-Pasta-mit-Karotten-Ingwer-und-Pinienkernen.html","www.chefkoch.de"
"C:\Meine Webseiten\freebasis\www.chefkoch.de\index.html","https://www.chefkoch.de/\u002F\u002Fwww.chefkoch.de\u002Fnewsletter\u002F","www.chefkoch.de"
"C:\Meine Webseiten\freebasis\www.chefkoch.de\index.html","https://www.chefkoch.de/\u002F\u002Fwww.chefkoch.de\u002Fmagazin\u002Fartikel\u002F151327089587967-palatschinken-einfaches-grundrezept-1","www.chefkoch.de"
"C:\Meine Webseiten\freebasis\www.chefkoch.de\index.html","https://www.chefkoch.de/\u002F\u002Fwww.chefkoch.de\u002Fmagazin\u002Fartikel\u002F201220340986530-die-leckersten-pesto-rezepte-jenseits-von-pasta-1","www.chefkoch.de"
"C:\Meine Webseiten\freebasis\www.chefkoch.de\index.html","https://www.chefkoch.de/\u002F\u002Fwww.chefkoch.de\u002Fuser\u002Fprofil\u002Fb8a8475c62452407c90b51789ea4b533","www.chefkoch.de"
"C:\Meine Webseiten\freebasis\www.chefkoch.de\index.html","https://www.chefkoch.de/\u002F\u002Fwww.chefkoch.de\u002Fmagazin\u002Fartikel\u002F203293753717500-joghurt-muffins-heidelbeeren","www.chefkoch.de"
"C:\Meine Webseiten\freebasis\www.chefkoch.de\index.html","https://www.chefkoch.de/\u002F\u002Fwww.chefkoch.de\u002Fmagazin\u002Fartikel\u002F202591504527766-lauch-haehnchen-pasta-1","www.chefkoch.de"
"C:\Meine Webseiten\freebasis\www.chefkoch.de\index.html","https://www.chefkoch.de/\u002F\u002Fwww.chefkoch.de\u002Fmagazin\u002Fartikel\u002F148094549499794-haehnchenpfanne-mit-zucchini-und-zuckerschoten","www.chefkoch.de"
"C:\Meine Webseiten\freebasis\www.chefkoch.de\index.html","https://www.chefkoch.de/\u002F\u002Fwww.chefkoch.de\u002Fmagazin\u002Fartikel\u002F201547813096546-general-tsos-chicken-1","www.chefkoch.de"
"C:\Meine Webseiten\freebasis\www.chefkoch.de\index.html","https://www.chefkoch.de/\u002F\u002Fwww.chefkoch.de\u002Fmagazin\u002Fartikel\u002F202977209516236-pflanzliche-lebensmittel-mit-ueberraschend-viel-protein","www.chefkoch.de"
"C:\Meine Webseiten\freebasis\www.chefkoch.de\index.html","https://www.chefkoch.de/\u002F\u002Fwww.chefkoch.de\u002Fmagazin\u002Fartikel\u002F196176537892322-pasta-alla-genovese-3","www.chefkoch.de"
"C:\Meine Webseiten\freebasis\www.chefkoch.de\index.html","https://www.chefkoch.de/\u002F\u002Fwww.chefkoch.de\u002Fmagazin\u002Fartikel\u002F196190633850443-medisterkaker-norwegische-frikadellen-3","www.chefkoch.de"
"C:\Meine Webseiten\freebasis\www.chefkoch.de\index.html","https://www.chefkoch.de/\u002F\u002Fwww.chefkoch.de\u002Fmagazin\u002Fartikel\u002F186244654935934-blaetterteigschnecken-mit-lachs-1","www.chefkoch.de"
"C:\Meine Webseiten\freebasis\www.chefkoch.de\index.html","https://www.chefkoch.de/\u002F\u002Fwww.chefkoch.de\u002Fmagazin\u002Fartikel\u002F185209554369299-zarangollo-murciano-2","www.chefkoch.de"
"C:\Meine Webseiten\freebasis\www.chefkoch.de\index.html","https://www.chefkoch.de/\u002F\u002Fwww.chefkoch.de\u002Fmagazin\u002Fartikel\u002F181742070137589-insalata-di-fagioli-e-tonno-1","www.chefkoch.de"
"C:\Meine Webseiten\freebasis\www.chefkoch.de\index.html","https://www.chefkoch.de/\u002F\u002Fwww.chefkoch.de\u002Fmagazin\u002Fkategorie\u002F68865953156104-highlights-der-redaktion","www.chefkoch.de"
"C:\Meine Webseiten\freebasis\www.chefkoch.de\index.html","https://www.chefkoch.de/\u002F\u002Fwww.chefkoch.de\u002Fmagazin\u002Fartikel\u002F82291710895776-kalte-suppen-gazpacho-co-1","www.chefkoch.de"
"C:\Meine Webseiten\freebasis\www.chefkoch.de\index.html","https://www.chefkoch.de/\u002F\u002Fwww.chefkoch.de\u002Fmagazin\u002Fartikel\u002F689901770-gesunde-snacks-fuer-kinder","www.chefkoch.de"
"C:\Meine Webseiten\freebasis\www.chefkoch.de\index.html","https://www.chefkoch.de/\u002F\u002Fwww.chefkoch.de\u002Fmagazin\u002Fartikel\u002F642619426-pommes-selber-machen-mit-ofen-topf-fritteuse-1","www.chefkoch.de"
"C:\Meine Webseiten\freebasis\www.chefkoch.de\index.html","https://www.chefkoch.de/\u002F\u002Fwww.chefkoch.de\u002Fmagazin\u002Fartikel\u002F61712948217921-afrikanisches-haehnchen-mit-reis","www.chefkoch.de"
"C:\Meine Webseiten\freebasis\www.chefkoch.de\index.html","https://www.chefkoch.de/\u002F\u002Fwww.chefkoch.de\u002Fmagazin\u002Fkategorie\u002F612938993-alltagskueche","www.chefkoch.de"
"C:\Meine Webseiten\freebasis\www.chefkoch.de\index.html","https://www.chefkoch.de/\u002F\u002Fimg.chefkoch-cdn.de\u002Fcontent\u002Fillu\u002Fkategorie\u002F612938993\u002Fentry\u002F562e11933bae03fea511c01df9f910b4.svg","www.chefkoch.de"
"C:\Meine Webseiten\freebasis\www.chefkoch.de\index.html","https://www.chefkoch.de/\u002F\u002Fimg.chefkoch-cdn.de\u002Fcontent\u002Fillu\u002Fkategorie\u002F612951341\u002Fentry\u002F87be725a0e28fe79e0cde9f3c671f198.svg","www.chefkoch.de"
"C:\Meine Webseiten\freebasis\www.chefkoch.de\index.html","https://www.chefkoch.de/\u002F\u002Fwww.chefkoch.de\u002Fmagazin\u002Fkategorie\u002F612951341-saisonkueche","www.chefkoch.de"
"C:\Meine Webseiten\freebasis\www.chefkoch.de\index.html","https://www.chefkoch.de/\u002F\u002Fimg.chefkoch-cdn.de\u002Fcontent\u002Fillu\u002Fkategorie\u002F612957051\u002Fentry\u002Fca74a971ee17410439f81c9efc5efe31.svg","www.chefkoch.de"
"C:\Meine Webseiten\freebasis\www.chefkoch.de\index.html","https://www.chefkoch.de/\u002F\u002Fwww.chefkoch.de\u002Fmagazin\u002Fkategorie\u002F612957051-vegetarisch-und-vegan","www.chefkoch.de"
"C:\Meine Webseiten\freebasis\www.chefkoch.de\index.html","https://www.chefkoch.de/\u002F\u002Fimg.chefkoch-cdn.de\u002Fcontent\u002Fillu\u002Fkategorie\u002F612949438\u002Fentry\u002F88b5436aaed31223cb4d0d3017096733.svg","www.chefkoch.de"
"C:\Meine Webseiten\freebasis\www.chefkoch.de\index.html","https://www.chefkoch.de/\u002F\u002Fwww.chefkoch.de\u002Fmagazin\u002Fkategorie\u002F612949438-internationale-kueche","www.chefkoch.de"
"C:\Meine Webseiten\freebasis\www.chefkoch.de\index.html","https://www.chefkoch.de/\u002F\u002Fimg.chefkoch-cdn.de\u002Fcontent\u002Fillu\u002Fkategorie\u002F612938991\u002Fentry\u002Fefe89d923e737e6e6f5d625a6363cb02.svg","www.chefkoch.de"
"C:\Meine Webseiten\freebasis\www.chefkoch.de\index.html","https://www.chefkoch.de/\u002F\u002Fwww.chefkoch.de\u002Fmagazin\u002Fkategorie\u002F612938991-backen","www.chefkoch.de"
"C:\Meine Webseiten\freebasis\www.chefkoch.de\index.html","https://www.chefkoch.de/\u002F\u002Fimg.chefkoch-cdn.de\u002Fcontent\u002Fillu\u002Fkategorie\u002F612955611\u002Fentry\u002F1bbc91318ed7cd846e4d6ef18d3ac4e1.svg","www.chefkoch.de"
"C:\Meine Webseiten\freebasis\www.chefkoch.de\index.html","https://www.chefkoch.de/\u002F\u002Fwww.chefkoch.de\u002Fmagazin\u002Fkategorie\u002F612955611-ernaehrung","www.chefkoch.de"
"C:\Meine Webseiten\freebasis\www.chefkoch.de\index.html","https://www.chefkoch.de/\u002F\u002Fimg.chefkoch-cdn.de\u002Fcontent\u002Fillu\u002Fkategorie\u002F612956235\u002Fentry\u002F297fec4c515e4072c52ca3a1a69ade18.svg","www.chefkoch.de"
"C:\Meine Webseiten\freebasis\www.chefkoch.de\index.html","https://www.chefkoch.de/\u002F\u002Fwww.chefkoch.de\u002Fmagazin\u002Fkategorie\u002F612956235-outdoor-grillen-kueche","www.chefkoch.de"
"C:\Meine Webseiten\freebasis\www.chefkoch.de\index.html","https://www.chefkoch.de/\u002F\u002Fimg.chefkoch-cdn.de\u002Fcontent\u002Fillu\u002Fkategorie\u002F528517922\u002Fentry\u002F277651f2e66a088197bc829a4ddcfae1.svg","www.chefkoch.de"
"C:\Meine Webseiten\freebasis\www.chefkoch.de\index.html","https://www.chefkoch.de/\u002F\u002Fwww.chefkoch.de\u002Fmagazin\u002Fkategorie\u002F528517922-das-perfekte-dinner","www.chefkoch.de"
"C:\Meine Webseiten\freebasis\www.chefkoch.de\index.html","https://www.chefkoch.de/\u002F\u002Fimg.chefkoch-cdn.de\u002Fcontent\u002Fillu\u002Fkategorie\u002F612957128\u002Fentry\u002F124c4141d48e143f9cbe1675088418f1.svg","www.chefkoch.de"
"C:\Meine Webseiten\freebasis\www.chefkoch.de\index.html","https://www.chefkoch.de/\u002F\u002Fwww.chefkoch.de\u002Fmagazin\u002Finspiration\u002Fchefkoch-trifft-fackelmann","www.chefkoch.de"
"C:\Meine Webseiten\freebasis\www.chefkoch.de\index.html","https://www.chefkoch.de/\u002F\u002Fwww.chefkoch.de\u002Fmagazin\u002Finspiration\u002Fessen-waehrend-und-nach-einer-krebserkrankung","www.chefkoch.de"
"C:\Meine Webseiten\freebasis\www.chefkoch.de\index.html","https://www.chefkoch.de/\u002F\u002Fwww.chefkoch.de\u002Fmagazin\u002Finspiration\u002Fgrillen-themenwelt","www.chefkoch.de"
"C:\Meine Webseiten\freebasis\www.chefkoch.de\index.html","https://www.chefkoch.de/\u002F\u002Fwww.chefkoch.de\u002Fmagazin\u002Finspiration\u002Fhigh-protein-themenwelt","www.chefkoch.de"
"C:\Meine Webseiten\freebasis\www.chefkoch.de\index.html","https://www.chefkoch.de/\u002F\u002Fwww.chefkoch.de\u002Fmagazin\u002Finspiration\u002Fheissluftfritteuse","www.chefkoch.de"
"C:\Meine Webseiten\freebasis\www.chefkoch.de\index.html","https://www.chefkoch.de/\u002F\u002Fwww.chefkoch.de\u002Fmagazin\u002Finspiration\u002Fnachhaltigkeit-mit-chefkoch","www.chefkoch.de"
"C:\Meine Webseiten\freebasis\www.chefkoch.de\index.html","https://www.chefkoch.de/\u002F\u002Fwww.chefkoch.de\u002Frezeptsammlung\u002Ftop-gespeicherte-rezepte-von-gestern\u002FTop-Rezepte-von-gestern.html","www.chefkoch.de"
"C:\Meine Webseiten\freebasis\www.chefkoch.de\index.html","https://www.chefkoch.de/\u002F\u002Fwww.chefkoch.de\u002Frezeptsammlung\u002F197649430785895\u002FSommerkueche-fuer-jeden-Tag.html","www.chefkoch.de"
"C:\Meine Webseiten\freebasis\www.chefkoch.de\index.html","https://www.chefkoch.de/\u002F\u002Fwww.chefkoch.de\u002Frezeptsammlung\u002F198361591226935\u002FJetzt-ist-Pflaumen-und-Zwetschgenzeit.html","www.chefkoch.de"
"C:\Meine Webseiten\freebasis\www.chefkoch.de\index.html","https://www.chefkoch.de/\u002F\u002Fwww.chefkoch.de\u002Frezeptsammlung\u002F196577740000315\u002FLoeffelweise-Leichtigkeit.html","www.chefkoch.de"
"C:\Meine Webseiten\freebasis\www.chefkoch.de\index.html","https://www.chefkoch.de/\u002F\u002Fwww.chefkoch.de\u002Frezeptsammlung\u002F196552253689749\u002FSuesse-Gruesse-aus-Italien.html","www.chefkoch.de"
"C:\Meine Webseiten\freebasis\www.chefkoch.de\index.html","https://www.chefkoch.de/\u002F\u002Fwww.chefkoch.de\u002Frezeptsammlung\u002F190598847358272\u002FMeal-Prep-Rezepte-fuer-Baukasten-Koeche.html","www.chefkoch.de"
"C:\Meine Webseiten\freebasis\www.chefkoch.de\index.html","https://www.chefkoch.de/\u002F\u002Fwww.chefkoch.de\u002Frezeptsammlung\u002F195156541113992\u002FReisgenuss.html","www.chefkoch.de"
"C:\Meine Webseiten\freebasis\www.chefkoch.de\index.html","https://www.chefkoch.de/\u002F\u002Fwww.chefkoch.de\u002Frezeptsammlung\u002F196523176879870\u002FSommerhaeppchen-aus-dem-Ofen.html","www.chefkoch.de"
"C:\Meine Webseiten\freebasis\www.chefkoch.de\index.html","https://www.chefkoch.de/\u002F\u002Fwww.chefkoch.de\u002Frezeptsammlung\u002F197709245367776\u002FPLUS-Lieblingsrezepte-mit-Urlaubsgefuehl.html","www.chefkoch.de"
"C:\Meine Webseiten\freebasis\www.chefkoch.de\index.html","https://www.chefkoch.de/\u002F\u002Fwww.chefkoch.de\u002Frezeptsammlung\u002F195117128866318\u002FLieblingsrezepte-mit-Bohnen.html","www.chefkoch.de"
"C:\Meine Webseiten\freebasis\www.chefkoch.de\index.html","https://www.chefkoch.de/\u002F\u002Fwww.chefkoch.de\u002Frezeptsammlungen\u002Fs\u002Fob4o0fteditorial\u002F","www.chefkoch.de"
"C:\Meine Webseiten\freebasis\www.chefkoch.de\index.html","https://www.chefkoch.de/\u002F\u002Fwww.chefkoch.de\u002Frezepte\u002F4370711744365634\u002FHerzhafte-Spaghetti-Bolognese.html","www.chefkoch.de"
"C:\Meine Webseiten\freebasis\www.chefkoch.de\index.html","https://www.chefkoch.de/\u002F\u002Fimg.chefkoch-cdn.de\u002Frecipe-integration\u002Fads\u002F6813f4b79c10b687285809.png","www.chefkoch.de"
"C:\Meine Webseiten\freebasis\www.chefkoch.de\index.html","https://www.chefkoch.de/\u002F\u002Ffuchsgruppe.shop\u002Fostmann\u002Fprodukte\u002Fchefkoch-x-ostmann\u002F","www.chefkoch.de"
"C:\Meine Webseiten\freebasis\www.chefkoch.de\index.html","https://www.chefkoch.de/\u002F\u002Fimg.chefkoch-cdn.de\u002Frecipe-integration\u002Fads\u002F69578088adfe2462889435.png","www.chefkoch.de"
"C:\Meine Webseiten\freebasis\www.chefkoch.de\index.html","https://www.chefkoch.de/\u002F\u002Fimg.chefkoch-cdn.de\u002Frecipe-integration\u002Fads\u002F69578088aff1d863044561.png","www.chefkoch.de"
"C:\Meine Webseiten\freebasis\www.chefkoch.de\index.html","https://www.chefkoch.de/\u002F\u002Fimg.chefkoch-cdn.de\u002Frecipe-integration\u002Fads\u002F6813f4b79d17f117342163.png","www.chefkoch.de"
"C:\Meine Webseiten\freebasis\www.chefkoch.de\index.html","https://www.chefkoch.de/\u002F\u002Fimg.chefkoch-cdn.de\u002Frecipe-integration\u002Fads\u002F695780cbd2e58798707447.png","www.chefkoch.de"
"C:\Meine Webseiten\freebasis\www.chefkoch.de\index.html","https://www.chefkoch.de/\u002F\u002Fimg.chefkoch-cdn.de\u002Frecipe-integration\u002Fads\u002F695780cbd4477394919938.png","www.chefkoch.de"
"C:\Meine Webseiten\freebasis\www.chefkoch.de\index.html","https://www.chefkoch.de/\u002F\u002Fimg.chefkoch-cdn.de\u002Frecipe-integration\u002Fads\u002F6813f4b79df54185335097.png","www.chefkoch.de"
"C:\Meine Webseiten\freebasis\www.chefkoch.de\index.html","https://www.chefkoch.de/\u002F\u002Fimg.chefkoch-cdn.de\u002Frecipe-integration\u002Fads\u002F6813f48fe9b35669626765.png","www.chefkoch.de"
"C:\Meine Webseiten\freebasis\www.chefkoch.de\index.html","https://www.chefkoch.de/\u002F\u002Fimg.chefkoch-cdn.de\u002Frecipe-integration\u002Fads\u002F6813f48fea5b2708292725.png","www.chefkoch.de"
"C:\Meine Webseiten\freebasis\www.chefkoch.de\index.html","https://www.chefkoch.de/\u002F\u002Fwww.chefkoch.de\u002Fkunden\u002Frezepte\u002Fd52ae4e5213c86d185c74896b1abc548\u002F","www.chefkoch.de"
"C:\Meine Webseiten\freebasis\www.chefkoch.de\index.html","https://www.chefkoch.de/\u002F\u002Fwww.chefkoch.de\u002Frezepte\u002F4369711744020189\u002FCrispy-Gnocchi-aus-dem-Airfryer.html","www.chefkoch.de"
"C:\Meine Webseiten\freebasis\www.chefkoch.de\index.html","https://www.chefkoch.de/\u002F\u002Fimg.chefkoch-cdn.de\u002Frecipe-integration\u002Fads\u002F68ca883dbe964263661400.jpg","www.chefkoch.de"
"C:\Meine Webseiten\freebasis\www.chefkoch.de\index.html","https://www.chefkoch.de/\u002F\u002Fhenglein.de\u002Findex.php\u002Frezepte","www.chefkoch.de"
"C:\Meine Webseiten\freebasis\www.chefkoch.de\index.html","https://www.chefkoch.de/\u002F\u002Fimg.chefkoch-cdn.de\u002Frecipe-integration\u002Fads\u002F6a478fd764f33412457755.png","www.chefkoch.de"
"C:\Meine Webseiten\freebasis\www.chefkoch.de\index.html","https://www.chefkoch.de/\u002F\u002Fimg.chefkoch-cdn.de\u002Frecipe-integration\u002Fads\u002F6a478fd766b10787555136.png","www.chefkoch.de"
"C:\Meine Webseiten\freebasis\www.chefkoch.de\index.html","https://www.chefkoch.de/\u002F\u002Fimg.chefkoch-cdn.de\u002Frecipe-integration\u002Fads\u002F68ca883dc01d5946318518.jpg","www.chefkoch.de"
"C:\Meine Webseiten\freebasis\www.chefkoch.de\index.html","https://www.chefkoch.de/\u002F\u002Fimg.chefkoch-cdn.de\u002Frecipe-integration\u002Fads\u002F694568567c6e4739644827.jpg","www.chefkoch.de"
"C:\Meine Webseiten\freebasis\www.chefkoch.de\index.html","https://www.chefkoch.de/\u002F\u002Fimg.chefkoch-cdn.de\u002Frecipe-integration\u002Fads\u002F694568567d557564607998.jpg","www.chefkoch.de"
"C:\Meine Webseiten\freebasis\www.chefkoch.de\index.html","https://www.chefkoch.de/\u002F\u002Fimg.chefkoch-cdn.de\u002Frecipe-integration\u002Fads\u002F68ca883dc0db8617018186.jpg","www.chefkoch.de"
"C:\Meine Webseiten\freebasis\www.chefkoch.de\index.html","https://www.chefkoch.de/\u002F\u002Fwww.henglein.de\u002Findex.php\u002Frezepte","www.chefkoch.de"
"C:\Meine Webseiten\freebasis\www.chefkoch.de\index.html","https://www.chefkoch.de/\u002F\u002Fimg.chefkoch-cdn.de\u002Frecipe-integration\u002Fads\u002F6945694c51559424281354.jpg","www.chefkoch.de"
"C:\Meine Webseiten\freebasis\www.chefkoch.de\index.html","https://www.chefkoch.de/\u002F\u002Fimg.chefkoch-cdn.de\u002Frecipe-integration\u002Fads\u002F6945694c5248a765981576.jpg","www.chefkoch.de"
"C:\Meine Webseiten\freebasis\www.chefkoch.de\index.html","https://www.chefkoch.de/\u002F\u002Fwww.chefkoch.de\u002Fkunden\u002Frezepte\u002Fa48f8b7b4985941a2e6869277e983874\u002F","www.chefkoch.de"
"C:\Meine Webseiten\freebasis\www.chefkoch.de\index.html","https://www.chefkoch.de/\u002F\u002Fwww.chefkoch.de\u002Frezepte\u002F4356071737467418\u002FGyros-Spaetzle-Auflauf.html","www.chefkoch.de"
"C:\Meine Webseiten\freebasis\www.chefkoch.de\index.html","https://www.chefkoch.de/\u002F\u002Fimg.chefkoch-cdn.de\u002Frecipe-integration\u002Fads\u002F63a1da963cf1d548200613.jpg","www.chefkoch.de"
"C:\Meine Webseiten\freebasis\www.chefkoch.de\index.html","https://www.chefkoch.de/\u002F\u002Fwww.buerger.de\u002Frezepte","www.chefkoch.de"
"C:\Meine Webseiten\freebasis\www.chefkoch.de\index.html","https://www.chefkoch.de/\u002F\u002Fimg.chefkoch-cdn.de\u002Frecipe-integration\u002Fads\u002F694546b65047f419735605.jpg","www.chefkoch.de"
"C:\Meine Webseiten\freebasis\www.chefkoch.de\index.html","https://www.chefkoch.de/\u002F\u002Fimg.chefkoch-cdn.de\u002Frecipe-integration\u002Fads\u002F694546b652278283784031.jpg","www.chefkoch.de"
"C:\Meine Webseiten\freebasis\www.chefkoch.de\index.html","https://www.chefkoch.de/\u002F\u002Fimg.chefkoch-cdn.de\u002Frecipe-integration\u002Fads\u002F63a1da9640570967634542.jpg","www.chefkoch.de"
"C:\Meine Webseiten\freebasis\www.chefkoch.de\index.html","https://www.chefkoch.de/\u002F\u002Fimg.chefkoch-cdn.de\u002Frecipe-integration\u002Fads\u002F694546d4cfb62700755657.jpg","www.chefkoch.de"
"C:\Meine Webseiten\freebasis\www.chefkoch.de\index.html","https://www.chefkoch.de/\u002F\u002Fimg.chefkoch-cdn.de\u002Frecipe-integration\u002Fads\u002F694546d4d0cfd202895638.jpg","www.chefkoch.de"
"C:\Meine Webseiten\freebasis\www.chefkoch.de\index.html","https://www.chefkoch.de/\u002F\u002Fwww.chefkoch.de\u002Fkunden\u002Frezepte\u002Fe78528303d90a57cef3915618d534cd8\u002F","www.chefkoch.de"
"C:\Meine Webseiten\freebasis\www.chefkoch.de\index.html","https://www.chefkoch.de/\u002F\u002Fwww.chefkoch.de\u002Frezepte\u002F3432961511438145\u002FCheese-Burger-Muffins.html","www.chefkoch.de"
"C:\Meine Webseiten\freebasis\www.chefkoch.de\index.html","https://www.chefkoch.de/\u002F\u002Fwww.chefkoch.de\u002Frs\u002Fs0\u002Ftomatensuppe\u002FRezepte.html","www.chefkoch.de"
"C:\Meine Webseiten\freebasis\www.chefkoch.de\index.html","https://www.chefkoch.de/\u002F\u002Fwww.chefkoch.de\u002Frs\u002Fs0\u002Freissalat\u002FRezepte.html","www.chefkoch.de"
"C:\Meine Webseiten\freebasis\www.chefkoch.de\index.html","https://www.chefkoch.de/\u002F\u002Fwww.chefkoch.de\u002Frs\u002Fs0\u002Fwraps\u002FRezepte.html","www.chefkoch.de"
"C:\Meine Webseiten\freebasis\www.chefkoch.de\index.html","https://www.chefkoch.de/\u002F\u002Fwww.chefkoch.de\u002Frs\u002Fs0\u002Ftortellinisalat\u002FRezepte.html","www.chefkoch.de"
"C:\Meine Webseiten\freebasis\www.chefkoch.de\index.html","https://www.chefkoch.de/\u002F\u002Fwww.chefkoch.de\u002Frs\u002Fs0\u002Fk%C3%BCrbis\u002FRezepte.html","www.chefkoch.de"
"C:\Meine Webseiten\freebasis\www.chefkoch.de\index.html","https://www.chefkoch.de/\u002F\u002Fwww.chefkoch.de\u002Frs\u002Fs0\u002Fzucchinikuchen\u002FRezepte.html","www.chefkoch.de"
"C:\Meine Webseiten\freebasis\www.chefkoch.de\index.html","https://www.chefkoch.de/\u002F\u002Fwww.chefkoch.de\u002Frs\u002Fs0\u002Fbruschetta\u002FRezepte.html","www.chefkoch.de"
"C:\Meine Webseiten\freebasis\www.chefkoch.de\index.html","https://www.chefkoch.de/\u002F\u002Fwww.chefkoch.de\u002Frs\u002Fs0\u002Fmirabellen\u002FRezepte.html","www.chefkoch.de"
"C:\Meine Webseiten\freebasis\www.chefkoch.de\index.html","https://www.chefkoch.de/\u002F\u002Fwww.chefkoch.de\u002Frs\u002Fs0\u002Fgazpacho\u002FRezepte.html","www.chefkoch.de"
"C:\Meine Webseiten\freebasis\www.chefkoch.de\index.html","https://www.chefkoch.de/\u002F\u002Fwww.chefkoch.de\u002Frs\u002Fs0\u002Fpflaumenkuchen\u002FRezepte.html","www.chefkoch.de"
"C:\Meine Webseiten\freebasis\www.chefkoch.de\index.html","https://www.chefkoch.de/\u002F\u002Fwww.chefkoch.de\u002Frs\u002Fs0\u002Fkohlrabi\u002FRezepte.html","www.chefkoch.de"
"C:\Meine Webseiten\freebasis\www.chefkoch.de\index.html","https://www.chefkoch.de/\u002F\u002Fwww.chefkoch.de\u002Frs\u002Fs0\u002Fsommer\u002FRezepte.html","www.chefkoch.de"
"C:\Meine Webseiten\freebasis\www.chefkoch.de\index.html","https://www.chefkoch.de/\u002F\u002Fwww.chefkoch.de\u002Fmagazin\u002Fartikel\u002F64929782351659-7-tage-7-rezepte-fuer-den-chefkoch-plus-wochenplaner","www.chefkoch.de"
"C:\Meine Webseiten\freebasis\www.chefkoch.de\index.html","https://www.chefkoch.de/\u002F\u002Fwww.chefkoch.de\u002Fprofile\u002F5fd029ee189ff464a3e3ecc69142e981","www.chefkoch.de"
"C:\Meine Webseiten\freebasis\www.chefkoch.de\index.html","https://www.chefkoch.de/\u002F\u002Fwww.chefkoch.de\u002Fwochenplaner\u002F?ck_source=homepage&ck_element=homepage_sub_lead","www.chefkoch.de"
"C:\Meine Webseiten\freebasis\www.chefkoch.de\index.html","https://www.chefkoch.de/\u002F\u002Fwww.chefkoch.de\u002Fprofile\u002F84d056857061c3d71329cd688cea808a","www.chefkoch.de"
"C:\Meine Webseiten\freebasis\www.chefkoch.de\index.html","https://www.chefkoch.de/\u002F\u002Fwww.chefkoch.de\u002Fprofile\u002F3af15045df2c9e159f0059192cdcdfe4","www.chefkoch.de"
"C:\Meine Webseiten\freebasis\www.chefkoch.de\index.html","https://www.chefkoch.de/\u002F\u002Fwww.chefkoch.de\u002Fuser\u002Fprofil\u002Fd52ae4e5213c86d185c74896b1abc548","www.chefkoch.de"
"C:\Meine Webseiten\freebasis\www.chefkoch.de\index.html","https://www.chefkoch.de/\u002F\u002Fwww.chefkoch.de\u002Frezepte\u002F1782151288102765\u002FWeltbeste-Pfirsichmarmelade-Nachtischmarmelade.html","www.chefkoch.de"
"C:\Meine Webseiten\freebasis\www.chefkoch.de\index.html","https://www.chefkoch.de/\u002F\u002Fwww.chefkoch.de\u002Frezepte\u002F4381761750757495\u002FAlt-Willicher-Rinderbraten-mit-Portweinjus-an-Prinzessbohnen-und-Spiralkartoffeln.html","www.chefkoch.de"
"C:\Meine Webseiten\freebasis\www.chefkoch.de\index.html","https://www.chefkoch.de/\u002F\u002Fwww.chefkoch.de\u002Frezepte\u002F1843321298641267\u002FBohnen-einkochen.html","www.chefkoch.de"
"C:\Meine Webseiten\freebasis\www.chefkoch.de\index.html","https://www.chefkoch.de/\u002F\u002Fwww.chefkoch.de\u002Frezepte\u002F2942971446566339\u002FBester-und-leckerster-Zwetschgenkuchen-mit-Streuseln.html","www.chefkoch.de"
"C:\Meine Webseiten\freebasis\www.chefkoch.de\index.html","https://www.chefkoch.de/\u002F\u002Fwww.chefkoch.de\u002Frezepte\u002F4148901660849051\u002FBrombeer-Essig.html","www.chefkoch.de"
"C:\Meine Webseiten\freebasis\www.chefkoch.de\index.html","https://www.chefkoch.de/\u002F\u002Fwww.chefkoch.de\u002Frezepte\u002F2382601377622138\u002FMirabellenmarmelade.html","www.chefkoch.de"
"C:\Meine Webseiten\freebasis\www.chefkoch.de\index.html","https://www.chefkoch.de/\u002F\u002Fwww.chefkoch.de\u002Frezepte\u002F1149311221218672\u002FTagliatelle-mit-Pfifferling-und-Sahnesauce.html","www.chefkoch.de"
"C:\Meine Webseiten\freebasis\www.chefkoch.de\index.html","https://www.chefkoch.de/\u002F\u002Fwww.chefkoch.de\u002Frezepte\u002F1639971271583788\u002FRatatouille.html","www.chefkoch.de"
"C:\Meine Webseiten\freebasis\www.chefkoch.de\index.html","https://www.chefkoch.de/\u002F\u002Fwww.chefkoch.de\u002Frezepte\u002F1115971217685846\u002FZwetschgenkuchen.html","www.chefkoch.de"
"C:\Meine Webseiten\freebasis\www.chefkoch.de\index.html","https://www.chefkoch.de/\u002F\u002Fwww.chefkoch.de\u002Frezepte\u002F2371941376313825\u002FVeganer-Zwetschgenkuchen-mit-Zimtstreuseln.html","www.chefkoch.de"
"C:\Meine Webseiten\freebasis\www.chefkoch.de\index.html","https://www.chefkoch.de/\u002F\u002Fwww.chefkoch.de\u002Frezepte\u002F2478381390118576\u002FMango-Gefluegelsalat.html","www.chefkoch.de"
"C:\Meine Webseiten\freebasis\www.chefkoch.de\index.html","https://www.chefkoch.de/\u002F\u002Fwww.chefkoch.de\u002Frezepte\u002F4147301660317554\u002FRinglo-Streuselkuchen.html","www.chefkoch.de"
"C:\Meine Webseiten\freebasis\www.chefkoch.de\index.html","https://www.chefkoch.de/\u002F\u002Fwww.chefkoch.de\u002Fmagazin\u002Fartikel\u002F198974396184379-cherry-pie","www.chefkoch.de"
"C:\Meine Webseiten\freebasis\www.chefkoch.de\index.html","https://www.chefkoch.de/\u002F\u002Fwww.chefkoch.de\u002Fmagazin\u002Fartikel\u002F200136059499229-johannisbeer-muffins-mit-joghurt","www.chefkoch.de"
"C:\Meine Webseiten\freebasis\www.chefkoch.de\index.html","https://www.chefkoch.de/\u002F\u002Fwww.chefkoch.de\u002Fmagazin\u002Fartikel\u002F197933542736218-johannisbeer-streusel-schnitten-2","www.chefkoch.de"
"C:\Meine Webseiten\freebasis\www.chefkoch.de\index.html","https://www.chefkoch.de/\u002F\u002Fwww.chefkoch.de\u002Fmagazin\u002Fartikel\u002F161551125670648-stracciatella-erdbeer-torte-10","www.chefkoch.de"
"C:\Meine Webseiten\freebasis\www.chefkoch.de\index.html","https://www.chefkoch.de/\u002F\u002Fwww.chefkoch.de\u002Fmagazin\u002Fartikel\u002F665804690-pflaumenkuchen-schnelle-und-klassische-varianten-1","www.chefkoch.de"
"C:\Meine Webseiten\freebasis\www.chefkoch.de\index.html","https://www.chefkoch.de/\u002F\u002Fwww.chefkoch.de\u002Fuser\u002Fprofil\u002Fd3d4b702c3489d79cf3960ace1542914","www.chefkoch.de"
"C:\Meine Webseiten\freebasis\www.chefkoch.de\index.html","https://www.chefkoch.de/\u002F\u002Fwww.chefkoch.de\u002Fmagazin\u002Fartikel\u002F200789330605686-heidelbeer-shortbread","www.chefkoch.de"
"C:\Meine Webseiten\freebasis\www.chefkoch.de\index.html","https://www.chefkoch.de/\u002F\u002Fwww.chefkoch.de\u002Fmagazin\u002Fartikel\u002F200766961774757-orangen-kokos-cheesecake","www.chefkoch.de"
"C:\Meine Webseiten\freebasis\www.chefkoch.de\index.html","https://www.chefkoch.de/\u002F\u002Fwww.chefkoch.de\u002Fmagazin\u002Fartikel\u002F200152050582595-bananen-skyr-schnitten","www.chefkoch.de"
"C:\Meine Webseiten\freebasis\www.chefkoch.de\index.html","https://www.chefkoch.de/\u002F\u002Fwww.chefkoch.de\u002Fmagazin\u002Fkategorie\u002F612938991-backen-suess-und-herzhaft","www.chefkoch.de"
"C:\Meine Webseiten\freebasis\www.chefkoch.de\index.html","https://www.chefkoch.de/\u002F\u002Fwww.chefkoch.de\u002Fmagazin\u002Fartikel\u002F196267945014900-so-gelingen-perfekte-falafel-5-einfache-tipps","www.chefkoch.de"
"C:\Meine Webseiten\freebasis\www.chefkoch.de\index.html","https://www.chefkoch.de/\u002F\u002Fwww.chefkoch.de\u002Fmagazin\u002Fartikel\u002F69511724960656-halloumi-burger-mit-avocado-gemuese-und-coleslaw-1","www.chefkoch.de"
"C:\Meine Webseiten\freebasis\www.chefkoch.de\index.html","https://www.chefkoch.de/\u002F\u002Fwww.chefkoch.de\u002Fmagazin\u002Fartikel\u002F69191854187875-piadizza-kleine-schwester-der-pizza-1","www.chefkoch.de"
"C:\Meine Webseiten\freebasis\www.chefkoch.de\index.html","https://www.chefkoch.de/\u002F\u002Fwww.chefkoch.de\u002Fmagazin\u002Fartikel\u002F64123173022520-gnocchi-in-salbeibutter-1","www.chefkoch.de"
"C:\Meine Webseiten\freebasis\www.chefkoch.de\index.html","https://www.chefkoch.de/\u002F\u002Fwww.chefkoch.de\u002Fmagazin\u002Fartikel\u002F66386385313730-vegane-linsenbratlinge1","www.chefkoch.de"
"C:\Meine Webseiten\freebasis\www.chefkoch.de\index.html","https://www.chefkoch.de/\u002F\u002Fwww.chefkoch.de\u002Fmagazin\u002Fartikel\u002F131146609764740-die-besten-veganen-burger-1","www.chefkoch.de"
"C:\Meine Webseiten\freebasis\www.chefkoch.de\index.html","https://www.chefkoch.de/\u002F\u002Fwww.chefkoch.de\u002Fmagazin\u002Fartikel\u002F75138224480780-flexitarier-weniger-fleisch-ganz-viel-genuss-1","www.chefkoch.de"
"C:\Meine Webseiten\freebasis\www.chefkoch.de\index.html","https://www.chefkoch.de/\u002F\u002Fwww.chefkoch.de\u002Fmagazin\u002Fartikel\u002F61715832718238-spinat-gemuese-lasagne-mit-tomatensauce-1","www.chefkoch.de"
"C:\Meine Webseiten\freebasis\www.chefkoch.de\index.html","https://www.chefkoch.de/\u002F\u002Fwww.chefkoch.de\u002Frezepte\u002F4441541785841709\u002FHaehnchenbrust-in-cremiger-Knoblauchsauce.html","www.chefkoch.de"
"C:\Meine Webseiten\freebasis\www.chefkoch.de\index.html","https://www.chefkoch.de/\u002F\u002Fwww.chefkoch.de\u002Frezepte\u002F4439991785147135\u002FMarrons-suisses-Schweizer-Maronen.html","www.chefkoch.de"
"C:\Meine Webseiten\freebasis\www.chefkoch.de\index.html","https://www.chefkoch.de/\u002F\u002Fwww.chefkoch.de\u002Frezepte\u002F4439921785082918\u002FKartoffelsalat-leicht-und-schnell.html","www.chefkoch.de"
"C:\Meine Webseiten\freebasis\www.chefkoch.de\index.html","https://www.chefkoch.de/\u002F\u002Fwww.chefkoch.de\u002Frezepte\u002F4439911785081843\u002FRum-Butterplaetzchen.html","www.chefkoch.de"
"C:\Meine Webseiten\freebasis\www.chefkoch.de\index.html","https://www.chefkoch.de/\u002F\u002Fwww.chefkoch.de\u002Frezepte\u002F4439901785079678\u002FSossenschmieds-Butter-Chicken-fuer-den-Slow-Cooker.html","www.chefkoch.de"
"C:\Meine Webseiten\freebasis\www.chefkoch.de\index.html","https://www.chefkoch.de/\u002F\u002Fwww.chefkoch.de\u002Frezepte\u002F4439881785078370\u002FBeeren-Streuselkuchen.html","www.chefkoch.de"
"C:\Meine Webseiten\freebasis\www.chefkoch.de\index.html","https://www.chefkoch.de/\u002F\u002Fwww.chefkoch.de\u002Frezepte\u002F4439741784980558\u002FTiramisu-Baellchen-mit-Nutellafuellung.html","www.chefkoch.de"
"C:\Meine Webseiten\freebasis\www.chefkoch.de\index.html","https://www.chefkoch.de/\u002F\u002Fwww.chefkoch.de\u002Frezepte\u002F4439731784976193\u002FSauce-nach-Bolognese-Art-mit-Sonnenblumen-Hack.html","www.chefkoch.de"
"C:\Meine Webseiten\freebasis\www.chefkoch.de\index.html","https://www.chefkoch.de/\u002F\u002Fwww.chefkoch.de\u002Frezepte\u002F4439721784973061\u002FLeinoelbutter-streichzart.html","www.chefkoch.de"
"C:\Meine Webseiten\freebasis\www.chefkoch.de\index.html","https://www.chefkoch.de/\u002F\u002Fwww.chefkoch.de\u002Frezepte\u002F4439711784963877\u002FArme-Ritter.html","www.chefkoch.de"
"C:\Meine Webseiten\freebasis\www.chefkoch.de\index.html","https://img.chefkoch-cdn.de/assets/v2/img/ci/CK-Plus-small-v2.svg","img.chefkoch-cdn.de"
"C:\Meine Webseiten\freebasis\www.chefkoch.de\index.html","https://www.chefkoch.de/plus-werbefreiheit?ck_source=${L.#p()}&ck_element=ad`),i.appendChild(t),i.insertAdjacentText(","www.chefkoch.de"
"C:\Meine Webseiten\freebasis\www.chefkoch.de\index.html","https://cdn.taboola.com/libtrc/funke-chefkochde/loader.js","cdn.taboola.com"
"C:\Meine Webseiten\freebasis\www.chefkoch.de\index.html","https://static.tblcontent.com/libtrc/funke-chefkochde/loader.privacy.js","static.tblcontent.com"
"C:\Meine Webseiten\freebasis\www.chefkoch.de\index.html","https://www.chefkoch.de/magazin/sites/default/files/styles/sidebar/public/media/image/2026-08/qZWHmC7C_ionbgo_vater-abzug_56x57.jpg","www.chefkoch.de"
"C:\Meine Webseiten\freebasis\www.chefkoch.de\index.html","https://spark.cloud.funkedigital.de/dev/devSpark2.js","spark.cloud.funkedigital.de"
"C:\Meine Webseiten\freebasis\www.chefkoch.de\index.html","https://spark.cloud.funkedigital.de/spark2.js","spark.cloud.funkedigital.de"
"C:\Meine Webseiten\freebasis\www.chefkoch.de\index.html","https://static.cleverpush.com/channel/loader/63rMKrJZzmiQyrJXw.js","static.cleverpush.com"
"C:\Meine Webseiten\freebasis\www.chefkoch.de\index.html","https://www.instagram.com/chefkoch/","www.instagram.com"
"C:\Meine Webseiten\freebasis\www.chefkoch.de\index.html","https://www.tiktok.com/@chefkoch","www.tiktok.com"
"C:\Meine Webseiten\freebasis\www.chefkoch.de\index.html","https://www.facebook.com/chefkoch.de","www.facebook.com"
"C:\Meine Webseiten\freebasis\www.chefkoch.de\index.html","https://www.pinterest.de/chefkochde/","www.pinterest.de"
"C:\Meine Webseiten\freebasis\www.chefkoch.de\index.html","https://www.youtube.com/chefkoch","www.youtube.com"
"C:\Meine Webseiten\freebasis\www.chefkoch.de\index.html","https://www.whatsapp.com/channel/0029VabvqZU3LdQOknGWyl1H","www.whatsapp.com"
"C:\Meine Webseiten\freebasis\www.chefkoch.de\index.html","https://www.chefkoch.de/jobs-bei-chefkoch","www.chefkoch.de"
"C:\Meine Webseiten\freebasis\www.chefkoch.de\index.html","https://www.chefkoch.de/impressum","www.chefkoch.de"
"C:\Meine Webseiten\freebasis\www.chefkoch.de\index.html","https://www.chefkoch.de/agb","www.chefkoch.de"
"C:\Meine Webseiten\freebasis\www.chefkoch.de\index.html","https://www.chefkoch.de/impressum#dsa-hint","www.chefkoch.de"
"C:\Meine Webseiten\freebasis\www.chefkoch.de\index.html","https://kundenservice.chefkoch.de/hc/de/requests/new?ticket_form_id=4536290816924","kundenservice.chefkoch.de"
"C:\Meine Webseiten\freebasis\www.chefkoch.de\index.html","https://kundenservice.chefkoch.de/hc/de/requests/new?ticket_form_id=28292758012188","kundenservice.chefkoch.de"
"C:\Meine Webseiten\freebasis\www.chefkoch.de\index.html","https://www.chefkoch.de/datenschutz","www.chefkoch.de"
"C:\Meine Webseiten\freebasis\www.chefkoch.de\index.html","https://www.chefkoch.de/datenschutz#openPrivacyManager","www.chefkoch.de"
"C:\Meine Webseiten\freebasis\www.chefkoch.de\index.html","https://www.chefkoch.de/barrierefreiheit","www.chefkoch.de"
"C:\Meine Webseiten\freebasis\www.chefkoch.de\index.html","https://www.chefkoch.de/werben-bei-chefkoch","www.chefkoch.de"
"C:\Meine Webseiten\freebasis\www.chefkoch.de\index.html","https://www.chefkoch.de/rezepte/","www.chefkoch.de"
"C:\Meine Webseiten\freebasis\www.chefkoch.de\index.html","https://www.chefkoch.de/rezepte/was-koche-ich-heute/","www.chefkoch.de"
"C:\Meine Webseiten\freebasis\www.chefkoch.de\index.html","https://www.chefkoch.de/rezepte/was-backe-ich-heute/","www.chefkoch.de"
"C:\Meine Webseiten\freebasis\www.chefkoch.de\index.html","https://www.chefkoch.de/magazin/","www.chefkoch.de"
"C:\Meine Webseiten\freebasis\www.chefkoch.de\index.html","https://www.chefkoch.de/forum/","www.chefkoch.de"
"C:\Meine Webseiten\freebasis\www.chefkoch.de\index.html","https://www.chefkoch.de/magazin/kategorie/612957128-kochvideos","www.chefkoch.de"
"C:\Meine Webseiten\freebasis\www.chefkoch.de\index.html","https://www.chefkoch.de/newsletter/?adid=001-00003","www.chefkoch.de"
"C:\Meine Webseiten\freebasis\www.chefkoch.de\index.html","https://kundenservice.chefkoch.de/","kundenservice.chefkoch.de"
"C:\Meine Webseiten\freebasis\www.chefkoch.de\kochstars\thema-des-monats\märz-2023.html","https://img.chefkoch-cdn.de/favicon.ico","img.chefkoch-cdn.de"
"C:\Meine Webseiten\freebasis\www.chefkoch.de\kochstars\thema-des-monats\märz-2023.html","https://img.chefkoch-cdn.de/","img.chefkoch-cdn.de"
"C:\Meine Webseiten\freebasis\www.chefkoch.de\kochstars\thema-des-monats\märz-2023.html","https://img.chefkoch-cdn.de/assets/v2/img/icons/favicon/favicon.svg","img.chefkoch-cdn.de"
"C:\Meine Webseiten\freebasis\www.chefkoch.de\kochstars\thema-des-monats\märz-2023.html","https://img.chefkoch-cdn.de/assets/v2/img/ci/CK-Plus-v2.svg)","img.chefkoch-cdn.de"
"C:\Meine Webseiten\freebasis\www.chefkoch.de\kochstars\thema-des-monats\märz-2023.html","https://img.chefkoch-cdn.de/assets/v2/img/ci/CK-Plus-small-v2.svg);height:16px;width:47px}}.w-user-menu","img.chefkoch-cdn.de"
"C:\Meine Webseiten\freebasis\www.chefkoch.de\kochstars\thema-des-monats\märz-2023.html","https://img.chefkoch-cdn.de/assets/v2/img/ci/CK-Plus-small-v2.svg);height:16px;width:47px}.w-user-menu[data-v-6bdb00d2]{top:2px;height:40px;display:flex;position:relative}.w-user-menu__unread-badge[data-v-6bdb00d2]{position:absolute;top:0;right:0;width:12px;height:12px;background-color:#ff565d;z-index:12;border-radius:50%}.w-user-menu__user-btn[data-v-6bdb00d2]{background:transparent;border:0;box-sizing:border-box;cursor:pointer;font-family:inherit;font-size:inherit;text-decoration:none}.w-user-menu__user-btn[data-v-6bdb00d2]::-moz-focus-inner{padding:0;border:0}.w-user-menu__user-btn[data-v-6bdb00d2]:focus{outline:none}.w-user-menu__user-btn[data-v-6bdb00d2]{overflow:hidden;position:relative;display:block;width:40px;height:40px;padding:0;box-sizing:border-box;border:1px","img.chefkoch-cdn.de"
"C:\Meine Webseiten\freebasis\www.chefkoch.de\kochstars\thema-des-monats\märz-2023.html","https://img.chefkoch-cdn.de/assets/v2/source-sans-pro-v14-latin-regular.woff2)","img.chefkoch-cdn.de"
"C:\Meine Webseiten\freebasis\www.chefkoch.de\kochstars\thema-des-monats\märz-2023.html","https://img.chefkoch-cdn.de/assets/v2/source-sans-pro-v14-latin-regular.woff)","img.chefkoch-cdn.de"
"C:\Meine Webseiten\freebasis\www.chefkoch.de\kochstars\thema-des-monats\märz-2023.html","https://img.chefkoch-cdn.de/assets/v2/source-sans-pro-v14-latin-600.woff2)","img.chefkoch-cdn.de"
"C:\Meine Webseiten\freebasis\www.chefkoch.de\kochstars\thema-des-monats\märz-2023.html","https://img.chefkoch-cdn.de/assets/v2/source-sans-pro-v14-latin-600.woff)","img.chefkoch-cdn.de"
"C:\Meine Webseiten\freebasis\www.chefkoch.de\kochstars\thema-des-monats\märz-2023.html","https://img.chefkoch-cdn.de/assets/v2/source-sans-pro-v14-latin-700.woff2)","img.chefkoch-cdn.de"
"C:\Meine Webseiten\freebasis\www.chefkoch.de\kochstars\thema-des-monats\märz-2023.html","https://img.chefkoch-cdn.de/assets/v2/source-sans-pro-v14-latin-700.woff)","img.chefkoch-cdn.de"
"C:\Meine Webseiten\freebasis\www.chefkoch.de\kochstars\thema-des-monats\märz-2023.html","https://img.chefkoch-cdn.de/assets/v2/source-serif-pro-v11-latin-regular.woff2)","img.chefkoch-cdn.de"
"C:\Meine Webseiten\freebasis\www.chefkoch.de\kochstars\thema-des-monats\märz-2023.html","https://img.chefkoch-cdn.de/assets/v2/source-serif-pro-v11-latin-regular.woff)","img.chefkoch-cdn.de"
"C:\Meine Webseiten\freebasis\www.chefkoch.de\kochstars\thema-des-monats\märz-2023.html","https://img.chefkoch-cdn.de/assets/v2/source-serif-pro-v11-latin-600.woff2)","img.chefkoch-cdn.de"
"C:\Meine Webseiten\freebasis\www.chefkoch.de\kochstars\thema-des-monats\märz-2023.html","https://img.chefkoch-cdn.de/assets/v2/source-serif-pro-v11-latin-600.woff)","img.chefkoch-cdn.de"
"C:\Meine Webseiten\freebasis\www.chefkoch.de\kochstars\thema-des-monats\märz-2023.html","https://img.chefkoch-cdn.de/assets/v2/caveat-v17-latin-regular.woff2)","img.chefkoch-cdn.de"
"C:\Meine Webseiten\freebasis\www.chefkoch.de\kochstars\thema-des-monats\märz-2023.html","https://img.chefkoch-cdn.de/assets/v2/caveat-v17-latin-regular.woff)","img.chefkoch-cdn.de"
"C:\Meine Webseiten\freebasis\www.chefkoch.de\kochstars\thema-des-monats\märz-2023.html","https://img.chefkoch-cdn.de/assets/v2/ck-icons.woff2?d17vjt)","img.chefkoch-cdn.de"
"C:\Meine Webseiten\freebasis\www.chefkoch.de\kochstars\thema-des-monats\märz-2023.html","https://img.chefkoch-cdn.de/assets/v2/ck-icons.woff?d17vjt)","img.chefkoch-cdn.de"
"C:\Meine Webseiten\freebasis\www.chefkoch.de\kochstars\thema-des-monats\märz-2023.html","http://www.w3.org/2000/svg","www.w3.org"
"C:\Meine Webseiten\freebasis\www.chefkoch.de\kochstars\thema-des-monats\märz-2023.html","https://img.chefkoch-cdn.de/assets/v1/ck-icons.woff","img.chefkoch-cdn.de"
"C:\Meine Webseiten\freebasis\www.chefkoch.de\kochstars\thema-des-monats\märz-2023.html","https://img.chefkoch-cdn.de/assets/v1/ck-icons.woff","img.chefkoch-cdn.de"
"C:\Meine Webseiten\freebasis\www.chefkoch.de\kochstars\thema-des-monats\märz-2023.html","https://www.funkemedien.de/de/","www.funkemedien.de"
"C:\Meine Webseiten\freebasis\www.chefkoch.de\kochstars\thema-des-monats\märz-2023.html","http://www.w3.org/2000/svg","www.w3.org"
"C:\Meine Webseiten\freebasis\www.chefkoch.de\kochstars\thema-des-monats\märz-2023.html","http://www.w3.org/2000/svg","www.w3.org"
"C:\Meine Webseiten\freebasis\www.chefkoch.de\kochstars\thema-des-monats\märz-2023.html","http://www.w3.org/2000/svg","www.w3.org"
"C:\Meine Webseiten\freebasis\www.chefkoch.de\kochstars\thema-des-monats\märz-2023.html","https://img.chefkoch-cdn.de/assets/v2/img/plus/flyout-teaser-2-v3@2x.jpg","img.chefkoch-cdn.de"
"C:\Meine Webseiten\freebasis\www.chefkoch.de\kochstars\thema-des-monats\märz-2023.html","https://img.chefkoch-cdn.de/assets/v2/img/plus/flyout-teaser-2-v3.jpg","img.chefkoch-cdn.de"
"C:\Meine Webseiten\freebasis\www.chefkoch.de\kochstars\thema-des-monats\märz-2023.html","https://www.chefkoch.de/user/profil/d52ae4e5213c86d185c74896b1abc548","www.chefkoch.de"
"C:\Meine Webseiten\freebasis\www.chefkoch.de\kochstars\thema-des-monats\märz-2023.html","https://api.chefkoch.de/v2/users/d52ae4e5213c86d185c74896b1abc548/avatar/crop-120x120","api.chefkoch.de"
"C:\Meine Webseiten\freebasis\www.chefkoch.de\kochstars\thema-des-monats\märz-2023.html","https://www.chefkoch.de/user/profil/e78528303d90a57cef3915618d534cd8","www.chefkoch.de"
"C:\Meine Webseiten\freebasis\www.chefkoch.de\kochstars\thema-des-monats\märz-2023.html","https://api.chefkoch.de/v2/users/e78528303d90a57cef3915618d534cd8/avatar/crop-120x120","api.chefkoch.de"
"C:\Meine Webseiten\freebasis\www.chefkoch.de\kochstars\thema-des-monats\märz-2023.html","https://www.chefkoch.de/user/profil/a48f8b7b4985941a2e6869277e983874","www.chefkoch.de"
"C:\Meine Webseiten\freebasis\www.chefkoch.de\kochstars\thema-des-monats\märz-2023.html","https://api.chefkoch.de/v2/users/a48f8b7b4985941a2e6869277e983874/avatar/crop-120x120","api.chefkoch.de"
"C:\Meine Webseiten\freebasis\www.chefkoch.de\kochstars\thema-des-monats\märz-2023.html","https://img.chefkoch-cdn.de/images/crop-240x135/content/f/270734/1200x675/21ebee91d6/weisse-bolognese.jpg","img.chefkoch-cdn.de"
"C:\Meine Webseiten\freebasis\www.chefkoch.de\kochstars\thema-des-monats\märz-2023.html","https://img.chefkoch-cdn.de/images/crop-320x180/content/f/270734/1200x675/21ebee91d6/weisse-bolognese.jpg","img.chefkoch-cdn.de"
"C:\Meine Webseiten\freebasis\www.chefkoch.de\kochstars\thema-des-monats\märz-2023.html","https://img.chefkoch-cdn.de/images/crop-480x270/content/f/270734/1200x675/21ebee91d6/weisse-bolognese.jpg","img.chefkoch-cdn.de"
"C:\Meine Webseiten\freebasis\www.chefkoch.de\kochstars\thema-des-monats\märz-2023.html","https://img.chefkoch-cdn.de/images/crop-640x360/content/f/270734/1200x675/21ebee91d6/weisse-bolognese.jpg","img.chefkoch-cdn.de"
"C:\Meine Webseiten\freebasis\www.chefkoch.de\kochstars\thema-des-monats\märz-2023.html","https://img.chefkoch-cdn.de/images/crop-240x135/content/f/270734/1200x675/09df68ee08/buttermilch-chicken-burger.jpg","img.chefkoch-cdn.de"
"C:\Meine Webseiten\freebasis\www.chefkoch.de\kochstars\thema-des-monats\märz-2023.html","https://img.chefkoch-cdn.de/images/crop-320x180/content/f/270734/1200x675/09df68ee08/buttermilch-chicken-burger.jpg","img.chefkoch-cdn.de"
"C:\Meine Webseiten\freebasis\www.chefkoch.de\kochstars\thema-des-monats\märz-2023.html","https://img.chefkoch-cdn.de/images/crop-480x270/content/f/270734/1200x675/09df68ee08/buttermilch-chicken-burger.jpg","img.chefkoch-cdn.de"
"C:\Meine Webseiten\freebasis\www.chefkoch.de\kochstars\thema-des-monats\märz-2023.html","https://img.chefkoch-cdn.de/images/crop-640x360/content/f/270734/1200x675/09df68ee08/buttermilch-chicken-burger.jpg","img.chefkoch-cdn.de"
"C:\Meine Webseiten\freebasis\www.chefkoch.de\kochstars\thema-des-monats\märz-2023.html","https://img.chefkoch-cdn.de/images/crop-240x135/content/f/270734/1200x675/4390a176b0/wan-tans-teaser.jpg","img.chefkoch-cdn.de"
"C:\Meine Webseiten\freebasis\www.chefkoch.de\kochstars\thema-des-monats\märz-2023.html","https://img.chefkoch-cdn.de/images/crop-320x180/content/f/270734/1200x675/4390a176b0/wan-tans-teaser.jpg","img.chefkoch-cdn.de"
"C:\Meine Webseiten\freebasis\www.chefkoch.de\kochstars\thema-des-monats\märz-2023.html","https://img.chefkoch-cdn.de/images/crop-480x270/content/f/270734/1200x675/4390a176b0/wan-tans-teaser.jpg","img.chefkoch-cdn.de"
"C:\Meine Webseiten\freebasis\www.chefkoch.de\kochstars\thema-des-monats\märz-2023.html","https://img.chefkoch-cdn.de/images/crop-640x360/content/f/270734/1200x675/4390a176b0/wan-tans-teaser.jpg","img.chefkoch-cdn.de"
"C:\Meine Webseiten\freebasis\www.chefkoch.de\kochstars\thema-des-monats\märz-2023.html","https://img.chefkoch-cdn.de/assets/v2/img/plus/flyout-teaser-2-v3@2x.jpg","img.chefkoch-cdn.de"
"C:\Meine Webseiten\freebasis\www.chefkoch.de\kochstars\thema-des-monats\märz-2023.html","https://img.chefkoch-cdn.de/assets/v2/img/plus/flyout-teaser-2-v3.jpg","img.chefkoch-cdn.de"
"C:\Meine Webseiten\freebasis\www.chefkoch.de\kochstars\thema-des-monats\märz-2023.html","https://img.chefkoch-cdn.de/images/crop-150x150/ck.de/user/84d056857061c3d71329cd688cea808a.jpg","img.chefkoch-cdn.de"
"C:\Meine Webseiten\freebasis\www.chefkoch.de\kochstars\thema-des-monats\märz-2023.html","https://img.chefkoch-cdn.de/rezepte/4152941662368100/bilder/1472689/crop-320x400/banh-bao.jpg","img.chefkoch-cdn.de"
"C:\Meine Webseiten\freebasis\www.chefkoch.de\kochstars\thema-des-monats\märz-2023.html","https://img.chefkoch-cdn.de/rezepte/4152941662368100/bilder/1472689/crop-480x600/banh-bao.jpg","img.chefkoch-cdn.de"
"C:\Meine Webseiten\freebasis\www.chefkoch.de\kochstars\thema-des-monats\märz-2023.html","https://img.chefkoch-cdn.de/rezepte/4152941662368100/bilder/1472689/crop-640x800/banh-bao.jpg","img.chefkoch-cdn.de"
"C:\Meine Webseiten\freebasis\www.chefkoch.de\kochstars\thema-des-monats\märz-2023.html","https://img.chefkoch-cdn.de/images/crop-150x150/ck.de/user/db160f31e4a7c8e366de4e14f08539a2.jpg","img.chefkoch-cdn.de"
"C:\Meine Webseiten\freebasis\www.chefkoch.de\kochstars\thema-des-monats\märz-2023.html","https://img.chefkoch-cdn.de/rezepte/4161981664872986/bilder/1476997/crop-320x400/brioche-mit-chicken-salat.jpg","img.chefkoch-cdn.de"
"C:\Meine Webseiten\freebasis\www.chefkoch.de\kochstars\thema-des-monats\märz-2023.html","https://img.chefkoch-cdn.de/rezepte/4161981664872986/bilder/1476997/crop-480x600/brioche-mit-chicken-salat.jpg","img.chefkoch-cdn.de"
"C:\Meine Webseiten\freebasis\www.chefkoch.de\kochstars\thema-des-monats\märz-2023.html","https://img.chefkoch-cdn.de/rezepte/4161981664872986/bilder/1476997/crop-640x800/brioche-mit-chicken-salat.jpg","img.chefkoch-cdn.de"
"C:\Meine Webseiten\freebasis\www.chefkoch.de\kochstars\thema-des-monats\märz-2023.html","https://img.chefkoch-cdn.de/images/crop-150x150/ck.de/user/62ddb82e023e48010e36a1f7371c7b3b.jpg","img.chefkoch-cdn.de"
"C:\Meine Webseiten\freebasis\www.chefkoch.de\kochstars\thema-des-monats\märz-2023.html","https://img.chefkoch-cdn.de/rezepte/4189591672945810/bilder/1490848/crop-320x400/tom-kha-gai-mit-rehfilet.jpg","img.chefkoch-cdn.de"
"C:\Meine Webseiten\freebasis\www.chefkoch.de\kochstars\thema-des-monats\märz-2023.html","https://img.chefkoch-cdn.de/rezepte/4189591672945810/bilder/1490848/crop-480x600/tom-kha-gai-mit-rehfilet.jpg","img.chefkoch-cdn.de"
"C:\Meine Webseiten\freebasis\www.chefkoch.de\kochstars\thema-des-monats\märz-2023.html","https://img.chefkoch-cdn.de/rezepte/4189591672945810/bilder/1490848/crop-640x800/tom-kha-gai-mit-rehfilet.jpg","img.chefkoch-cdn.de"
"C:\Meine Webseiten\freebasis\www.chefkoch.de\kochstars\thema-des-monats\märz-2023.html","https://img.chefkoch-cdn.de/images/crop-150x150/ck.de/user/db160f31e4a7c8e366de4e14f08539a2.jpg","img.chefkoch-cdn.de"
"C:\Meine Webseiten\freebasis\www.chefkoch.de\kochstars\thema-des-monats\märz-2023.html","https://img.chefkoch-cdn.de/rezepte/4162111664889015/bilder/1477563/crop-320x400/leberwurst-apfel-brot.jpg","img.chefkoch-cdn.de"
"C:\Meine Webseiten\freebasis\www.chefkoch.de\kochstars\thema-des-monats\märz-2023.html","https://img.chefkoch-cdn.de/rezepte/4162111664889015/bilder/1477563/crop-480x600/leberwurst-apfel-brot.jpg","img.chefkoch-cdn.de"
"C:\Meine Webseiten\freebasis\www.chefkoch.de\kochstars\thema-des-monats\märz-2023.html","https://img.chefkoch-cdn.de/rezepte/4162111664889015/bilder/1477563/crop-640x800/leberwurst-apfel-brot.jpg","img.chefkoch-cdn.de"
"C:\Meine Webseiten\freebasis\www.chefkoch.de\kochstars\thema-des-monats\märz-2023.html","https://img.chefkoch-cdn.de/images/crop-150x150/ck.de/user/9930fead4590d6254b52575d2834152b.jpg","img.chefkoch-cdn.de"
"C:\Meine Webseiten\freebasis\www.chefkoch.de\kochstars\thema-des-monats\märz-2023.html","https://img.chefkoch-cdn.de/rezepte/4190471673285688/bilder/1490818/crop-320x400/bazlama-mit-paprikabutter.jpg","img.chefkoch-cdn.de"
"C:\Meine Webseiten\freebasis\www.chefkoch.de\kochstars\thema-des-monats\märz-2023.html","https://img.chefkoch-cdn.de/rezepte/4190471673285688/bilder/1490818/crop-480x600/bazlama-mit-paprikabutter.jpg","img.chefkoch-cdn.de"
"C:\Meine Webseiten\freebasis\www.chefkoch.de\kochstars\thema-des-monats\märz-2023.html","https://img.chefkoch-cdn.de/rezepte/4190471673285688/bilder/1490818/crop-640x800/bazlama-mit-paprikabutter.jpg","img.chefkoch-cdn.de"
"C:\Meine Webseiten\freebasis\www.chefkoch.de\kochstars\thema-des-monats\märz-2023.html","https://img.chefkoch-cdn.de/images/crop-150x150/ck.de/user/84d056857061c3d71329cd688cea808a.jpg","img.chefkoch-cdn.de"
"C:\Meine Webseiten\freebasis\www.chefkoch.de\kochstars\thema-des-monats\märz-2023.html","https://img.chefkoch-cdn.de/rezepte/4316891720084890/bilder/1559884/crop-320x400/mediterrane-palbohnen-mit-selbst-gebackenem-ciabatta.jpg","img.chefkoch-cdn.de"
"C:\Meine Webseiten\freebasis\www.chefkoch.de\kochstars\thema-des-monats\märz-2023.html","https://img.chefkoch-cdn.de/rezepte/4316891720084890/bilder/1559884/crop-480x600/mediterrane-palbohnen-mit-selbst-gebackenem-ciabatta.jpg","img.chefkoch-cdn.de"
"C:\Meine Webseiten\freebasis\www.chefkoch.de\kochstars\thema-des-monats\märz-2023.html","https://img.chefkoch-cdn.de/rezepte/4316891720084890/bilder/1559884/crop-640x800/mediterrane-palbohnen-mit-selbst-gebackenem-ciabatta.jpg","img.chefkoch-cdn.de"
"C:\Meine Webseiten\freebasis\www.chefkoch.de\kochstars\thema-des-monats\märz-2023.html","https://img.chefkoch-cdn.de/images/crop-150x150/ck.de/user/141373aa18974e0ff8073aa927ef9b3d.jpg","img.chefkoch-cdn.de"
"C:\Meine Webseiten\freebasis\www.chefkoch.de\kochstars\thema-des-monats\märz-2023.html","https://img.chefkoch-cdn.de/rezepte/4191041673464726/bilder/1490971/crop-320x400/pasta-frolla-tarte.jpg","img.chefkoch-cdn.de"
"C:\Meine Webseiten\freebasis\www.chefkoch.de\kochstars\thema-des-monats\märz-2023.html","https://img.chefkoch-cdn.de/rezepte/4191041673464726/bilder/1490971/crop-480x600/pasta-frolla-tarte.jpg","img.chefkoch-cdn.de"
"C:\Meine Webseiten\freebasis\www.chefkoch.de\kochstars\thema-des-monats\märz-2023.html","https://img.chefkoch-cdn.de/rezepte/4191041673464726/bilder/1490971/crop-640x800/pasta-frolla-tarte.jpg","img.chefkoch-cdn.de"
"C:\Meine Webseiten\freebasis\www.chefkoch.de\kochstars\thema-des-monats\märz-2023.html","https://img.chefkoch-cdn.de/images/crop-150x150/ck.de/user/84d056857061c3d71329cd688cea808a.jpg","img.chefkoch-cdn.de"
"C:\Meine Webseiten\freebasis\www.chefkoch.de\kochstars\thema-des-monats\märz-2023.html","https://img.chefkoch-cdn.de/rezepte/4224341683802159/bilder/1509229/crop-320x400/butter-chicken-burger-mit-tomaten-salsa-und-mango-chutney.jpg","img.chefkoch-cdn.de"
"C:\Meine Webseiten\freebasis\www.chefkoch.de\kochstars\thema-des-monats\märz-2023.html","https://img.chefkoch-cdn.de/rezepte/4224341683802159/bilder/1509229/crop-480x600/butter-chicken-burger-mit-tomaten-salsa-und-mango-chutney.jpg","img.chefkoch-cdn.de"
"C:\Meine Webseiten\freebasis\www.chefkoch.de\kochstars\thema-des-monats\märz-2023.html","https://img.chefkoch-cdn.de/rezepte/4224341683802159/bilder/1509229/crop-640x800/butter-chicken-burger-mit-tomaten-salsa-und-mango-chutney.jpg","img.chefkoch-cdn.de"
"C:\Meine Webseiten\freebasis\www.chefkoch.de\kochstars\thema-des-monats\märz-2023.html","https://img.chefkoch-cdn.de/images/crop-150x150/ck.de/user/3419530677fc3f4de87fca2ab9ec422a.jpg","img.chefkoch-cdn.de"
"C:\Meine Webseiten\freebasis\www.chefkoch.de\kochstars\thema-des-monats\märz-2023.html","https://img.chefkoch-cdn.de/rezepte/4166671666255588/bilder/1491617/crop-320x400/falsche-pfirsiche.jpg","img.chefkoch-cdn.de"
"C:\Meine Webseiten\freebasis\www.chefkoch.de\kochstars\thema-des-monats\märz-2023.html","https://img.chefkoch-cdn.de/rezepte/4166671666255588/bilder/1491617/crop-480x600/falsche-pfirsiche.jpg","img.chefkoch-cdn.de"
"C:\Meine Webseiten\freebasis\www.chefkoch.de\kochstars\thema-des-monats\märz-2023.html","https://img.chefkoch-cdn.de/rezepte/4166671666255588/bilder/1491617/crop-640x800/falsche-pfirsiche.jpg","img.chefkoch-cdn.de"
"C:\Meine Webseiten\freebasis\www.chefkoch.de\kochstars\thema-des-monats\märz-2023.html","https://img.chefkoch-cdn.de/images/crop-150x150/ck.de/user/5fd029ee189ff464a3e3ecc69142e981.jpg","img.chefkoch-cdn.de"
"C:\Meine Webseiten\freebasis\www.chefkoch.de\kochstars\thema-des-monats\märz-2023.html","https://img.chefkoch-cdn.de/rezepte/4168451666775029/bilder/1480795/crop-320x400/schwarzfederhuhn.jpg","img.chefkoch-cdn.de"
"C:\Meine Webseiten\freebasis\www.chefkoch.de\kochstars\thema-des-monats\märz-2023.html","https://img.chefkoch-cdn.de/rezepte/4168451666775029/bilder/1480795/crop-480x600/schwarzfederhuhn.jpg","img.chefkoch-cdn.de"
"C:\Meine Webseiten\freebasis\www.chefkoch.de\kochstars\thema-des-monats\märz-2023.html","https://img.chefkoch-cdn.de/rezepte/4168451666775029/bilder/1480795/crop-640x800/schwarzfederhuhn.jpg","img.chefkoch-cdn.de"
"C:\Meine Webseiten\freebasis\www.chefkoch.de\kochstars\thema-des-monats\märz-2023.html","https://img.chefkoch-cdn.de/images/crop-150x150/ck.de/user/3af15045df2c9e159f0059192cdcdfe4.jpg","img.chefkoch-cdn.de"
"C:\Meine Webseiten\freebasis\www.chefkoch.de\kochstars\thema-des-monats\märz-2023.html","https://img.chefkoch-cdn.de/rezepte/4236591688451624/bilder/1515795/crop-320x400/haehnchen-auf-mango-brot-salat.jpg","img.chefkoch-cdn.de"
"C:\Meine Webseiten\freebasis\www.chefkoch.de\kochstars\thema-des-monats\märz-2023.html","https://img.chefkoch-cdn.de/rezepte/4236591688451624/bilder/1515795/crop-480x600/haehnchen-auf-mango-brot-salat.jpg","img.chefkoch-cdn.de"
"C:\Meine Webseiten\freebasis\www.chefkoch.de\kochstars\thema-des-monats\märz-2023.html","https://img.chefkoch-cdn.de/rezepte/4236591688451624/bilder/1515795/crop-640x800/haehnchen-auf-mango-brot-salat.jpg","img.chefkoch-cdn.de"
"C:\Meine Webseiten\freebasis\www.chefkoch.de\kochstars\thema-des-monats\märz-2023.html","https://img.chefkoch-cdn.de/images/crop-150x150/ck.de/user/843f5ec99f4e7efb12bc2566236a4776.jpg","img.chefkoch-cdn.de"
"C:\Meine Webseiten\freebasis\www.chefkoch.de\kochstars\thema-des-monats\märz-2023.html","https://img.chefkoch-cdn.de/rezepte/4190821673425669/bilder/1490965/crop-320x400/chicoree-cesare-winter-fingerfood-mit-dem-beliebtesten-dressing-der-welt.jpg","img.chefkoch-cdn.de"
"C:\Meine Webseiten\freebasis\www.chefkoch.de\kochstars\thema-des-monats\märz-2023.html","https://img.chefkoch-cdn.de/rezepte/4190821673425669/bilder/1490965/crop-480x600/chicoree-cesare-winter-fingerfood-mit-dem-beliebtesten-dressing-der-welt.jpg","img.chefkoch-cdn.de"
"C:\Meine Webseiten\freebasis\www.chefkoch.de\kochstars\thema-des-monats\märz-2023.html","https://img.chefkoch-cdn.de/rezepte/4190821673425669/bilder/1490965/crop-640x800/chicoree-cesare-winter-fingerfood-mit-dem-beliebtesten-dressing-der-welt.jpg","img.chefkoch-cdn.de"
"C:\Meine Webseiten\freebasis\www.chefkoch.de\kochstars\thema-des-monats\märz-2023.html","https://www.instagram.com/chefkoch/","www.instagram.com"
"C:\Meine Webseiten\freebasis\www.chefkoch.de\kochstars\thema-des-monats\märz-2023.html","https://www.tiktok.com/@chefkoch","www.tiktok.com"
"C:\Meine Webseiten\freebasis\www.chefkoch.de\kochstars\thema-des-monats\märz-2023.html","https://www.facebook.com/chefkoch.de","www.facebook.com"
"C:\Meine Webseiten\freebasis\www.chefkoch.de\kochstars\thema-des-monats\märz-2023.html","https://www.pinterest.de/chefkochde/","www.pinterest.de"
"C:\Meine Webseiten\freebasis\www.chefkoch.de\kochstars\thema-des-monats\märz-2023.html","https://www.youtube.com/chefkoch","www.youtube.com"
"C:\Meine Webseiten\freebasis\www.chefkoch.de\kochstars\thema-des-monats\märz-2023.html","https://www.whatsapp.com/channel/0029VabvqZU3LdQOknGWyl1H","www.whatsapp.com"
"C:\Meine Webseiten\freebasis\www.chefkoch.de\kochstars\thema-des-monats\märz-2023.html","https://kundenservice.chefkoch.de/hc/de/requests/new?ticket_form_id=4536290816924","kundenservice.chefkoch.de"
"C:\Meine Webseiten\freebasis\www.chefkoch.de\kochstars\thema-des-monats\märz-2023.html","https://kundenservice.chefkoch.de/hc/de/requests/new?ticket_form_id=28292758012188","kundenservice.chefkoch.de"
"C:\Meine Webseiten\freebasis\www.chefkoch.de\kochstars\thema-des-monats\märz-2023.html","https://kundenservice.chefkoch.de/","kundenservice.chefkoch.de"
