id,path,name,mimeType,size,modifiedTime
14r3NASTY1Njt0THTj5q9cp9fPYg7aUHk,ROOT/gmail_manager,gmail_manager,application/vnd.google-apps.folder,,2026-07-25T08:34:26.577Z
1OIx_WorR5l7S1m71DeIf7CGSO0Hk4iI0,ROOT/gmail_manager/quarantine,quarantine,application/vnd.google-apps.folder,,2026-07-25T08:45:15.821Z
1H6Umwg6_XOaeIflFm1gebVGt0onKdJc2,ROOT/gmail_manager/scripts,scripts,application/vnd.google-apps.folder,,2026-07-25T08:45:15.813Z
1UneNn6ppdxJKbKDqlbjK838nhY4b98Jo,ROOT/gmail_manager/reports,reports,application/vnd.google-apps.folder,,2026-07-25T08:45:15.806Z
11bnzNTiDmbXLp3tgetUU3DA6LcdP8lHD,ROOT/gmail_manager/reports/yahoo_connection_test_latest.json,yahoo_connection_test_latest.json,application/json,1020,2026-07-25T09:25:04.332Z
17Mz5FFmLinyWddRNG8AmqK0UVHqg6fLh,ROOT/gmail_manager/reports/yahoo_connection_test_20260725_092448.json,yahoo_connection_test_20260725_092448.json,application/json,1020,2026-07-25T09:24:57.393Z
17rfguRtMWu8d-Jtr-bHU77ub-1L8ugbe,ROOT/gmail_manager/reports/yahoo_connection_test_20260725_092326.json,yahoo_connection_test_20260725_092326.json,application/json,1020,2026-07-25T09:23:35.359Z
1K4nmdJVBO1POpLsdBFENVV3C-ADOl2Er,ROOT/gmail_manager/reports/mail_manager_config_audit_latest.json,mail_manager_config_audit_latest.json,application/json,1984,2026-07-25T09:11:12.408Z
17Ru3f5X3MfRMyX1wWM_m95eEtSofmOHq,ROOT/gmail_manager/reports/mail_manager_config_audit_corrected_20260725_091101.json,mail_manager_config_audit_corrected_20260725_091101.json,application/json,1984,2026-07-25T09:11:01.958Z
1qXtyZgVvgN-rTKys2ZTSwO52mEmZGGd3,ROOT/gmail_manager/reports/mail_manager_config_audit_20260725_090939.json,mail_manager_config_audit_20260725_090939.json,application/json,2684,2026-07-25T09:09:39.469Z
1XE6RFQJjcyscJPeFag-aHUn9-WaCBb44,ROOT/gmail_manager/logs,logs,application/vnd.google-apps.folder,,2026-07-25T08:34:26.602Z
1xIiPZQR97voIsa71xx5XiQgwxizSfP8n,ROOT/gmail_manager/config,config,application/vnd.google-apps.folder,,2026-07-25T08:34:26.597Z
1-An5N5Ib7o_1g9ffoAE2-2PgoKf0vxNM,ROOT/gmail_manager/config/secret_manager_map.json,secret_manager_map.json,application/json,1161,2026-07-25T09:25:02.894Z
1ym4BL4Cpdw4hNBZio0mxXV41Qx0gC_mJ,ROOT/gmail_manager/config/label_structure.json,label_structure.json,application/json,2670,2026-07-25T09:08:02.416Z
1BNOV8v9nf7veazP_ggwIBs4J1H1kSoap,ROOT/gmail_manager/config/gmail_manager_config.json,gmail_manager_config.json,application/json,754,2026-07-25T09:08:00.896Z
1TqbSWZTLpvi6M5SoGZXmumWQMM6UI53s,ROOT/gmail_manager/config/mail_accounts.json,mail_accounts.json,application/json,1283,2026-07-25T09:07:55.474Z
1hsywxc4VeCSNzflKuruDI3ukLZ5RG1x6,ROOT/gmail_manager/config/classification_policy.json,classification_policy.json,application/json,494,2026-07-25T08:45:15.846Z
1QPo2Y5FQN5iEs8-vQ7x24A9R5q-c_yta,ROOT/gmail_manager/backups,backups,application/vnd.google-apps.folder,,2026-07-25T08:34:26.590Z
12_lhP4xy4ht9cV_mCYXRNW5DhLnCABuN,ROOT/archive_old_tests,archive_old_tests,application/vnd.google-apps.folder,,2026-07-24T14:26:59.338Z
1tfhkYGEMgi0a-M6Ypn4CA57z92zPRrdM,ROOT/archive_old_tests/landing_A1.html,landing_A1.html,text/html,210,2026-06-22T16:34:27.136Z
1f1sYsWBEi35YCt1ZkFO6ZBGaiGyiEE8_,ROOT/config,config,application/vnd.google-apps.folder,,2026-07-17T17:11:27.243Z
1b2Tj2TGUAnLra9EmkN6mLl9_fV8B6b0l,ROOT/config/landingpages,landingpages,application/vnd.google-apps.folder,,2026-07-17T17:11:31.225Z
1vt5hlf5u7qNBLvpzvOKYJ-A4FRxfT9ut,ROOT/config/landingpages/FBEP_Master_Landingpage_Field_Library_V1.md,FBEP_Master_Landingpage_Field_Library_V1.md,text/markdown,64034,2026-07-18T07:50:14.004Z
1vzDMl7KLNjVJEJZq3OiKTqt01ayXCsnJ,ROOT/config/landingpages/MLP005_PRODUCTION_MANIFEST.json,MLP005_PRODUCTION_MANIFEST.json,application/json,1180,2026-07-18T07:50:12.052Z
1VSCJSZbqlgljfkJMMY4Cp3wXEElzeTKg,ROOT/config/landingpages/FBEP_Master_Landingpage_Schema_V1.json,FBEP_Master_Landingpage_Schema_V1.json,application/json,183263,2026-07-18T07:50:10.609Z
1qt0O6mpuizzztx_GgX_mbv3gl7ASY4yv,ROOT/config/landingpages/FBEP_Master_Landingpage_Field_Library_V1.json,FBEP_Master_Landingpage_Field_Library_V1.json,application/json,649859,2026-07-18T07:50:08.885Z
1fCNPKtcR4oDqFjFgGn0xXeqsfIs9mZEF,ROOT/config/landingpages/FBEP_Master_Landingpage_Field_Library_V1.csv,FBEP_Master_Landingpage_Field_Library_V1.csv,text/csv,147270,2026-07-18T07:50:06.430Z
1BmMP3BpIg48Ush6bfEJ42PK-xZG8b1EG,ROOT/final_lock_20260709,final_lock_20260709,application/vnd.google-apps.folder,,2026-07-09T01:00:34.226Z
1gsG3XSTxEXpS9869h6hP0IB1sEf68Gvj,ROOT/START_HERE.md,START_HERE.md,text/markdown,682,2026-07-03T23:53:16.834Z
1GtStDMeP7wfbzsxqhxZV7H4b2Nnba9HI,ROOT/ROADMAP.md,ROADMAP.md,text/markdown,280,2026-07-03T23:53:11.171Z
14EJZR_ZIATbYNyQVu7aMzYYzIC-0y557,ROOT/RECOVERY.md,RECOVERY.md,text/markdown,442,2026-07-03T23:53:11.152Z
1gUdH_zdoBv6qY33i3zypstrbOvcYNYs9,ROOT/PROJECT_STATUS.md,PROJECT_STATUS.md,text/markdown,694,2026-07-03T23:53:11.135Z
1jun3rBzBofqU13RBbJLDv309Zmu204dJ,ROOT/MASTER_RULES.md,MASTER_RULES.md,text/markdown,726,2026-07-03T23:53:11.116Z
1k5NxjxHPY4Mg-2UkkZKwntXgwwUGQn0B,ROOT/docs,docs,application/vnd.google-apps.folder,,2026-07-03T23:53:11.083Z
1VYCTry88-WEXr-iAOkOi3pdBfLeWEFHH,ROOT/docs/project,project,application/vnd.google-apps.folder,,2026-07-04T08:20:31.281Z
18pgolNcnlbE6_IT_tpHO15tvPuF2kHnh,ROOT/docs/project/21_CHANGELOG.md,21_CHANGELOG.md,text/markdown,30,2026-07-04T08:20:32.217Z
10MfcpBxeHjSCk7IPwh5_7VLrj3TPs1Yi,ROOT/docs/project/20_ROADMAP.md,20_ROADMAP.md,text/markdown,28,2026-07-04T08:20:32.195Z
1JDNOxTcQqJBVof90OkRuI1zRMz_drg65,ROOT/docs/project/19_PROJECT_STATUS.md,19_PROJECT_STATUS.md,text/markdown,35,2026-07-04T08:20:32.173Z
1wggbSUu4ZCqFRe3IoCEI21LffVRGCW4Q,ROOT/docs/project/18_RECOVERY.md,18_RECOVERY.md,text/markdown,29,2026-07-04T08:20:32.138Z
1pr9TdURxaBDLtWJIJXa5wrJcYVJhjKGQ,ROOT/docs/project/17_COMPLIANCE.md,17_COMPLIANCE.md,text/markdown,31,2026-07-04T08:20:32.106Z
1s8Oz5xNOGASAI8H3Wp_lr4q-xhgmSpN6,ROOT/docs/project/16_DEPLOYMENT.md,16_DEPLOYMENT.md,text/markdown,31,2026-07-04T08:20:32.074Z
1KXp-p___iecBwOtrVao3nMDFgv-ZQNKZ,ROOT/docs/project/15_LEARNING.md,15_LEARNING.md,text/markdown,29,2026-07-04T08:20:32.048Z
1Pw5XrXFtrFeUlBw7gamtWK9zYgeIMjme,ROOT/docs/project/14_TRACKING.md,14_TRACKING.md,text/markdown,29,2026-07-04T08:20:32.021Z
1ZWILCd0FC9T3xtztUjbVkKZ8DqlRJbHf,ROOT/docs/project/13_YOUTUBE_PIPELINE.md,13_YOUTUBE_PIPELINE.md,text/markdown,37,2026-07-04T08:20:31.993Z
1OFFRlE4iRXt_i80KaS7xlWwWiO2gkDkO,ROOT/docs/project/12_PINTEREST_PIPELINE.md,12_PINTEREST_PIPELINE.md,text/markdown,39,2026-07-04T08:20:31.938Z
1qyY3RkSs8vNSJBrft7FObykOSJSaOlcO,ROOT/docs/project/11_CONTENT_PIPELINE.md,11_CONTENT_PIPELINE.md,text/markdown,37,2026-07-04T08:20:31.881Z
13P-c73l4wsln1efnyeS0-eT9MD4mdVcX,ROOT/docs/project/10_PRODUCT_CATALOG.md,10_PRODUCT_CATALOG.md,text/markdown,36,2026-07-04T08:20:31.835Z
1TXuz3ElAdwlDBb4omdRvx0voBujXEkK1,ROOT/docs/project/09_DATA_SOURCES.md,09_DATA_SOURCES.md,text/markdown,33,2026-07-04T08:20:31.788Z
1vxHvB2Ig8m73JnBae2Hp9uDFgvytEs8B,ROOT/docs/project/08_API_CONNECTIONS.md,08_API_CONNECTIONS.md,text/markdown,36,2026-07-04T08:20:31.721Z
1zECVOTHJjFPZBR0OXbv-oQMBmN5rfzm9,ROOT/docs/project/07_COLAB.md,07_COLAB.md,text/markdown,26,2026-07-04T08:20:31.652Z
1BRAml-MfymkfAYt9IxwKO3oPteb9iQ9L,ROOT/docs/project/06_SHEETS_STRUCTURE.md,06_SHEETS_STRUCTURE.md,text/markdown,37,2026-07-04T08:20:31.610Z
1Eit51af8HdK4K5LTqtyfan0JBuv5YAli,ROOT/docs/project/05_GITHUB_STRUCTURE.md,05_GITHUB_STRUCTURE.md,text/markdown,37,2026-07-04T08:20:31.547Z
1R9dDtoSQabF89qnKKXQjj08oZoYPyQds,ROOT/docs/project/04_DRIVE_STRUCTURE.md,04_DRIVE_STRUCTURE.md,text/markdown,36,2026-07-04T08:20:31.499Z
1Fmh6GSfRzo6NjpT8x1HWfB9fMVm6ZqjO,ROOT/docs/project/03_ARCHITECTURE.md,03_ARCHITECTURE.md,text/markdown,33,2026-07-04T08:20:31.444Z
14Ib2hI0jArcv3OCoQsV8XtEfsbzsYjq0,ROOT/docs/project/02_MASTER_RULES.md,02_MASTER_RULES.md,text/markdown,33,2026-07-04T08:20:31.386Z
1sLSTZIMIWB524MSlOXHMurJ8wUdadDHC,ROOT/docs/project/01_VISION.md,01_VISION.md,text/markdown,27,2026-07-04T08:20:31.344Z
1sL7WohdCkP7XAr4FYDVm_vibf72tToxp,ROOT/docs/project/00_PROJECT_MEMORY.md,00_PROJECT_MEMORY.md,text/markdown,35,2026-07-04T08:20:31.301Z
1qP_eZkhrTCBS50xuUlVKMxIGTZqwUNw8,ROOT/core,core,application/vnd.google-apps.folder,,2026-07-03T23:53:11.019Z
1evHUfhntXBw0HCoht0G4zfcI65D9TVyT,ROOT/temp,temp,application/vnd.google-apps.folder,,2026-07-03T23:12:08.602Z
1lTC_infRDyvcU11CFuLQKh4-1mLkS0Hf,ROOT/_QUARANTINE_REVIEW,_QUARANTINE_REVIEW,application/vnd.google-apps.folder,,2026-07-03T23:12:08.597Z
1puwgvxDhnxlI17ekmuafgThraaB7KMhZ,ROOT/_QUARANTINE_REVIEW/duplicate_repo,duplicate_repo,application/vnd.google-apps.folder,,2026-07-04T01:20:36.077Z
18NWWOh4Sw5AMmZsyvSbI6z5okjpHlYWT,ROOT/_QUARANTINE_REVIEW/duplicate_repo/ai-marketing-system,ai-marketing-system,application/vnd.google-apps.folder,,2026-07-03T23:28:33.662Z
1pUqClBWkvYsLgeVX4T-Vw_ieCUJoWWNg,ROOT/_QUARANTINE_REVIEW/duplicate_repo/ai-marketing-system/youtube_uploader.py,youtube_uploader.py,text/x-python,965,2026-07-03T23:28:35.605Z
1nZ6cfXy5p-6vSebI8L60CsnQpSa3wKrB,ROOT/_QUARANTINE_REVIEW/duplicate_repo/ai-marketing-system/trend_prediction_engine.py,trend_prediction_engine.py,text/x-python,2701,2026-07-03T23:28:35.596Z
1n97yM3P7xYp9i09RnCNRPIEtVOKZCHEq,ROOT/_QUARANTINE_REVIEW/duplicate_repo/ai-marketing-system/requirements.txt,requirements.txt,text/plain,60,2026-07-03T23:28:35.586Z
1Yv0o_yn4qx_TeOHOhIAU6XzJ90-V8krK,ROOT/_QUARANTINE_REVIEW/duplicate_repo/ai-marketing-system/keyword_discovery_engine.py,keyword_discovery_engine.py,text/x-python,2322,2026-07-03T23:28:35.578Z
1xYWivxLpwVlDwuMUHwRY2T_UkTIi2Mr3,ROOT/_QUARANTINE_REVIEW/duplicate_repo/ai-marketing-system/google_sheets_connector.py,google_sheets_connector.py,text/x-python,1679,2026-07-03T23:28:35.569Z
1aCv8JBr8dNATsLAL_pap47RSvf5qQ3xj,ROOT/_QUARANTINE_REVIEW/duplicate_repo/ai-marketing-system/engine,engine,application/vnd.google-apps.folder,,2026-07-03T23:28:35.253Z
19ZsgnUMsHbB53KmtSmu_y2ybN9dqWXAa,ROOT/_QUARANTINE_REVIEW/duplicate_repo/ai-marketing-system/engine/youtube_real_api.py,youtube_real_api.py,text/x-python,1622,2026-07-03T23:28:35.560Z
17BrhkUlLqS6ia2j01mBLCZ_Sn9XtHJa1,ROOT/_QUARANTINE_REVIEW/duplicate_repo/ai-marketing-system/engine/youtube_auto_video_system.py,youtube_auto_video_system.py,text/x-python,226,2026-07-03T23:28:35.551Z
1GqcSE2CYBIGSmPzBvW-4XTFZ0mEejuR0,ROOT/_QUARANTINE_REVIEW/duplicate_repo/ai-marketing-system/engine/video_engine.py,video_engine.py,text/x-python,1920,2026-07-03T23:28:35.541Z
1-3RfYnGdSMCRHxnOywA9CmFdP3-9r9cq,ROOT/_QUARANTINE_REVIEW/duplicate_repo/ai-marketing-system/engine/tracking_engine.py,tracking_engine.py,text/x-python,239,2026-07-03T23:28:35.532Z
13PzUQP7W2XCZfIsYdeSOXwOMbPLFo1Yp,ROOT/_QUARANTINE_REVIEW/duplicate_repo/ai-marketing-system/engine/tarifcheck_sales_engine.py,tarifcheck_sales_engine.py,text/x-python,265,2026-07-03T23:28:35.523Z
1vi77VqcucVvet5vt-UB3gz7clfY3ifRr,ROOT/_QUARANTINE_REVIEW/duplicate_repo/ai-marketing-system/engine/sheet_audit_engine.py,sheet_audit_engine.py,text/x-python,7854,2026-07-03T23:28:35.495Z
1V-JEWPlRBQD78rMER-sRILhtntBGnCt5,ROOT/_QUARANTINE_REVIEW/duplicate_repo/ai-marketing-system/engine/real_publish_layer.py,real_publish_layer.py,text/x-python,206,2026-07-03T23:28:35.486Z
1nOwxarUXHq0THN7u5WnIgLEzoal2UYNi,ROOT/_QUARANTINE_REVIEW/duplicate_repo/ai-marketing-system/engine/real_data_connector_v2.py,real_data_connector_v2.py,text/x-python,1512,2026-07-03T23:28:35.477Z
1YCBUTsghmjIhtlvxMvVXYldBPUIYMKUE,ROOT/_QUARANTINE_REVIEW/duplicate_repo/ai-marketing-system/engine/publish_engine.py,publish_engine.py,text/x-python,2216,2026-07-03T23:28:35.468Z
1mvFu62Z9g6qQ5YCS1Fl4DkzjU6xBpqvJ,ROOT/_QUARANTINE_REVIEW/duplicate_repo/ai-marketing-system/engine/profit_engine.py,profit_engine.py,text/x-python,2406,2026-07-03T23:28:35.460Z
1U5efUVR6sqdZ3VB1Y6G6ECoyMH_m9m05,ROOT/_QUARANTINE_REVIEW/duplicate_repo/ai-marketing-system/engine/product_layer.py,product_layer.py,text/x-python,602,2026-07-03T23:28:35.451Z
1gJ4jApwEDn-1bK4a_SjiOaV8-roAbDxx,ROOT/_QUARANTINE_REVIEW/duplicate_repo/ai-marketing-system/engine/product_generation_engine.py,product_generation_engine.py,text/x-python,1695,2026-07-03T23:28:35.442Z
1537zuxNw6rGs2u5m6TU7ZEdKnETJSP4p,ROOT/_QUARANTINE_REVIEW/duplicate_repo/ai-marketing-system/engine/partner_commission_mapper.py,partner_commission_mapper.py,text/x-python,988,2026-07-03T23:28:35.433Z
15pmYdgp3Q6AOB9tHHb0p8dD91faSqBex,ROOT/_QUARANTINE_REVIEW/duplicate_repo/ai-marketing-system/engine/output_layer.py,output_layer.py,text/x-python,134,2026-07-03T23:28:35.424Z
1-SmfPpCmyXATeTVX0w8DE6l-OsCOsPgW,ROOT/_QUARANTINE_REVIEW/duplicate_repo/ai-marketing-system/engine/orchestrator_clean_master.py,orchestrator_clean_master.py,text/x-python,298,2026-07-03T23:28:35.415Z
1MvxLATDVAKJHrJolhFTOByqMQVgFNMsT,ROOT/_QUARANTINE_REVIEW/duplicate_repo/ai-marketing-system/engine/mp4_video_pipeline.py,mp4_video_pipeline.py,text/x-python,2039,2026-07-03T23:28:35.406Z
1TDOPAcQyMH90rbSoS2B-c-ILjO3LOdps,ROOT/_QUARANTINE_REVIEW/duplicate_repo/ai-marketing-system/engine/monetization_engine.py,monetization_engine.py,text/x-python,1534,2026-07-03T23:28:35.398Z
1p1zRJiWD718XDdQJAsd6Xl4TWQQHHxDl,ROOT/_QUARANTINE_REVIEW/duplicate_repo/ai-marketing-system/engine/monetization_control_layer.py,monetization_control_layer.py,text/x-python,2341,2026-07-03T23:28:35.389Z
1YlxHv9lgjVFBs3IOpIUn5WaagoLDmUPD,ROOT/_QUARANTINE_REVIEW/duplicate_repo/ai-marketing-system/engine/live_data_layer.py,live_data_layer.py,text/x-python,572,2026-07-03T23:28:35.379Z
18xBVrF_oZw1lbTNDwYjqlOzo9HRoXdb4,ROOT/_QUARANTINE_REVIEW/duplicate_repo/ai-marketing-system/engine/landingpage_engine_v2.py,landingpage_engine_v2.py,text/x-python,217,2026-07-03T23:28:35.353Z
1is15Z_xRYtMztOA-91HdTuJZOUebKkXY,ROOT/_QUARANTINE_REVIEW/duplicate_repo/ai-marketing-system/engine/landingpage_audit_engine.py,landingpage_audit_engine.py,text/x-python,4494,2026-07-03T23:28:35.344Z
1jJozCiIZtFQCIBEKM452Rfdgb1pbgUkZ,ROOT/_QUARANTINE_REVIEW/duplicate_repo/ai-marketing-system/engine/data_layer_engine.py,data_layer_engine.py,text/x-python,135,2026-07-03T23:28:35.335Z
14KKxPh1cADLozm-JcLYOFQzAJ0Jat6c8,ROOT/_QUARANTINE_REVIEW/duplicate_repo/ai-marketing-system/engine/dashboard_live_engine.py,dashboard_live_engine.py,text/x-python,657,2026-07-03T23:28:35.326Z
1D31XODRxvcv_fdcqMvlCXWA83wh4P_0q,ROOT/_QUARANTINE_REVIEW/duplicate_repo/ai-marketing-system/engine/content_engine.py,content_engine.py,text/x-python,170,2026-07-03T23:28:35.317Z
1RTE9e8afy4SCorIgDrgQkuWuXmehEe5K,ROOT/_QUARANTINE_REVIEW/duplicate_repo/ai-marketing-system/engine/content_assets,content_assets,application/vnd.google-apps.folder,,2026-07-03T23:28:35.303Z
1afG14rTSyxOPu0VvEnyRcdRT770Kfx_i,ROOT/_QUARANTINE_REVIEW/duplicate_repo/ai-marketing-system/engine/content_assets/chk24_001.json,chk24_001.json,application/json,1200,2026-07-03T23:28:35.309Z
19dRfYEVf9Ha1htwp0OiXSFIZBkWqvGsK,ROOT/_QUARANTINE_REVIEW/duplicate_repo/ai-marketing-system/engine/compliance_engine.py,compliance_engine.py,text/x-python,4070,2026-07-03T23:28:35.298Z
19IVj2CpDGQzHXlXX-6Rp0WHpfO0YSoPr,ROOT/_QUARANTINE_REVIEW/duplicate_repo/ai-marketing-system/engine/auto_scaling_engine.py,auto_scaling_engine.py,text/x-python,2974,2026-07-03T23:28:35.284Z
1PjOFLUj7hvja5nSlY-2MXJiLuscGF4ma,ROOT/_QUARANTINE_REVIEW/duplicate_repo/ai-marketing-system/engine/api_connector.py,api_connector.py,text/x-python,2035,2026-07-03T23:28:35.279Z
1oZasXDQjZ3E40DJ7BZYpjTax598sZmUK,ROOT/_QUARANTINE_REVIEW/duplicate_repo/ai-marketing-system/engine/ai_learning_loop.py,ai_learning_loop.py,text/x-python,2467,2026-07-03T23:28:35.266Z
1ZHeUk6T5po6wqg0WCRNWIZyJlyni64im,ROOT/_QUARANTINE_REVIEW/duplicate_repo/ai-marketing-system/engine/__init__.py,__init__.py,text/x-python,20,2026-07-03T23:28:35.258Z
1lc00MSBgJbk3KF7w3SoXdJUt_XakaUsF,ROOT/_QUARANTINE_REVIEW/duplicate_repo/ai-marketing-system/auto_scaling_engine.py,auto_scaling_engine.py,text/x-python,2974,2026-07-03T23:28:35.244Z
1uKePNbrD6fF6tBTHy2PYKHu4miTMvQqP,ROOT/_QUARANTINE_REVIEW/duplicate_repo/ai-marketing-system/archive,archive,application/vnd.google-apps.folder,,2026-07-03T23:28:35.191Z
105eH4BnDRKJ2AMKdWGbMwUzHbSxhIiDJ,ROOT/_QUARANTINE_REVIEW/duplicate_repo/ai-marketing-system/archive/blogger_removed_gm014,blogger_removed_gm014,application/vnd.google-apps.folder,,2026-07-03T23:28:35.196Z
1OBLdCj39-7yIwdCcgUn-O-0_lE10eQSe,ROOT/_QUARANTINE_REVIEW/duplicate_repo/ai-marketing-system/archive/blogger_removed_gm014/live_distributor.py,live_distributor.py,text/x-python,2027,2026-07-03T23:28:35.236Z
1Mm9b8YC4PZO9oUFqVnbWtDGsCEHyVT5d,ROOT/_QUARANTINE_REVIEW/duplicate_repo/ai-marketing-system/archive/blogger_removed_gm014/google_publish_engine.py,google_publish_engine.py,text/x-python,2877,2026-07-03T23:28:35.227Z
1xJT7cxn2wV2_PLMKReZuMN-1VrIEreF4,ROOT/_QUARANTINE_REVIEW/duplicate_repo/ai-marketing-system/archive/blogger_removed_gm014/blogger_publisher_engine.py,blogger_publisher_engine.py,text/x-python,226,2026-07-03T23:28:35.200Z
1DN5z94lce9gO04KeHhpWkP1jNj_1qQfn,ROOT/_QUARANTINE_REVIEW/duplicate_repo/ai-marketing-system/app,app,application/vnd.google-apps.folder,,2026-07-03T23:28:35.168Z
12Jc4-ZxQbKAcLR4KwHf9DGcyjS100Mb5,ROOT/_QUARANTINE_REVIEW/duplicate_repo/ai-marketing-system/app/main_debug.py,main_debug.py,text/x-python,1611,2026-07-03T23:28:35.182Z
1kIx08eGaNGzhvCAueaB9nfg_zZZA1obR,ROOT/_QUARANTINE_REVIEW/duplicate_repo/ai-marketing-system/app/main.py,main.py,text/x-python,4000,2026-07-03T23:28:35.173Z
1k07uO4CNYX8TFZX87ls-iOoPGFOjivD5,ROOT/_QUARANTINE_REVIEW/duplicate_repo/ai-marketing-system/ads_optimization_engine.py,ads_optimization_engine.py,text/x-python,1927,2026-07-03T23:28:35.160Z
1A5l8476-H7Uq-p9SixGLNRF5xy6vZkkP,ROOT/_QUARANTINE_REVIEW/duplicate_repo/ai-marketing-system/README.md,README.md,text/markdown,100,2026-07-03T23:28:35.154Z
1yj7LKjovHM6O5oDnidMxblOaTogAO4s6,ROOT/_QUARANTINE_REVIEW/duplicate_repo/ai-marketing-system/GOLDEN_MASTER_1_0_RECOVERY.md,GOLDEN_MASTER_1_0_RECOVERY.md,text/markdown,569,2026-07-03T23:28:35.141Z
1RZexh-2Z5Zp0HRiKQsLQ8y2fs4cya-EI,ROOT/_QUARANTINE_REVIEW/duplicate_repo/ai-marketing-system/GM_1_0_FREEZE_COMPLETE.md,GM_1_0_FREEZE_COMPLETE.md,text/markdown,685,2026-07-03T23:28:35.134Z
1QqJRSbVdvN4AQ-b8Di_Dwrzd40RHvemF,ROOT/_QUARANTINE_REVIEW/duplicate_repo/ai-marketing-system/Dockerfile,Dockerfile,application/octet-stream,738,2026-07-03T23:28:35.128Z
1zkMZE6XNQOSPmKNztMgVjxnvd4aMkjPp,ROOT/_QUARANTINE_REVIEW/duplicate_repo/ai-marketing-system/.gitignore,.gitignore,application/octet-stream,35,2026-07-03T23:28:35.116Z
1TnWo0SSgSoytIAtphOCROO1ak6pLGY_E,ROOT/_QUARANTINE_REVIEW/duplicate_repo/ai-marketing-system/.env,.env,application/octet-stream,640,2026-07-03T23:28:35.111Z
1ml7bxki6lgOfAg5R9HuuLWGGcgpMg5aG,ROOT/_QUARANTINE_REVIEW/duplicate_repo/ai-marketing-system/.git,.git,application/vnd.google-apps.folder,,2026-07-03T23:28:33.668Z
1vR0VNOWaJEdC4BzKAd0S-hdtkUwrUyTy,ROOT/_QUARANTINE_REVIEW/duplicate_repo/ai-marketing-system/.git/index,index,application/octet-stream,4739,2026-07-03T23:36:40.772Z
1HtKiH0FyHErqwmf_5Gcs5WlYokq7DHQA,ROOT/_QUARANTINE_REVIEW/duplicate_repo/ai-marketing-system/.git/config,config,application/octet-stream,275,2026-07-03T23:28:35.071Z
1z3GTan2hR7WyPVhjB6Tjj983DgrlN9O4,ROOT/_QUARANTINE_REVIEW/duplicate_repo/ai-marketing-system/.git/HEAD,HEAD,application/octet-stream,21,2026-07-03T23:28:34.940Z
18SHPk73KcVLfaai9yk96obx3sPVlk5Z-,ROOT/_QUARANTINE_REVIEW/duplicate_repo/ai-marketing-system/.git/logs,logs,application/vnd.google-apps.folder,,2026-07-03T23:28:34.891Z
1SprtaTAJwXCU9MOyoVGXh0a9-xj-jO9g,ROOT/_QUARANTINE_REVIEW/duplicate_repo/ai-marketing-system/.git/logs/HEAD,HEAD,application/octet-stream,198,2026-07-03T23:28:34.983Z
184qtaRSl4tt3RtRZZy0t7AGRSYvANrVv,ROOT/_QUARANTINE_REVIEW/duplicate_repo/ai-marketing-system/.git/logs/refs,refs,application/vnd.google-apps.folder,,2026-07-03T23:28:34.897Z
1-9wqqBTmGBN8w4FXwf5Pm-yRHFQmcxwZ,ROOT/_QUARANTINE_REVIEW/duplicate_repo/ai-marketing-system/.git/logs/refs/heads,heads,application/vnd.google-apps.folder,,2026-07-03T23:28:34.994Z
1ltzyK7DoLqaP54eUnH7jz1BPb-lW6ws-,ROOT/_QUARANTINE_REVIEW/duplicate_repo/ai-marketing-system/.git/logs/refs/heads/main,main,application/octet-stream,198,2026-07-03T23:28:35.000Z
1mrMWrPEG14cuviIxcGuzicMyChJfXSCt,ROOT/_QUARANTINE_REVIEW/duplicate_repo/ai-marketing-system/.git/logs/refs/remotes,remotes,application/vnd.google-apps.folder,,2026-07-03T23:28:34.902Z
1_PQEfboCH84tSkE-DffLvY1MLNfcsPnF,ROOT/_QUARANTINE_REVIEW/duplicate_repo/ai-marketing-system/.git/logs/refs/remotes/origin,origin,application/vnd.google-apps.folder,,2026-07-03T23:28:34.907Z
1ci95ynNq4BYC5dRbxMvBZyqRVdFOzNS8,ROOT/_QUARANTINE_REVIEW/duplicate_repo/ai-marketing-system/.git/logs/refs/remotes/origin/HEAD,HEAD,application/octet-stream,198,2026-07-03T23:28:34.911Z
12oWBht7p7yBbbFmFiFI_SabFklgs2QAq,ROOT/_QUARANTINE_REVIEW/duplicate_repo/ai-marketing-system/.git/packed-refs,packed-refs,application/octet-stream,203,2026-07-03T23:28:34.852Z
16Jn1YIQ379UomB-f2sd4syf0Oz3x09zL,ROOT/_QUARANTINE_REVIEW/duplicate_repo/ai-marketing-system/.git/objects,objects,application/vnd.google-apps.folder,,2026-07-03T23:28:33.996Z
1_3pkmtyKussEr2mH2wO4e9qBOcIxw-pP,ROOT/_QUARANTINE_REVIEW/duplicate_repo/ai-marketing-system/.git/objects/info,info,application/vnd.google-apps.folder,,2026-07-03T23:28:34.007Z
1b5XXL6feRvLN_tMLMMbiNwO9BlFLZGug,ROOT/_QUARANTINE_REVIEW/duplicate_repo/ai-marketing-system/.git/objects/pack,pack,application/vnd.google-apps.folder,,2026-07-03T23:28:34.002Z
1T9B8ZK4ekdnnRERwB7KtScIpDSiJsow0,ROOT/_QUARANTINE_REVIEW/duplicate_repo/ai-marketing-system/.git/objects/pack/pack-be50afdbdc178f9e973b835c18364abc168e13c3.idx,pack-be50afdbdc178f9e973b835c18364abc168e13c3.idx,application/octet-stream,72164,2026-07-03T23:28:34.750Z
1rnVweWyJO0x5XvrItcPlUyCcIaky35lu,ROOT/_QUARANTINE_REVIEW/duplicate_repo/ai-marketing-system/.git/objects/pack/pack-be50afdbdc178f9e973b835c18364abc168e13c3.pack,pack-be50afdbdc178f9e973b835c18364abc168e13c3.pack,application/octet-stream,954402,2026-07-03T23:28:34.741Z
1fcnf_xcUmL4Mn07zbDnWCDtUx77-frlI,ROOT/_QUARANTINE_REVIEW/duplicate_repo/ai-marketing-system/.git/refs,refs,application/vnd.google-apps.folder,,2026-07-03T23:28:33.850Z
1EobqxY6kwiBzANI5W0cDQKjCqdfaaUcC,ROOT/_QUARANTINE_REVIEW/duplicate_repo/ai-marketing-system/.git/refs/remotes,remotes,application/vnd.google-apps.folder,,2026-07-03T23:28:34.869Z
1NKQyuwsGR7vB46ngkoBnqlBnLL40XmYm,ROOT/_QUARANTINE_REVIEW/duplicate_repo/ai-marketing-system/.git/refs/remotes/origin,origin,application/vnd.google-apps.folder,,2026-07-03T23:28:34.875Z
19d9IuweJE4K2pcuhV3W5jxKQwtL6YxTJ,ROOT/_QUARANTINE_REVIEW/duplicate_repo/ai-marketing-system/.git/refs/remotes/origin/HEAD,HEAD,application/octet-stream,30,2026-07-03T23:28:34.918Z
1kSWatT5pCiC2xApfMLDQ38qp4N0sdPyR,ROOT/_QUARANTINE_REVIEW/duplicate_repo/ai-marketing-system/.git/refs/tags,tags,application/vnd.google-apps.folder,,2026-07-03T23:28:33.861Z
1-5Bnh6bD8QHwr_PdnbozOFFgooCBAUXO,ROOT/_QUARANTINE_REVIEW/duplicate_repo/ai-marketing-system/.git/refs/heads,heads,application/vnd.google-apps.folder,,2026-07-03T23:28:33.857Z
1x3Ht3MT8ywDzU5sq1xhbZEJmPQAmVpko,ROOT/_QUARANTINE_REVIEW/duplicate_repo/ai-marketing-system/.git/refs/heads/main,main,application/octet-stream,41,2026-07-03T23:28:34.976Z
1PjmPwZM1Q7-_0eeGxuSEXkxtBCEApcrp,ROOT/_QUARANTINE_REVIEW/duplicate_repo/ai-marketing-system/.git/description,description,application/octet-stream,73,2026-07-03T23:28:33.841Z
1Jf247qDJPqxLcINj40j4juSnhnhs9DIc,ROOT/_QUARANTINE_REVIEW/duplicate_repo/ai-marketing-system/.git/info,info,application/vnd.google-apps.folder,,2026-07-03T23:28:33.826Z
1bgLSDKlajNQDc_QL9BeUOGBIlqZ9t9Po,ROOT/_QUARANTINE_REVIEW/duplicate_repo/ai-marketing-system/.git/info/exclude,exclude,application/octet-stream,240,2026-07-03T23:28:33.831Z
1h93Vm9e5maSY_pwW8sBYwAWzTGUu1j6m,ROOT/_QUARANTINE_REVIEW/duplicate_repo/ai-marketing-system/.git/hooks,hooks,application/vnd.google-apps.folder,,2026-07-03T23:28:33.678Z
1F_EUDpNNGLbIVRJruTsA80YgTRQbDwFo,ROOT/_QUARANTINE_REVIEW/duplicate_repo/ai-marketing-system/.git/hooks/pre-applypatch.sample,pre-applypatch.sample,application/x-shellscript,424,2026-07-03T23:28:33.817Z
14Nh7SJFvQRRpvMMmtu1P0BO722XMAxaL,ROOT/_QUARANTINE_REVIEW/duplicate_repo/ai-marketing-system/.git/hooks/commit-msg.sample,commit-msg.sample,application/x-shellscript,896,2026-07-03T23:28:33.808Z
1gLN3J37ExIa1J0TGCp2Wv_Cq-WhOWqF1,ROOT/_QUARANTINE_REVIEW/duplicate_repo/ai-marketing-system/.git/hooks/prepare-commit-msg.sample,prepare-commit-msg.sample,application/x-shellscript,1492,2026-07-03T23:28:33.799Z
1B4MXmb8Fb3JKJp4-ofYg4DzrWGWJWMeh,ROOT/_QUARANTINE_REVIEW/duplicate_repo/ai-marketing-system/.git/hooks/post-update.sample,post-update.sample,application/x-shellscript,189,2026-07-03T23:28:33.771Z
1xCT9P6EDDfYcOaGqfjUY2Q9RF6mCYhdL,ROOT/_QUARANTINE_REVIEW/duplicate_repo/ai-marketing-system/.git/hooks/pre-push.sample,pre-push.sample,application/x-shellscript,1374,2026-07-03T23:28:33.762Z
1wFsRHP6TvB6JW8LubXgym35fYdwpxklx,ROOT/_QUARANTINE_REVIEW/duplicate_repo/ai-marketing-system/.git/hooks/applypatch-msg.sample,applypatch-msg.sample,application/x-shellscript,478,2026-07-03T23:28:33.751Z
1m8K6FsWRMiPcMRVZNN2eUdqfr0AkvtQ0,ROOT/_QUARANTINE_REVIEW/duplicate_repo/ai-marketing-system/.git/hooks/pre-receive.sample,pre-receive.sample,application/x-shellscript,544,2026-07-03T23:28:33.741Z
1yEeFFQ9hcehjHsyJ9asjolL7IW6cCPY2,ROOT/_QUARANTINE_REVIEW/duplicate_repo/ai-marketing-system/.git/hooks/pre-rebase.sample,pre-rebase.sample,application/x-shellscript,4898,2026-07-03T23:28:33.732Z
1KwCY8WlheEUKoJRISjHrEnjF3vyniVbs,ROOT/_QUARANTINE_REVIEW/duplicate_repo/ai-marketing-system/.git/hooks/push-to-checkout.sample,push-to-checkout.sample,application/x-shellscript,2783,2026-07-03T23:28:33.722Z
1OgtZRNm59adekq5M1w5ywyKne6b98KOJ,ROOT/_QUARANTINE_REVIEW/duplicate_repo/ai-marketing-system/.git/hooks/pre-merge-commit.sample,pre-merge-commit.sample,application/x-shellscript,416,2026-07-03T23:28:33.712Z
1oEyz7hcgpPwpFa4zMs8-5az0R6oegzTV,ROOT/_QUARANTINE_REVIEW/duplicate_repo/ai-marketing-system/.git/hooks/pre-commit.sample,pre-commit.sample,application/x-shellscript,1643,2026-07-03T23:28:33.703Z
1crp1ujsTvcFIrCNdGc7XmEnkdtw-yY1y,ROOT/_QUARANTINE_REVIEW/duplicate_repo/ai-marketing-system/.git/hooks/update.sample,update.sample,application/x-shellscript,3650,2026-07-03T23:28:33.694Z
1hIm_sDbxaJHaDEeUF6oSMyvEtoJP7ROm,ROOT/_QUARANTINE_REVIEW/duplicate_repo/ai-marketing-system/.git/hooks/fsmonitor-watchman.sample,fsmonitor-watchman.sample,application/x-perl,4655,2026-07-03T23:28:33.684Z
13jipUVa9LxUQWgkJ0sfBdc6MmNmwlF48,ROOT/_QUARANTINE_REVIEW/duplicate_repo/ai-marketing-system/.git/branches,branches,application/vnd.google-apps.folder,,2026-07-03T23:28:33.673Z
1vCwZVPkq-6ZI3OLTF_Ww2Lz1HgLR7WPN,ROOT/feeds,feeds,application/vnd.google-apps.folder,,2026-07-03T23:12:08.590Z
1tDSeD99YytBXGtfUCh4ebI0OOUh7_DiF,ROOT/data,data,application/vnd.google-apps.folder,,2026-07-03T23:12:08.585Z
1IMktyyp7dy-laoIzSsuyOgknKuyn3AI_,ROOT/data/spreadshop,spreadshop,application/vnd.google-apps.folder,,2026-07-04T01:42:30.866Z
1kpRYhxlYOONeudCtUE79Zxe1PiDtLDQF,ROOT/data/spreadshop/versandkonditionen.csv,versandkonditionen.csv,text/csv,1584,2026-07-04T06:17:26.000Z
1YBAmPj9xFIOWxczhNDFGf_c6B-iNtmwT,ROOT/data/spreadshop/spreadshop_meta_v1.csv,spreadshop_meta_v1.csv,text/csv,478,2026-07-04T05:49:37.708Z
1Ty9ecUQz1JEMMPdde95VZPJXRj0DA_Kt,ROOT/data/spreadshop/spreadshop_designs_v1.csv,spreadshop_designs_v1.csv,text/csv,4458,2026-07-04T05:49:13.425Z
1aftwfV_VO8zym7YV0Vzk9Fn7bn2QlF6K,ROOT/data/spreadshop/portfolio_designs.csv,portfolio_designs.csv,text/csv,3829,2026-07-04T05:49:01.659Z
11QQ2ppPKrI6PjNlIILjpNhm45oazDjYB,ROOT/data/spreadshop/base_prices_eu_platform.csv,base_prices_eu_platform.csv,text/csv,256648,2026-07-04T05:48:56.720Z
1KRnNVEhnVIZ2EY85d9qrJdSkKbCTe_1i,ROOT/data/videos,videos,application/vnd.google-apps.folder,,2026-07-03T23:53:11.039Z
1mNL1uAHMMd4gDh-FL8DSxWMPAWB9ISGC,ROOT/data/exports,exports,application/vnd.google-apps.folder,,2026-07-03T23:53:11.035Z
1q0LV_f3ZYFzP2cUC2cRbTEwIow7LAcC-,ROOT/data/products,products,application/vnd.google-apps.folder,,2026-07-03T23:53:11.030Z
1aiDcTVP9F6qr_reEIzaG6XJ_VTE95e0J,ROOT/data/feeds,feeds,application/vnd.google-apps.folder,,2026-07-03T23:53:11.025Z
18NeUfdMY-Zzvi1yTcoDdea4Ia4k8s_7C,ROOT/data/feeds/spreadshop_google_feed.xml,spreadshop_google_feed.xml,application/xml,37475636,2026-07-04T01:29:55.980Z
1eViW3pKWAVw_88cb6CXsC2W1XGIjuSKH,ROOT/github_sync,github_sync,application/vnd.google-apps.folder,,2026-07-03T23:12:08.579Z
1gVFO29M-xsFZ5O6sATlFXXPKbom9tweT,ROOT/github_sync/ai-marketing-system,ai-marketing-system,application/vnd.google-apps.folder,,2026-07-03T23:12:50.427Z
1hkuHXT9WTCgneG1C0PBEbkJ9m_E3JnRW,ROOT/github_sync/ai-marketing-system/PROJECT_STATUS.md,PROJECT_STATUS.md,text/markdown,680,2026-07-04T06:40:53.733Z
12eSiYs0qBFygFO_B7JCQjry4HlwGRHZy,ROOT/github_sync/ai-marketing-system/spreadshop_meta_v1 (1).csv,spreadshop_meta_v1 (1).csv,text/csv,478,2026-07-04T01:46:11.265Z
1WavJMbogRyiJS1E3jj2pcWk36uxyv-nf,ROOT/github_sync/ai-marketing-system/spreadshop_designs_v1 (1).csv,spreadshop_designs_v1 (1).csv,text/csv,4458,2026-07-04T01:46:11.256Z
1EFArfehZonLMPZvwAHGf-Ud-l3ODaFw3,ROOT/github_sync/ai-marketing-system/Base Prices European Platform - Base Prices EU Platform (1).csv,Base Prices European Platform - Base Prices EU Platform (1).csv,text/csv,256648,2026-07-04T01:46:11.247Z
1NpjuLNUHzkRNy9OiJzaCocddiSyX5N09,ROOT/github_sync/ai-marketing-system/spreadshop_meta_v1.csv,spreadshop_meta_v1.csv,text/csv,478,2026-07-04T01:44:23.942Z
1H2CNPrOCmiJ8xKH5A76BERZewSHoit5G,ROOT/github_sync/ai-marketing-system/spreadshop_designs_v1.csv,spreadshop_designs_v1.csv,text/csv,4458,2026-07-04T01:44:23.933Z
1eylxdT_hIWdeyx_q_BSTD4a_LvnFBM-F,ROOT/github_sync/ai-marketing-system/portfolio_designs.csv,portfolio_designs.csv,text/csv,3829,2026-07-04T01:44:23.925Z
1BPq_I-JA5MpRqa_R_rSb-C70SJTHvknZ,ROOT/github_sync/ai-marketing-system/Base Prices European Platform - Base Prices EU Platform.csv,Base Prices European Platform - Base Prices EU Platform.csv,text/csv,256648,2026-07-04T01:44:23.916Z
1_f0YjjgcrGQGOY7azQa1aYH1t8z73eIx,ROOT/github_sync/ai-marketing-system/START_HERE.md,START_HERE.md,text/markdown,682,2026-07-03T23:53:16.906Z
1TwfsU1zJIWZnUzcPTK1vajiM9FRqq3R6,ROOT/github_sync/ai-marketing-system/ROADMAP.md,ROADMAP.md,text/markdown,280,2026-07-03T23:53:11.162Z
1cTJibPvnwOxAquvjc5Qj2XyixrRf9IPM,ROOT/github_sync/ai-marketing-system/RECOVERY.md,RECOVERY.md,text/markdown,442,2026-07-03T23:53:11.144Z
1QZSVhXCmbfv3yTDkiEToTFTnciuqvxdT,ROOT/github_sync/ai-marketing-system/MASTER_RULES.md,MASTER_RULES.md,text/markdown,726,2026-07-03T23:53:11.108Z
1PCt-bAsdprldgKnLA4GBW_gBk1WUpRwy,ROOT/github_sync/ai-marketing-system/tests,tests,application/vnd.google-apps.folder,,2026-07-03T23:12:52.234Z
1BP_4UtrIuTOtgMbNIUjTM76j1TGkhQdo,ROOT/github_sync/ai-marketing-system/tests/unit,unit,application/vnd.google-apps.folder,,2026-07-03T23:12:52.282Z
1LbRjKVcXIrPYFD30DVr2HJYUl_pntszL,ROOT/github_sync/ai-marketing-system/tests/unit/.gitkeep,.gitkeep,application/octet-stream,0,2026-07-03T23:12:52.288Z
1A661NQdEqtcaJ8R4dSiJEaNCsI840xMp,ROOT/github_sync/ai-marketing-system/tests/security,security,application/vnd.google-apps.folder,,2026-07-03T23:12:52.270Z
15yJgK42Ur67djUnwSbMOnYyG36tkGfE4,ROOT/github_sync/ai-marketing-system/tests/security/.gitkeep,.gitkeep,application/octet-stream,0,2026-07-03T23:12:52.276Z
10KQQG-rw5akDJpTsM4vmGjCAUDsJxUWc,ROOT/github_sync/ai-marketing-system/tests/integration,integration,application/vnd.google-apps.folder,,2026-07-03T23:12:52.258Z
1SgT3r63cvutgNc0cuXjO_sgliYkOyZwy,ROOT/github_sync/ai-marketing-system/tests/integration/.gitkeep,.gitkeep,application/octet-stream,0,2026-07-03T23:12:52.263Z
1LUDImUH6kLlS1ZbWcUe3aQwRqXnXI35d,ROOT/github_sync/ai-marketing-system/tests/accessibility,accessibility,application/vnd.google-apps.folder,,2026-07-03T23:12:52.246Z
1PndkvRv7hJIEFxzZiDftaoly2Oj4OI-i,ROOT/github_sync/ai-marketing-system/tests/accessibility/.gitkeep,.gitkeep,application/octet-stream,0,2026-07-03T23:12:52.252Z
1dv8dfOqpgCR6aqeyAi_J3xriuBNzppni,ROOT/github_sync/ai-marketing-system/tests/.gitkeep,.gitkeep,application/octet-stream,0,2026-07-03T23:12:52.239Z
146Xb5O1eKBBo03wskYuZQtlv_WW1wRHp,ROOT/github_sync/ai-marketing-system/standards,standards,application/vnd.google-apps.folder,,2026-07-03T23:12:52.221Z
17a017i6FotsiyzSrWNhhLO8UpUTtb8rz,ROOT/github_sync/ai-marketing-system/standards/.gitkeep,.gitkeep,application/octet-stream,0,2026-07-03T23:12:52.229Z
1SIp1RERDNNtfi4YK0DQyz9_J-eepAa5j,ROOT/github_sync/ai-marketing-system/schemas,schemas,application/vnd.google-apps.folder,,2026-07-03T23:12:52.210Z
180YR8SUHv5zbJwWFLN_wrl5b0gP45twR,ROOT/github_sync/ai-marketing-system/schemas/.gitkeep,.gitkeep,application/octet-stream,0,2026-07-03T23:12:52.215Z
1yGFK-FbTndILfgGdkJl2xCSXFjrqxPre,ROOT/github_sync/ai-marketing-system/public,public,application/vnd.google-apps.folder,,2026-07-03T23:12:52.152Z
1P76JjS4LaXUnN1gD7wmhYzPOpLjfTYNC,ROOT/github_sync/ai-marketing-system/public/llms.txt,llms.txt,text/plain,231,2026-07-03T23:12:52.202Z
1Sl22WwRObEK3vEhXBfdKnSFz7YhLc9HQ,ROOT/github_sync/ai-marketing-system/public/ai.txt,ai.txt,text/plain,132,2026-07-03T23:12:52.192Z
1L1xA5VXBl2OwWjVK1Eot5oosFmaefson,ROOT/github_sync/ai-marketing-system/public/ai.json,ai.json,application/json,218,2026-07-03T23:12:52.185Z
1jmVUgPyXqUUBbXCnrPZtE378roZdgcS4,ROOT/github_sync/ai-marketing-system/public/.well-known,.well-known,application/vnd.google-apps.folder,,2026-07-03T23:12:52.162Z
1bCElTnD3ULg149mA2YZaD_jSum2-Hvjz,ROOT/github_sync/ai-marketing-system/public/.well-known/agents.json,agents.json,application/json,159,2026-07-03T23:12:52.176Z
1KqvN9xnDyh-_A260XThBSwFM1PdMfiA5,ROOT/github_sync/ai-marketing-system/public/.well-known/agent.json,agent.json,application/json,196,2026-07-03T23:12:52.167Z
1Q5l6OPtpodPyDxwEUWEHK23f8d7NJIHM,ROOT/github_sync/ai-marketing-system/prompts,prompts,application/vnd.google-apps.folder,,2026-07-03T23:12:52.116Z
1gBJzEFnaOOIbYW99k5DFGA6IuZJ2_3-h,ROOT/github_sync/ai-marketing-system/prompts/MASTER_SYSTEM_PROMPT.md,MASTER_SYSTEM_PROMPT.md,text/markdown,302,2026-07-03T23:12:52.140Z
1Ku_X8jMAehcIrkSb8AVtLbDNa-Pgxco-,ROOT/github_sync/ai-marketing-system/memory,memory,application/vnd.google-apps.folder,,2026-07-03T23:12:52.061Z
1aDp-Mds-XALbCel32lqRAlEpzC2Cv_0S,ROOT/github_sync/ai-marketing-system/memory/PROJECT_HISTORY.md,PROJECT_HISTORY.md,text/markdown,506,2026-07-03T23:12:52.106Z
1r8YWWckK--BmUsuZs0Fl2xuJfChA1IIb,ROOT/github_sync/ai-marketing-system/memory/MILESTONES.md,MILESTONES.md,text/markdown,387,2026-07-03T23:12:52.095Z
1nUOrQYmFnzhrXc51yGOjfvlun941bQ5J,ROOT/github_sync/ai-marketing-system/memory/LESSONS_LEARNED.md,LESSONS_LEARNED.md,text/markdown,544,2026-07-03T23:12:52.086Z
1dlYT8TI0wap3dNLqQzumescgO4kUV9sX,ROOT/github_sync/ai-marketing-system/memory/KNOWN_ISSUES.md,KNOWN_ISSUES.md,text/markdown,530,2026-07-03T23:12:52.076Z
12-jleebSqq3dkPBba7r0xGDsBmqzUfSc,ROOT/github_sync/ai-marketing-system/memory/DECISIONS.md,DECISIONS.md,text/markdown,1044,2026-07-03T23:12:52.066Z
12kcD7xL3dKpvci_FO4OdZEzoBtdQbFpB,ROOT/github_sync/ai-marketing-system/knowledge,knowledge,application/vnd.google-apps.folder,,2026-07-03T23:12:51.883Z
1WmKIjwvXP98X4014VOKmzd-ujW7nbpW5,ROOT/github_sync/ai-marketing-system/knowledge/telekom,telekom,application/vnd.google-apps.folder,,2026-07-03T23:12:52.048Z
1BtVDLO60WCHTzxmqep8AhhrbcR3Noe3C,ROOT/github_sync/ai-marketing-system/knowledge/telekom/TELEKOM_GUIDE.md,TELEKOM_GUIDE.md,text/markdown,808,2026-07-03T23:12:52.053Z
1jMm42X4gcelDTpZ7_OfX6rzS3Lat70qz,ROOT/github_sync/ai-marketing-system/knowledge/tarifcheck,tarifcheck,application/vnd.google-apps.folder,,2026-07-03T23:12:52.033Z
1qS3PXxGxUZSrJzPF0uHL0cWq8cHCowD0,ROOT/github_sync/ai-marketing-system/knowledge/tarifcheck/TARIFCHECK_GUIDE.md,TARIFCHECK_GUIDE.md,text/markdown,1366,2026-07-03T23:12:52.039Z
1R71G6xcKDSIxTIK1MkcUx4X6SxQG_IX_,ROOT/github_sync/ai-marketing-system/knowledge/spreadshop,spreadshop,application/vnd.google-apps.folder,,2026-07-03T23:12:52.016Z
1y0hWBhDOnuMaOzQzcH5hZjciVars-9pJ,ROOT/github_sync/ai-marketing-system/knowledge/spreadshop/SPREADSHOP_GUIDE.md,SPREADSHOP_GUIDE.md,text/markdown,2684,2026-07-03T23:12:52.023Z
1Ca5TVe4Uj01K9qll1UD5BCRC0JYs8JZU,ROOT/github_sync/ai-marketing-system/knowledge/seo,seo,application/vnd.google-apps.folder,,2026-07-03T23:12:51.999Z
1lamjcgVm7TH9t6kqnNDmWmBWxnIi3OK_,ROOT/github_sync/ai-marketing-system/knowledge/seo/SEO_GUIDE.md,SEO_GUIDE.md,text/markdown,1191,2026-07-03T23:12:52.005Z
1NPVKxRuDOop4Y5k_71GuC8TU7Zs9meYQ,ROOT/github_sync/ai-marketing-system/knowledge/pinterest,pinterest,application/vnd.google-apps.folder,,2026-07-03T23:12:51.983Z
1yEBugq1wat5u45_SpkxYX1EVJvwmHJD7,ROOT/github_sync/ai-marketing-system/knowledge/pinterest/PINTEREST_GUIDE.md,PINTEREST_GUIDE.md,text/markdown,1433,2026-07-03T23:12:51.988Z
1V23YKTvVPrB_Pgfy3rn6pUknY4GwhW-f,ROOT/github_sync/ai-marketing-system/knowledge/google,google,application/vnd.google-apps.folder,,2026-07-03T23:12:51.967Z
1MWU9_brXkXzQ7tvt1F_SlRZ4gijOcxmQ,ROOT/github_sync/ai-marketing-system/knowledge/google/GOOGLE_SERVICES.md,GOOGLE_SERVICES.md,text/markdown,1245,2026-07-03T23:12:51.972Z
11CDonTdInJsCkHhgAVO0fSBzgZajQED7,ROOT/github_sync/ai-marketing-system/knowledge/cloud,cloud,application/vnd.google-apps.folder,,2026-07-03T23:12:51.951Z
1L20lNgiePmiHojqy9cdcBCW1sjN4FO0Y,ROOT/github_sync/ai-marketing-system/knowledge/cloud/CLOUD_GUIDE.md,CLOUD_GUIDE.md,text/markdown,1767,2026-07-03T23:12:51.957Z
1_C5f82Ls2snqeYtHzQzLWh388kYd149m,ROOT/github_sync/ai-marketing-system/knowledge/check24,check24,application/vnd.google-apps.folder,,2026-07-03T23:12:51.917Z
1tKzSRnG1HtTuaKUjPhTqf5FcbOqpypXo,ROOT/github_sync/ai-marketing-system/knowledge/check24/CHECK24_GUIDE.md,CHECK24_GUIDE.md,text/markdown,928,2026-07-03T23:12:51.922Z
1j9yuudkUHp2CE810XmBUvbrQJNElYw_O,ROOT/github_sync/ai-marketing-system/knowledge/amazon,amazon,application/vnd.google-apps.folder,,2026-07-03T23:12:51.903Z
1rJ-Vjp_31B1LyEpbYA6S3kPcojiIThYD,ROOT/github_sync/ai-marketing-system/knowledge/amazon/AMAZON_GUIDE.md,AMAZON_GUIDE.md,text/markdown,1229,2026-07-03T23:12:51.908Z
1XsAPIN-LmrqnLLXxGXNm6YyWnEfxm6gf,ROOT/github_sync/ai-marketing-system/knowledge/README.md,README.md,text/markdown,0,2026-07-03T23:12:51.897Z
1lvYzgsKHq95BSxdbFJf9mo5XP1IMT38M,ROOT/github_sync/ai-marketing-system/knowledge/.gitkeep,.gitkeep,application/octet-stream,0,2026-07-03T23:12:51.890Z
1Ayan86uRhPXYQcbHXRvnHuAfbKztviAL,ROOT/github_sync/ai-marketing-system/governance,governance,application/vnd.google-apps.folder,,2026-07-03T23:12:51.859Z
12OXIMwarDJxfL8FrWXufEe9j-xO-pzj-,ROOT/github_sync/ai-marketing-system/governance/ADR,ADR,application/vnd.google-apps.folder,,2026-07-03T23:12:51.872Z
1ykWvxDQWJ85w1AJqkFKJ9SfKFBr8VsIs,ROOT/github_sync/ai-marketing-system/governance/ADR/.gitkeep,.gitkeep,application/octet-stream,0,2026-07-03T23:12:51.878Z
1sQS3gnkc-QP0X5N2fh9HilFu1E6cI71y,ROOT/github_sync/ai-marketing-system/governance/.gitkeep,.gitkeep,application/octet-stream,0,2026-07-03T23:12:51.865Z
1MO2iHqKqqbADZG0Qcd14qE-noClhduek,ROOT/github_sync/ai-marketing-system/docs,docs,application/vnd.google-apps.folder,,2026-07-03T23:12:51.613Z
1QjUOa5Z93y4IQMXB9Li6QdAN6vVf2KUp,ROOT/github_sync/ai-marketing-system/docs/project,project,application/vnd.google-apps.folder,,2026-07-03T23:53:11.089Z
11DPn29envJEUNmXMjGdnTx-5YJtxGHYx,ROOT/github_sync/ai-marketing-system/docs/project/ROADMAP.md,ROADMAP.md,text/markdown,280,2026-07-03T23:53:11.243Z
1bPTY6R-kmBLOrarBsFNnDAnlziyL5igl,ROOT/github_sync/ai-marketing-system/docs/project/RECOVERY.md,RECOVERY.md,text/markdown,442,2026-07-03T23:53:11.233Z
1ArGOd3G90XsDdIRzvLq0WHjCty5NVItt,ROOT/github_sync/ai-marketing-system/docs/project/PROJECT_STATUS.md,PROJECT_STATUS.md,text/markdown,694,2026-07-03T23:53:11.224Z
1uvUmZlxZADkc71M6G6AYa_X2wJj7_bXW,ROOT/github_sync/ai-marketing-system/docs/project/MASTER_RULES.md,MASTER_RULES.md,text/markdown,726,2026-07-03T23:53:11.212Z
1snbbt-XQTnTcOyfQYw5KRdQesxfbf7y4,ROOT/github_sync/ai-marketing-system/docs/project/START_HERE.md,START_HERE.md,text/markdown,682,2026-07-03T23:53:11.182Z
1Ulfs_XQfsQjWLluQsz-_2UuDARI7Zx14,ROOT/github_sync/ai-marketing-system/docs/standards,standards,application/vnd.google-apps.folder,,2026-07-03T23:12:51.844Z
1JCKPLoGm3eZbjs7zOP8JWqFcN4tuweLf,ROOT/github_sync/ai-marketing-system/docs/standards/AI_AGENT_STANDARDS.md,AI_AGENT_STANDARDS.md,text/markdown,867,2026-07-03T23:12:51.850Z
1sK4yWpM3SJ6-dBgWD-6JRRzDlt8VN8K_,ROOT/github_sync/ai-marketing-system/docs/reference,reference,application/vnd.google-apps.folder,,2026-07-03T23:12:51.821Z
1Bn5k3iM9fa-haxGZrgi6YocRzrMJQRCW,ROOT/github_sync/ai-marketing-system/docs/reference/API.md,API.md,text/markdown,0,2026-07-03T23:12:51.838Z
10A0V9RT12crqrWIsbzQLYA3yqIeJw_9d,ROOT/github_sync/ai-marketing-system/docs/reference/AI_Agenten_Master_Datei_2026.pdf,AI_Agenten_Master_Datei_2026.pdf,application/pdf,59925,2026-07-03T23:12:51.828Z
1YuTLNw1ij3nZNCrgEOaERp_uai_bMos9,ROOT/github_sync/ai-marketing-system/docs/operations,operations,application/vnd.google-apps.folder,,2026-07-03T23:12:51.802Z
1KSE134AnHayvvbxBX-Mf7oaKqodrriHY,ROOT/github_sync/ai-marketing-system/docs/operations/RECOVERY.md,RECOVERY.md,text/markdown,0,2026-07-03T23:12:51.815Z
1Xw1eAC2bT7aMRXbJPAXId7IpCIHNN4gs,ROOT/github_sync/ai-marketing-system/docs/operations/DEPLOYMENT.md,DEPLOYMENT.md,text/markdown,0,2026-07-03T23:12:51.808Z
177mT5o_krm17HBNNELR_J7fYfEvA5qxZ,ROOT/github_sync/ai-marketing-system/docs/foundation,foundation,application/vnd.google-apps.folder,,2026-07-03T23:12:51.753Z
1o1ihME6NTFklR2VPiNK2cA2gD0-ArUwP,ROOT/github_sync/ai-marketing-system/docs/foundation/SPRINT_001_FEED_ENGINE.md,SPRINT_001_FEED_ENGINE.md,text/markdown,1258,2026-07-03T23:12:51.792Z
1v82ZZNt9D5QQzT8sW72IhS-MyAIpCQp0,ROOT/github_sync/ai-marketing-system/docs/foundation/ROADMAP.md,ROADMAP.md,text/markdown,342,2026-07-03T23:12:51.781Z
1mxZ2DIOTZaiHVxhJjJ83Odm_jpmqtmfo,ROOT/github_sync/ai-marketing-system/docs/foundation/MASTER_BLUEPRINT.md,MASTER_BLUEPRINT.md,text/markdown,1926,2026-07-03T23:12:51.770Z
1eYMClWCZ7kPX5f_ml--WIc5neaDR6_WG,ROOT/github_sync/ai-marketing-system/docs/foundation/CHANGELOG.md,CHANGELOG.md,text/markdown,2142,2026-07-03T23:12:51.759Z
1UnLFv-11THVtTHWpBstxo_VC1yVvGhyh,ROOT/github_sync/ai-marketing-system/docs/engineering,engineering,application/vnd.google-apps.folder,,2026-07-03T23:12:51.684Z
1pf-wk9DwPDkIhQh524CoPeBqBWuJOpFo,ROOT/github_sync/ai-marketing-system/docs/engineering/SEO_STANDARDS.md,SEO_STANDARDS.md,text/markdown,0,2026-07-03T23:12:51.747Z
1w5q5-XCKCXOEQyIw19XbjRCDXSR-vVRj,ROOT/github_sync/ai-marketing-system/docs/engineering/SECURITY.md,SECURITY.md,text/markdown,0,2026-07-03T23:12:51.741Z
1PXQkrk1yzTSZwVRlYnsIFUtkqA3LF33O,ROOT/github_sync/ai-marketing-system/docs/engineering/QUALITY_GATES.md,QUALITY_GATES.md,text/markdown,0,2026-07-03T23:12:51.735Z
1s2TinZVVdJjboFIfgwsvKyMrN0Z1k0Xb,ROOT/github_sync/ai-marketing-system/docs/engineering/ENGINEERING_CHARTER.md,ENGINEERING_CHARTER.md,text/markdown,454,2026-07-03T23:12:51.723Z
1V489MEDH2NIhgt_AEIN6E4f0Bawpke0o,ROOT/github_sync/ai-marketing-system/docs/engineering/DEVELOPMENT_STANDARDS.md,DEVELOPMENT_STANDARDS.md,text/markdown,0,2026-07-03T23:12:51.712Z
1ui_c-EiGDJ2TnI8t9fjC9FSIOziyFGE6,ROOT/github_sync/ai-marketing-system/docs/engineering/ACCESSIBILITY.md,ACCESSIBILITY.md,text/markdown,0,2026-07-03T23:12:51.689Z
1vZtjbwUeXOcjO9zSZAegSwG0-IQdVKyN,ROOT/github_sync/ai-marketing-system/docs/business,business,application/vnd.google-apps.folder,,2026-07-03T23:12:51.672Z
1VAA8P5Do0H7Go0eFrr3QhcV3I_kjvhvW,ROOT/github_sync/ai-marketing-system/docs/business/COMPLIANCE.md,COMPLIANCE.md,text/markdown,0,2026-07-03T23:12:51.678Z
1pN42oG0sqfZlDqoNZ-jFXyocZ2Mp_qQl,ROOT/github_sync/ai-marketing-system/docs/architecture,architecture,application/vnd.google-apps.folder,,2026-07-03T23:12:51.636Z
1_G3qEqRW9zLnOz-Nvpk1S2n7253qPq2c,ROOT/github_sync/ai-marketing-system/docs/architecture/PRODUCT_CATALOG_ARCHITECTURE.md,PRODUCT_CATALOG_ARCHITECTURE.md,text/markdown,949,2026-07-03T23:12:51.663Z
1ksn-avnCNfygb5wuDgDvs30DeyN-1DJL,ROOT/github_sync/ai-marketing-system/docs/architecture/FEED_ENGINE_ARCHITECTURE.md,FEED_ENGINE_ARCHITECTURE.md,text/markdown,1103,2026-07-03T23:12:51.652Z
1dtBbiNWDAQuWuNkjgkY6Rx-v4-D6GneL,ROOT/github_sync/ai-marketing-system/docs/architecture/ENTERPRISE_ARCHITECTURE.md,ENTERPRISE_ARCHITECTURE.md,text/markdown,580,2026-07-03T23:12:51.641Z
1uE4zeUgCjw8boujpzEnHN1TGyYV89t5g,ROOT/github_sync/ai-marketing-system/docs/INDEX.md,INDEX.md,text/markdown,1525,2026-07-03T23:12:51.625Z
1bWyDjZKN5tTdfFdwy-7YrH4_b60TWoCx,ROOT/github_sync/ai-marketing-system/docs/.gitkeep,.gitkeep,application/octet-stream,0,2026-07-03T23:12:51.619Z
1LRXIinEQCfcmBKMwpj4ZlNJtozAprtd6,ROOT/github_sync/ai-marketing-system/data,data,application/vnd.google-apps.folder,,2026-07-03T23:12:51.583Z
1waPBTVsfb2wYySbgFXe223meg7Ai3365,ROOT/github_sync/ai-marketing-system/data/sources,sources,application/vnd.google-apps.folder,,2026-07-03T23:12:51.589Z
1pdRWDuZzpwUn0aM70pGmZpjsFWdZp0Eo,ROOT/github_sync/ai-marketing-system/data/sources/ki_suche_architektur_matrix.csv,ki_suche_architektur_matrix.csv,text/csv,3580,2026-07-03T23:12:51.603Z
1STlczPLvTdKHHZWnIcM9guGVNDPRAygf,ROOT/github_sync/ai-marketing-system/data/sources/Affiliate_Master_Database.csv,Affiliate_Master_Database.csv,text/csv,2170,2026-07-03T23:12:51.594Z
1EMuoS2FRFhEfH_TPknVb2aHLAE_eIPga,ROOT/github_sync/ai-marketing-system/config,config,application/vnd.google-apps.folder,,2026-07-03T23:12:51.570Z
1_Wb_8TDNTMHV5NUMUvhIR5kjmqzb4fhr,ROOT/github_sync/ai-marketing-system/config/.gitkeep,.gitkeep,application/octet-stream,0,2026-07-03T23:12:51.576Z
1ynmMAkZsqPD-mtLCpgs9j4JYdIFU73z8,ROOT/github_sync/ai-marketing-system/WARD.md,WARD.md,text/markdown,266,2026-07-03T23:12:51.562Z
14FGQH9QlB_Jza-Es3wZc01U_TH5Y91l4,ROOT/github_sync/ai-marketing-system/VERSION.md,VERSION.md,text/markdown,322,2026-07-03T23:12:51.551Z
1KBZ91pLRtyGhoouezVb3XcagMcnBRPJH,ROOT/github_sync/ai-marketing-system/SYSTEM_STATUS.md,SYSTEM_STATUS.md,text/markdown,1002,2026-07-03T23:12:51.542Z
1PNhAeqy9WrJLcyQu062v3MWQ_Lh087rR,ROOT/github_sync/ai-marketing-system/MEMORY.md,MEMORY.md,text/markdown,268,2026-07-03T23:12:51.522Z
1RlfHVYj3y8g2xV3pzyTKC3LLhRSkKb0C,ROOT/github_sync/ai-marketing-system/LICENSE.md,LICENSE.md,text/markdown,381,2026-07-03T23:12:51.495Z
12w9Ar97_AToLFGsuhGmyc-LhF75aidYa,ROOT/github_sync/ai-marketing-system/CONTRIBUTING.md,CONTRIBUTING.md,text/markdown,582,2026-07-03T23:12:51.485Z
1EG52ow1SGdSEyhrWdZmB_pZbYlu4qGv7,ROOT/github_sync/ai-marketing-system/CODE_OF_CONDUCT.md,CODE_OF_CONDUCT.md,text/markdown,384,2026-07-03T23:12:51.474Z
1aia85gmuIhFiFGSalV-vJekIHVFxU8_1,ROOT/github_sync/ai-marketing-system/youtube_uploader.py,youtube_uploader.py,text/x-python,965,2026-07-03T23:12:51.465Z
1EJx_rnxQdEItTco5vGByPYbofIXQk8Js,ROOT/github_sync/ai-marketing-system/trend_prediction_engine.py,trend_prediction_engine.py,text/x-python,2701,2026-07-03T23:12:51.454Z
1bhVOzvOaQyNhCByKYxmcdkvJRTZqGMxN,ROOT/github_sync/ai-marketing-system/requirements.txt,requirements.txt,text/plain,60,2026-07-03T23:12:51.444Z
1x8AqRxPjzyEiqlc62a64lkY7SJ4gZtDB,ROOT/github_sync/ai-marketing-system/keyword_discovery_engine.py,keyword_discovery_engine.py,text/x-python,2322,2026-07-03T23:12:51.435Z
1ACeXnYXGgKEJdYltA_p29X-I8qYEkb4R,ROOT/github_sync/ai-marketing-system/google_sheets_connector.py,google_sheets_connector.py,text/x-python,2445,2026-07-03T23:12:51.424Z
1kS0s-NGPcjncrj7E1yRH_CnXun1PqGXl,ROOT/github_sync/ai-marketing-system/engine,engine,application/vnd.google-apps.folder,,2026-07-03T23:12:50.955Z
19dQAyfzUQugOdG7mNSEivAQSnmvYHm0M,ROOT/github_sync/ai-marketing-system/engine/__pycache__,__pycache__,application/vnd.google-apps.folder,,2026-07-17T14:35:27.246Z
1l4_mkviwevvIHa9IKAPb-tUKWX4Dy4ox,ROOT/github_sync/ai-marketing-system/engine/__pycache__/youtube_real_api.cpython-312.pyc,youtube_real_api.cpython-312.pyc,application/x-python-code,2306,2026-07-17T14:35:35.891Z
13DZZqWM3gXVHHr2SLjeAiVlNjwOQ67YJ,ROOT/github_sync/ai-marketing-system/engine/__pycache__/youtube_auto_video_system.cpython-312.pyc,youtube_auto_video_system.cpython-312.pyc,application/x-python-code,649,2026-07-17T14:35:35.815Z
1qPbWh5i0V-M-tug608o8DQVxujJjLRzc,ROOT/github_sync/ai-marketing-system/engine/__pycache__/video_engine.cpython-312.pyc,video_engine.cpython-312.pyc,application/x-python-code,2256,2026-07-17T14:35:35.725Z
10amxhhWO84CfCj8Aa-pgo6Z3m23PAeLs,ROOT/github_sync/ai-marketing-system/engine/__pycache__/tracking_engine.cpython-312.pyc,tracking_engine.cpython-312.pyc,application/x-python-code,610,2026-07-17T14:35:35.652Z
1VV9qyifjbocFRkveTjnp24957CN3Szpd,ROOT/github_sync/ai-marketing-system/engine/__pycache__/spreadshop_parser.cpython-312.pyc,spreadshop_parser.cpython-312.pyc,application/x-python-code,7176,2026-07-17T14:35:35.486Z
1XJrBeJh3HHfLQixqMOTzmTViMHPJlW-g,ROOT/github_sync/ai-marketing-system/engine/__pycache__/sheet_audit_engine.cpython-312.pyc,sheet_audit_engine.cpython-312.pyc,application/x-python-code,8781,2026-07-17T14:35:35.411Z
10wxUCtXG7CqGR9t5jkKtvpKlGkGVDZIH,ROOT/github_sync/ai-marketing-system/engine/__pycache__/real_publish_layer.cpython-312.pyc,real_publish_layer.cpython-312.pyc,application/x-python-code,722,2026-07-17T14:35:35.336Z
1qiMry_19M4-MFx7BY4o92XBioJxx_T7e,ROOT/github_sync/ai-marketing-system/engine/__pycache__/real_data_connector_v2.cpython-312.pyc,real_data_connector_v2.cpython-312.pyc,application/x-python-code,2796,2026-07-17T14:35:34.801Z
10NViODgddzKTSxyCCRzBzoTmlq1KgLzm,ROOT/github_sync/ai-marketing-system/engine/__pycache__/publish_engine.cpython-312.pyc,publish_engine.cpython-312.pyc,application/x-python-code,1948,2026-07-17T14:35:34.730Z
1KBjbWxMtDqb_y-B4aw75M8dMTLMZfxVY,ROOT/github_sync/ai-marketing-system/engine/__pycache__/profit_engine.cpython-312.pyc,profit_engine.cpython-312.pyc,application/x-python-code,3004,2026-07-17T14:35:34.639Z
1Bg1lr2jyCIUoROJA3gLjmloDjSxQi4XC,ROOT/github_sync/ai-marketing-system/engine/__pycache__/product_layer.cpython-312.pyc,product_layer.cpython-312.pyc,application/x-python-code,1272,2026-07-17T14:35:34.568Z
1yXIK3N1v4ilPhETNv9Y61BI2HVhV393d,ROOT/github_sync/ai-marketing-system/engine/__pycache__/product_generation_engine.cpython-312.pyc,product_generation_engine.cpython-312.pyc,application/x-python-code,2155,2026-07-17T14:35:34.492Z
1qLV97LiBB9pWG_lL_vt_b2wYkpyPRLyq,ROOT/github_sync/ai-marketing-system/engine/__pycache__/product_feed_adapter.cpython-312.pyc,product_feed_adapter.cpython-312.pyc,application/x-python-code,2073,2026-07-17T14:35:34.409Z
1p7Yct1E95OvbQyeNOE15zUKMXYvbkyT-,ROOT/github_sync/ai-marketing-system/engine/__pycache__/partner_commission_mapper.cpython-312.pyc,partner_commission_mapper.cpython-312.pyc,application/x-python-code,1290,2026-07-17T14:35:33.641Z
1oxywc2P1s-jPltLrccD2jWZfXJLJqcvP,ROOT/github_sync/ai-marketing-system/engine/__pycache__/output_layer.cpython-312.pyc,output_layer.cpython-312.pyc,application/x-python-code,526,2026-07-17T14:35:33.570Z
1AMFYasvAwIVo5-xP1aziDY_9SaW0SAh_,ROOT/github_sync/ai-marketing-system/engine/__pycache__/mp4_video_pipeline.cpython-312.pyc,mp4_video_pipeline.cpython-312.pyc,application/x-python-code,2650,2026-07-17T14:35:33.427Z
1nojPgxE-1hNoHR_2cgZw8VtPI982eiN-,ROOT/github_sync/ai-marketing-system/engine/__pycache__/monetization_engine.cpython-312.pyc,monetization_engine.cpython-312.pyc,application/x-python-code,1962,2026-07-17T14:35:33.354Z
1m8bv2QkIEMWwKfQeu-vV7whF4ZW_jGfT,ROOT/github_sync/ai-marketing-system/engine/__pycache__/monetization_control_layer.cpython-312.pyc,monetization_control_layer.cpython-312.pyc,application/x-python-code,2932,2026-07-17T14:35:33.282Z
1ALzzWT_aal8lXIFdQUK_H-iJht7orung,ROOT/github_sync/ai-marketing-system/engine/__pycache__/landingpage_engine_v2.cpython-312.pyc,landingpage_engine_v2.cpython-312.pyc,application/x-python-code,602,2026-07-17T14:35:33.138Z
1fbNEwLTx-fyslNfaYx4EIIYb1zCpFpft,ROOT/github_sync/ai-marketing-system/engine/__pycache__/landingpage_audit_engine.cpython-312.pyc,landingpage_audit_engine.cpython-312.pyc,application/x-python-code,5926,2026-07-17T14:35:33.054Z
1ue0SU25pqoO9zhJIsyrDbyBIRln6He2d,ROOT/github_sync/ai-marketing-system/engine/__pycache__/feed_sync.cpython-312.pyc,feed_sync.cpython-312.pyc,application/x-python-code,3546,2026-07-17T14:35:32.855Z
1cFLX_BoGQfFRv2OevN20Lb-VuohnvyA-,ROOT/github_sync/ai-marketing-system/engine/__pycache__/data_layer_engine.cpython-312.pyc,data_layer_engine.cpython-312.pyc,application/x-python-code,541,2026-07-17T14:35:32.591Z
1L6QU2YZXKs4A5VNVvgStu0g-Dtpbg8Xo,ROOT/github_sync/ai-marketing-system/engine/__pycache__/dashboard_live_engine.cpython-312.pyc,dashboard_live_engine.cpython-312.pyc,application/x-python-code,898,2026-07-17T14:35:32.509Z
1PM-MOJKoQtr1FfKLFIYkNRn9r2NOAYfd,ROOT/github_sync/ai-marketing-system/engine/__pycache__/content_engine.cpython-312.pyc,content_engine.cpython-312.pyc,application/x-python-code,580,2026-07-17T14:35:32.434Z
1C338jOxS5VggzDww8Kp0Mwr6pW056rj_,ROOT/github_sync/ai-marketing-system/engine/__pycache__/compliance_engine.cpython-312.pyc,compliance_engine.cpython-312.pyc,application/x-python-code,4792,2026-07-17T14:35:32.358Z
1sbvczvZ90RSNF2EWxiFKeaK_LuNjVpYY,ROOT/github_sync/ai-marketing-system/engine/__pycache__/auto_scaling_engine.cpython-312.pyc,auto_scaling_engine.cpython-312.pyc,application/x-python-code,3566,2026-07-17T14:35:32.278Z
1DLmmZu0IRKutZ2e63ahEkbdKqF-EO9WM,ROOT/github_sync/ai-marketing-system/engine/__pycache__/api_connector.cpython-312.pyc,api_connector.cpython-312.pyc,application/x-python-code,2153,2026-07-17T14:35:31.879Z
1hub_KucfZa8jTI0gB86WQV6e7X1tlhuG,ROOT/github_sync/ai-marketing-system/engine/__pycache__/ai_learning_loop.cpython-312.pyc,ai_learning_loop.cpython-312.pyc,application/x-python-code,2962,2026-07-17T14:35:31.783Z
1FQkkvzUDM2du42VSGHk-RklMW6Ol68-Z,ROOT/github_sync/ai-marketing-system/engine/__pycache__/orchestrator_clean_master.cpython-312.pyc,orchestrator_clean_master.cpython-312.pyc,application/x-python-code,928,2026-07-17T14:35:29.807Z
1IQV6V8p3bMJBcRtT7nsCEpp_PtODVk4j,ROOT/github_sync/ai-marketing-system/engine/__pycache__/tarifcheck_sales_engine.cpython-312.pyc,tarifcheck_sales_engine.cpython-312.pyc,application/x-python-code,627,2026-07-17T14:35:29.743Z
1C6Lo-VnJ8Rwr1ukcI_8Uc_K_a767Uonc,ROOT/github_sync/ai-marketing-system/engine/__pycache__/live_data_layer.cpython-312.pyc,live_data_layer.cpython-312.pyc,application/x-python-code,1083,2026-07-17T14:35:29.662Z
1zq__RJgpH_yaP07CUdKVFRam0r0Vl4-J,ROOT/github_sync/ai-marketing-system/engine/__pycache__/feed_engine.cpython-312.pyc,feed_engine.cpython-312.pyc,application/x-python-code,1970,2026-07-17T14:35:28.199Z
1E8vTYPObe9-6p_D-gqa3h8KVvF7Wbngx,ROOT/github_sync/ai-marketing-system/engine/__pycache__/feed_validator.cpython-312.pyc,feed_validator.cpython-312.pyc,application/x-python-code,2203,2026-07-17T14:35:27.808Z
1cmerN-ijSErOz7p3ZL3Em8kHsKTQI-0P,ROOT/github_sync/ai-marketing-system/engine/__pycache__/feed_models.cpython-312.pyc,feed_models.cpython-312.pyc,application/x-python-code,7156,2026-07-17T14:35:27.436Z
1kY7vWSc1n-rYfiLaBl5DxzfYynCK9JTg,ROOT/github_sync/ai-marketing-system/engine/__pycache__/__init__.cpython-312.pyc,__init__.cpython-312.pyc,application/x-python-code,179,2026-07-17T14:35:27.265Z
1cPysBmdO5VJYAeCaktRmKo3ATw9nlXcl,ROOT/github_sync/ai-marketing-system/engine/spreadshop_parser.py,spreadshop_parser.py,text/x-python,4589,2026-07-03T23:12:51.415Z
1tGA2uUZIG9n3y0vJ23IUbXJc91ffgBS8,ROOT/github_sync/ai-marketing-system/engine/product_feed_adapter.py,product_feed_adapter.py,text/x-python,1403,2026-07-03T23:12:51.406Z
1pXvN63ccFkrBpz6uttfFH0yqeFaHT27n,ROOT/github_sync/ai-marketing-system/engine/product_catalog,product_catalog,application/vnd.google-apps.folder,,2026-07-03T23:12:51.325Z
1PJYxcYlT1koF23tj1dQFzBWFoG4RqxV6,ROOT/github_sync/ai-marketing-system/engine/product_catalog/__pycache__,__pycache__,application/vnd.google-apps.folder,,2026-07-17T14:35:28.511Z
1wRXdaxW5-e3_8xVGocwcNutu7HFXo2qk,ROOT/github_sync/ai-marketing-system/engine/product_catalog/__pycache__/statistics.cpython-312.pyc,statistics.cpython-312.pyc,application/x-python-code,1085,2026-07-17T14:35:34.334Z
1w-WcGu3L-PiPP0UMAXl-0eta79MZr8JD,ROOT/github_sync/ai-marketing-system/engine/product_catalog/__pycache__/exporter.cpython-312.pyc,exporter.cpython-312.pyc,application/x-python-code,1475,2026-07-17T14:35:33.988Z
1KrTvvDKcETw5YRZvWu6h7KLGCq6CrAg5,ROOT/github_sync/ai-marketing-system/engine/product_catalog/__pycache__/repository.cpython-312.pyc,repository.cpython-312.pyc,application/x-python-code,1892,2026-07-17T14:35:28.667Z
1FiD5SdptLke8UUzaXanzqhbnu7jzOZxk,ROOT/github_sync/ai-marketing-system/engine/product_catalog/__pycache__/catalog.cpython-312.pyc,catalog.cpython-312.pyc,application/x-python-code,2587,2026-07-17T14:35:28.639Z
1YENYwTul3siL_CYFzMA4cYlac9EbiP3A,ROOT/github_sync/ai-marketing-system/engine/product_catalog/__pycache__/models.cpython-312.pyc,models.cpython-312.pyc,application/x-python-code,4338,2026-07-17T14:35:28.557Z
1261fvlkygiG0111Rm9BEZDquKYhjGEh8,ROOT/github_sync/ai-marketing-system/engine/product_catalog/__pycache__/__init__.cpython-312.pyc,__init__.cpython-312.pyc,application/x-python-code,388,2026-07-17T14:35:28.520Z
1XWRSMFXKUvECC3d6YHUYctUswm9yyu4v,ROOT/github_sync/ai-marketing-system/engine/product_catalog/statistics.py,statistics.py,text/x-python,673,2026-07-03T23:12:51.397Z
1bY9xwGTCTWR1sMhKvk4RXwfWtxnaUWgJ,ROOT/github_sync/ai-marketing-system/engine/product_catalog/repository.py,repository.py,text/x-python,786,2026-07-03T23:12:51.387Z
1RaEEn31w2c0ojEQuXqRPxHseXVSEUl3H,ROOT/github_sync/ai-marketing-system/engine/product_catalog/models.py,models.py,text/x-python,2442,2026-07-03T23:12:51.378Z
153sGQSDQT4MpZCzebvZqDH63_Wn_IG4u,ROOT/github_sync/ai-marketing-system/engine/product_catalog/exporter.py,exporter.py,text/x-python,979,2026-07-03T23:12:51.366Z
1YBDlSzLa7TdNFs2VaF7eSCKgsofHLlUH,ROOT/github_sync/ai-marketing-system/engine/product_catalog/catalog.py,catalog.py,text/x-python,1259,2026-07-03T23:12:51.340Z
1HXk2XfUMpDtYew52Sl_1hQz3TD9mMgfr,ROOT/github_sync/ai-marketing-system/engine/product_catalog/__init__.py,__init__.py,text/x-python,146,2026-07-03T23:12:51.331Z
1SNrZyWphdsngE1_cTsIgPse-W5c4UFz1,ROOT/github_sync/ai-marketing-system/engine/feed_validator.py,feed_validator.py,text/x-python,1480,2026-07-03T23:12:51.315Z
1BGpCnHXYUntd4gBRSicaAHH_ihcnS0uf,ROOT/github_sync/ai-marketing-system/engine/feed_sync.py,feed_sync.py,text/x-python,2221,2026-07-03T23:12:51.305Z
1gkFE3uyRg56D9AAKwNEX352K8JjVdxV2,ROOT/github_sync/ai-marketing-system/engine/feed_models.py,feed_models.py,text/x-python,3910,2026-07-03T23:12:51.295Z
1D_arP9CmX3lRXcJJy-5QUguird2Etkcv,ROOT/github_sync/ai-marketing-system/engine/feed_engine.py,feed_engine.py,text/x-python,1066,2026-07-03T23:12:51.286Z
1-d2hV_c7E2BKQ3E5mebBCWSwUF4EVuOu,ROOT/github_sync/ai-marketing-system/engine/youtube_real_api.py,youtube_real_api.py,text/x-python,1622,2026-07-03T23:12:51.278Z
16NVVP99VT3Xhy_rB_m8yIvRag6WKXrug,ROOT/github_sync/ai-marketing-system/engine/youtube_auto_video_system.py,youtube_auto_video_system.py,text/x-python,226,2026-07-03T23:12:51.269Z
1swplnU29n5EGz0jILgYl-C4aCZAji2Lw,ROOT/github_sync/ai-marketing-system/engine/video_engine.py,video_engine.py,text/x-python,1920,2026-07-03T23:12:51.260Z
16jT1QZD0ieoBezCMpfjz-h6NJp332-5b,ROOT/github_sync/ai-marketing-system/engine/tracking_engine.py,tracking_engine.py,text/x-python,239,2026-07-03T23:12:51.250Z
1_zO5bURYSDfThc9sRG9S_Z0SA8SiWTMj,ROOT/github_sync/ai-marketing-system/engine/tarifcheck_sales_engine.py,tarifcheck_sales_engine.py,text/x-python,265,2026-07-03T23:12:51.241Z
15MIPXq5CvrYdSUPZLMNfWKqPdV_qKoj9,ROOT/github_sync/ai-marketing-system/engine/sheet_audit_engine.py,sheet_audit_engine.py,text/x-python,7854,2026-07-03T23:12:51.232Z
1Y8Ki5-gjPoXVKEHznhhWvmxFWT-PZNTA,ROOT/github_sync/ai-marketing-system/engine/real_publish_layer.py,real_publish_layer.py,text/x-python,206,2026-07-03T23:12:51.222Z
1vDjHsr8mvM-RgUWjVW0frU8ykyUleDCs,ROOT/github_sync/ai-marketing-system/engine/real_data_connector_v2.py,real_data_connector_v2.py,text/x-python,1512,2026-07-03T23:12:51.193Z
16AWrGjIt_RbklEn9TlFHetlmTAeSfs9F,ROOT/github_sync/ai-marketing-system/engine/publish_engine.py,publish_engine.py,text/x-python,2216,2026-07-03T23:12:51.184Z
1zx8s_KC3Ey733nr31oDaHO2SCKKwi5UV,ROOT/github_sync/ai-marketing-system/engine/profit_engine.py,profit_engine.py,text/x-python,2406,2026-07-03T23:12:51.176Z
16PrR3pCPr_uiWvQf_ov9HDu8DmyLL77u,ROOT/github_sync/ai-marketing-system/engine/product_layer.py,product_layer.py,text/x-python,602,2026-07-03T23:12:51.167Z
1vLCKOc1HapVEyS8rlRKWW7xt23FuU-o3,ROOT/github_sync/ai-marketing-system/engine/product_generation_engine.py,product_generation_engine.py,text/x-python,1695,2026-07-03T23:12:51.157Z
1s8cLw9oEzgNzDD1MnpznklkfgrOA9bS_,ROOT/github_sync/ai-marketing-system/engine/partner_commission_mapper.py,partner_commission_mapper.py,text/x-python,988,2026-07-03T23:12:51.148Z
1LgJ8shfMZXoKOo7ZZ0JSyZqTGOLZbxtK,ROOT/github_sync/ai-marketing-system/engine/output_layer.py,output_layer.py,text/x-python,134,2026-07-03T23:12:51.138Z
1SDc5TZCoo8gT39nMxDd6cAEKCLtKsYkq,ROOT/github_sync/ai-marketing-system/engine/orchestrator_clean_master.py,orchestrator_clean_master.py,text/x-python,298,2026-07-03T23:12:51.128Z
1i6IEZnQe4yzQ6KPZfduZWF_Qp28XNVJi,ROOT/github_sync/ai-marketing-system/engine/mp4_video_pipeline.py,mp4_video_pipeline.py,text/x-python,2039,2026-07-03T23:12:51.119Z
1dWCC5wD4Y6ZPQWjZNVr25fYYaisCIZmg,ROOT/github_sync/ai-marketing-system/engine/monetization_engine.py,monetization_engine.py,text/x-python,1534,2026-07-03T23:12:51.105Z
1tgIApuV7dOFKHM_0901ArysGh6Mq8MLQ,ROOT/github_sync/ai-marketing-system/engine/monetization_control_layer.py,monetization_control_layer.py,text/x-python,2341,2026-07-03T23:12:51.097Z
1K6vQuHACt86mFSoXu1zhCLnKMISGDdob,ROOT/github_sync/ai-marketing-system/engine/live_data_layer.py,live_data_layer.py,text/x-python,572,2026-07-03T23:12:51.087Z
1wV4OPkHfKEV0Hd-uYyskA7YbJQe8RaXO,ROOT/github_sync/ai-marketing-system/engine/landingpage_engine_v2.py,landingpage_engine_v2.py,text/x-python,217,2026-07-03T23:12:51.077Z
1Rh3K9V8CS9l9nuocSWqYFwAIDxo1oOhd,ROOT/github_sync/ai-marketing-system/engine/landingpage_audit_engine.py,landingpage_audit_engine.py,text/x-python,4494,2026-07-03T23:12:51.065Z
1GSQHJEHSKEW0rOaZBQMhGcGC8FDbigXN,ROOT/github_sync/ai-marketing-system/engine/data_layer_engine.py,data_layer_engine.py,text/x-python,135,2026-07-03T23:12:51.039Z
1gEsRaveYczkiRj66QmdTAvtOwGEaBvHs,ROOT/github_sync/ai-marketing-system/engine/dashboard_live_engine.py,dashboard_live_engine.py,text/x-python,657,2026-07-03T23:12:51.030Z
1d5QjDd59rLF3qSuFj8SDrCJN4qt-btWo,ROOT/github_sync/ai-marketing-system/engine/content_engine.py,content_engine.py,text/x-python,170,2026-07-03T23:12:51.021Z
14TVzcMVLg0Thvg8-fbqjSgALdIAz35J1,ROOT/github_sync/ai-marketing-system/engine/content_assets,content_assets,application/vnd.google-apps.folder,,2026-07-03T23:12:51.007Z
1KThc_NdE2ZY8KPuSUcQNMtG7eLNY22VF,ROOT/github_sync/ai-marketing-system/engine/content_assets/chk24_001.json,chk24_001.json,application/json,1200,2026-07-03T23:12:51.012Z
1QV2Rdl6art3DrpcV13aKTGMP8ktyUfZc,ROOT/github_sync/ai-marketing-system/engine/compliance_engine.py,compliance_engine.py,text/x-python,4070,2026-07-03T23:12:50.998Z
1n-vRRTXOWGJAU9ob3UPyyFvtYO-dCKos,ROOT/github_sync/ai-marketing-system/engine/auto_scaling_engine.py,auto_scaling_engine.py,text/x-python,2974,2026-07-03T23:12:50.988Z
1eRFGzsd2KjKaIwvzfsxolTPfqHxYPMXI,ROOT/github_sync/ai-marketing-system/engine/api_connector.py,api_connector.py,text/x-python,2035,2026-07-03T23:12:50.979Z
1JKhZH8YzKZZm5qx3sYTgDqeHpQrdgeTN,ROOT/github_sync/ai-marketing-system/engine/ai_learning_loop.py,ai_learning_loop.py,text/x-python,2467,2026-07-03T23:12:50.969Z
1CPtyeDS19LpQDZx6CgCplm48kUkyhKfA,ROOT/github_sync/ai-marketing-system/engine/__init__.py,__init__.py,text/x-python,20,2026-07-03T23:12:50.960Z
10cK1X6kEorVJvvqIvH9xF73sURmQl-Uz,ROOT/github_sync/ai-marketing-system/auto_scaling_engine.py,auto_scaling_engine.py,text/x-python,2974,2026-07-03T23:12:50.947Z
1DcMTpRyz3_5swUF-9RfGY4tTIc2KKIEN,ROOT/github_sync/ai-marketing-system/archive,archive,application/vnd.google-apps.folder,,2026-07-03T23:12:50.910Z
1qg0cossiAmIKt7irBT1IThJttipLw30z,ROOT/github_sync/ai-marketing-system/archive/blogger_removed_gm014,blogger_removed_gm014,application/vnd.google-apps.folder,,2026-07-03T23:12:50.915Z
1LEzTyXOsUmhMD3efPqrsk2oCUh82ZKRT,ROOT/github_sync/ai-marketing-system/archive/blogger_removed_gm014/live_distributor.py,live_distributor.py,text/x-python,2027,2026-07-03T23:12:50.938Z
13bSJ6yA2R2NyL1OCd45rxnmjfAM-dnXt,ROOT/github_sync/ai-marketing-system/archive/blogger_removed_gm014/google_publish_engine.py,google_publish_engine.py,text/x-python,2877,2026-07-03T23:12:50.929Z
16flDLiA-RRzi1Qi9hduJGdipCPGkibex,ROOT/github_sync/ai-marketing-system/archive/blogger_removed_gm014/blogger_publisher_engine.py,blogger_publisher_engine.py,text/x-python,226,2026-07-03T23:12:50.921Z
1_b2ho1UsiIEW1zgb0rMYQI3TSp6qPZKH,ROOT/github_sync/ai-marketing-system/app,app,application/vnd.google-apps.folder,,2026-07-03T23:12:50.871Z
1pJbnF1d5k53R0gnoSf5AqUMV0NCeIliL,ROOT/github_sync/ai-marketing-system/app/__pycache__,__pycache__,application/vnd.google-apps.folder,,2026-07-17T14:35:29.880Z
1EeOazrMihaiAAoAf1jJ0jDJR_SBlTIa2,ROOT/github_sync/ai-marketing-system/app/__pycache__/main_debug.cpython-312.pyc,main_debug.cpython-312.pyc,application/x-python-code,1879,2026-07-17T14:35:31.003Z
1oJeXusU8l824uM621GEzhwEJlvLSb9cK,ROOT/github_sync/ai-marketing-system/app/__pycache__/main.cpython-312.pyc,main.cpython-312.pyc,application/x-python-code,5034,2026-07-17T14:35:29.896Z
11I3Q4f8rJOTU2op053GLPsqA8RARq8rC,ROOT/github_sync/ai-marketing-system/app/main_debug.py,main_debug.py,text/x-python,1611,2026-07-03T23:12:50.885Z
1MqwnwFtOJQnaatiQZWUXFK-1iZ2nmzXu,ROOT/github_sync/ai-marketing-system/app/main.py,main.py,text/x-python,4000,2026-07-03T23:12:50.877Z
1l4bnTUk5iPPo31rLPevRhhokQzPHP9PM,ROOT/github_sync/ai-marketing-system/ads_optimization_engine.py,ads_optimization_engine.py,text/x-python,1927,2026-07-03T23:12:50.863Z
1BzgPERMMMpgtRqd5-x8tVbSrsZEzR9MP,ROOT/github_sync/ai-marketing-system/README.md,README.md,text/markdown,638,2026-07-03T23:12:50.855Z
1czL55tBSQhoOCRxTdZU42f8T4mPCxEeq,ROOT/github_sync/ai-marketing-system/GOLDEN_MASTER_1_0_RECOVERY.md,GOLDEN_MASTER_1_0_RECOVERY.md,text/markdown,569,2026-07-03T23:12:50.845Z
16naQoO0GHLgtmFtn0xHwu1k7fJvKzBtX,ROOT/github_sync/ai-marketing-system/GM_1_0_FREEZE_COMPLETE.md,GM_1_0_FREEZE_COMPLETE.md,text/markdown,685,2026-07-03T23:12:50.836Z
1uixxpn4Ag7ZDpLlOU-8OpmMEPXKfYjzb,ROOT/github_sync/ai-marketing-system/Dockerfile,Dockerfile,application/octet-stream,738,2026-07-03T23:12:50.826Z
1DV8BDa9Kf0Q6afpHsi-W9EZSmiXl6cbI,ROOT/github_sync/ai-marketing-system/AGENTS.md,AGENTS.md,text/markdown,500,2026-07-03T23:12:50.817Z
1QHPTOejS3FkttUDVndgP2qTSjj1-3jHg,ROOT/github_sync/ai-marketing-system/.gitignore,.gitignore,application/octet-stream,569,2026-07-03T23:12:50.806Z
1SS7tj1aeMPI8Szazn838YtBHFtIIqMDo,ROOT/github_sync/ai-marketing-system/.git,.git,application/vnd.google-apps.folder,,2026-07-03T23:12:50.432Z
18A2TrjEtJmccjXtrkIngBJk87XzvvUae,ROOT/github_sync/ai-marketing-system/.git/index,index,application/octet-stream,13727,2026-07-17T14:12:47.400Z
1qa2e4MGMadAALIqjD1zDCtGcSJaGeXUk,ROOT/github_sync/ai-marketing-system/.git/HEAD,HEAD,application/octet-stream,46,2026-07-04T01:17:44.804Z
1aDSivEfaWAJQk_8HkVlawu8sID3QEx-X,ROOT/github_sync/ai-marketing-system/.git/FETCH_HEAD,FETCH_HEAD,application/octet-stream,135,2026-07-04T01:17:43.426Z
1osGSzZLi4zkY1IhCwhOyNbh6cSd2sJ0-,ROOT/github_sync/ai-marketing-system/.git/ORIG_HEAD,ORIG_HEAD,application/octet-stream,41,2026-07-03T23:12:53.254Z
1fMHMD-0OuQuvenx_se6r0lPZPnn3gu1A,ROOT/github_sync/ai-marketing-system/.git/logs,logs,application/vnd.google-apps.folder,,2026-07-03T23:12:50.707Z
11EEoSEg0-GV2yx8sDWXEUlEq2bb4wJgK,ROOT/github_sync/ai-marketing-system/.git/logs/HEAD,HEAD,application/octet-stream,821,2026-07-04T01:17:43.580Z
1jE5HlESy1vHra1C8aqFJ7pQpJ-BhAze7,ROOT/github_sync/ai-marketing-system/.git/logs/refs,refs,application/vnd.google-apps.folder,,2026-07-03T23:12:50.712Z
1-4S4mTx8D3ed59s3ACmGcpBBipw_m8Rd,ROOT/github_sync/ai-marketing-system/.git/logs/refs/heads,heads,application/vnd.google-apps.folder,,2026-07-03T23:12:50.754Z
1YpAVB50Kx7ws4C_SMqFHAReBDImX27wi,ROOT/github_sync/ai-marketing-system/.git/logs/refs/heads/efp-1.0-enterprise-foundation,efp-1.0-enterprise-foundation,application/octet-stream,202,2026-07-03T23:12:50.772Z
1-_TXdVGqoaMP_d9d-3BlFWxLcVGcRLcy,ROOT/github_sync/ai-marketing-system/.git/logs/refs/heads/main,main,application/octet-stream,198,2026-07-03T23:12:50.763Z
1nYtGVbx7wfcPk80XCXVW_uBFLr_Cjq8C,ROOT/github_sync/ai-marketing-system/.git/logs/refs/remotes,remotes,application/vnd.google-apps.folder,,2026-07-03T23:12:50.718Z
18nxZCYbqj956HiTzjgyhEssBUpVeyCKa,ROOT/github_sync/ai-marketing-system/.git/logs/refs/remotes/origin,origin,application/vnd.google-apps.folder,,2026-07-03T23:12:50.724Z
1Zz_IV9XCdrgp9SU3B0V_FkAJcVpNdewR,ROOT/github_sync/ai-marketing-system/.git/logs/refs/remotes/origin/HEAD,HEAD,application/octet-stream,198,2026-07-03T23:12:50.729Z
1CMwgl1Km3w7GRM-vFQh3NQIFknKGAPXO,ROOT/github_sync/ai-marketing-system/.git/packed-refs,packed-refs,application/octet-stream,203,2026-07-03T23:12:50.698Z
1-UzzPhkcZakjF4DaGLdEyWXRxntCqAfR,ROOT/github_sync/ai-marketing-system/.git/config,config,application/octet-stream,383,2026-07-03T23:12:50.689Z
1F1eG2MovsJGmt672RtLe51T5luNptimW,ROOT/github_sync/ai-marketing-system/.git/objects,objects,application/vnd.google-apps.folder,,2026-07-03T23:12:50.652Z
1T3KNVCeNC8k2rPQQ5_FsIcMLnz7kc5bu,ROOT/github_sync/ai-marketing-system/.git/objects/f4,f4,application/vnd.google-apps.folder,,2026-07-04T06:41:34.193Z
11USa7AhPTFHUXT0WSO_VQqLuxm_xbfjm,ROOT/github_sync/ai-marketing-system/.git/objects/f4/ebb2c19be4ee216e77a9436d65c7e917be38e4,ebb2c19be4ee216e77a9436d65c7e917be38e4,application/octet-stream,1292,2026-07-04T06:41:34.205Z
164QPARBR3CpHLCKtvOJ6P6yr31VtMcUf,ROOT/github_sync/ai-marketing-system/.git/objects/26,26,application/vnd.google-apps.folder,,2026-07-04T06:40:51.146Z
1EWDouSK5zE7V-A5D91C2_2exlgEq-sEa,ROOT/github_sync/ai-marketing-system/.git/objects/26/10092b3d7255088ac05aa789275d66c579bd5f,10092b3d7255088ac05aa789275d66c579bd5f,application/octet-stream,429,2026-07-04T06:40:51.164Z
1GxJbrivGuiSiLh7W8QynKtdA07mL53cp,ROOT/github_sync/ai-marketing-system/.git/objects/be,be,application/vnd.google-apps.folder,,2026-07-03T23:53:12.243Z
1cBx2N8gAmYGC8_aDXMyYRE9R1GO79el1,ROOT/github_sync/ai-marketing-system/.git/objects/be/bf2026e5f7020c8b2fd4a31bce3d3065cb0597,bf2026e5f7020c8b2fd4a31bce3d3065cb0597,application/octet-stream,1293,2026-07-03T23:53:12.257Z
1qKr4U_4NZu6yHFI75LKyG3d1pcbN8Kpd,ROOT/github_sync/ai-marketing-system/.git/objects/16,16,application/vnd.google-apps.folder,,2026-07-03T23:53:12.200Z
18nLNRuY7K73uL5Xgv_zmcffDjNZ2CyNN,ROOT/github_sync/ai-marketing-system/.git/objects/16/1a804551df3a9315ef228eacfd084c5440beda,1a804551df3a9315ef228eacfd084c5440beda,application/octet-stream,351,2026-07-03T23:53:12.234Z
1ofCx2r787WzEuX9WVKw_fmko96SBBURi,ROOT/github_sync/ai-marketing-system/.git/objects/12,12,application/vnd.google-apps.folder,,2026-07-03T23:53:12.178Z
1vqgdCVm6NpzIDs8tVwdxJkh8uSErAyHB,ROOT/github_sync/ai-marketing-system/.git/objects/12/840093214eac6b8f27348bd00c060ac926b273,840093214eac6b8f27348bd00c060ac926b273,application/octet-stream,198,2026-07-03T23:53:12.191Z
1aYp3vJB_o5p8lQpuNWVHjlmDcCXLusUm,ROOT/github_sync/ai-marketing-system/.git/objects/69,69,application/vnd.google-apps.folder,,2026-07-03T23:53:11.774Z
18tIKx0Pbdr9lXNtZ_CNX8TiXm74E63-t,ROOT/github_sync/ai-marketing-system/.git/objects/69/559ecb0281eef8cb51aa6012d99acb797fcaf6,559ecb0281eef8cb51aa6012d99acb797fcaf6,application/octet-stream,222,2026-07-03T23:53:11.801Z
1jvHcRhjsdFp-rArua7_IvlTYmXrHspA8,ROOT/github_sync/ai-marketing-system/.git/objects/db,db,application/vnd.google-apps.folder,,2026-07-03T23:53:11.755Z
1TdNBZ_9Gd9xbE-Th0sAibeo5P88ju80D,ROOT/github_sync/ai-marketing-system/.git/objects/db/24561f8c09a3f09d63b6b2e2a4eae7157e016c,24561f8c09a3f09d63b6b2e2a4eae7157e016c,application/octet-stream,341,2026-07-03T23:53:11.797Z
1eJfxVaPBUVrZ7VW0Whea48q_JKWUQUga,ROOT/github_sync/ai-marketing-system/.git/objects/ff,ff,application/vnd.google-apps.folder,,2026-07-03T23:53:11.736Z
1IraF6mVaK_zngep4_RGVlMUZ6kpwAzOY,ROOT/github_sync/ai-marketing-system/.git/objects/ff/2f4460c872e3726cf08894487f984719dacfe3,2f4460c872e3726cf08894487f984719dacfe3,application/octet-stream,427,2026-07-03T23:53:11.794Z
1zbS_MTPUSb9gc8Ew_1qgnlfg_RweB6VK,ROOT/github_sync/ai-marketing-system/.git/objects/75,75,application/vnd.google-apps.folder,,2026-07-03T23:53:11.715Z
1RqCE3w4td0nQkMoGb2HzJIFZMSV-QJ30,ROOT/github_sync/ai-marketing-system/.git/objects/75/49cd872d971b4aac487f706795981827cdd099,49cd872d971b4aac487f706795981827cdd099,application/octet-stream,439,2026-07-03T23:53:11.791Z
1aGgdBbRX6bVdxBlVt-EVdHuj-dSr__vv,ROOT/github_sync/ai-marketing-system/.git/objects/fd,fd,application/vnd.google-apps.folder,,2026-07-03T23:53:11.695Z
1i0h_JTAn_GXQqD5MSV6La99Hp0-7k4Cf,ROOT/github_sync/ai-marketing-system/.git/objects/fd/e333d59a7650935aefc5f9718d372d8ce8744b,e333d59a7650935aefc5f9718d372d8ce8744b,application/octet-stream,450,2026-07-03T23:53:11.804Z
1oTXhY_P7dkz7OLVyb-fK18f4u8hOdCD0,ROOT/github_sync/ai-marketing-system/.git/objects/info,info,application/vnd.google-apps.folder,,2026-07-03T23:12:50.684Z
1VrfGsGElR2401dB69lPZ6qDELG1EY3Hy,ROOT/github_sync/ai-marketing-system/.git/objects/pack,pack,application/vnd.google-apps.folder,,2026-07-03T23:12:50.657Z
1vpuI3QUqe1OPNc_cIMPUzAekukIZxL3x,ROOT/github_sync/ai-marketing-system/.git/objects/pack/pack-74f2f4eb764cd9598311c79c043b787c2a0a9245.idx,pack-74f2f4eb764cd9598311c79c043b787c2a0a9245.idx,application/octet-stream,72164,2026-07-03T23:12:50.675Z
1fSEsOlfybJn2q2_QdlRlX9Rf6-vjasB4,ROOT/github_sync/ai-marketing-system/.git/objects/pack/pack-74f2f4eb764cd9598311c79c043b787c2a0a9245.pack,pack-74f2f4eb764cd9598311c79c043b787c2a0a9245.pack,application/octet-stream,954382,2026-07-03T23:12:50.670Z
14UCSz_L7hJfDuVHtSiv_eiRrDzRnO_hQ,ROOT/github_sync/ai-marketing-system/.git/refs,refs,application/vnd.google-apps.folder,,2026-07-03T23:12:50.598Z
1wXiLL6u-AYs-4S9TATzbXhVbCIPZLNEY,ROOT/github_sync/ai-marketing-system/.git/refs/remotes,remotes,application/vnd.google-apps.folder,,2026-07-03T23:12:50.632Z
15c-jhdyJHuDlDRLIbGT7qmg70XW8su8p,ROOT/github_sync/ai-marketing-system/.git/refs/remotes/origin,origin,application/vnd.google-apps.folder,,2026-07-03T23:12:50.637Z
16CD4IYwSVRnis_QY6Sin2NwKAwRz6Pgk,ROOT/github_sync/ai-marketing-system/.git/refs/remotes/origin/HEAD,HEAD,application/octet-stream,30,2026-07-03T23:12:50.643Z
1a205pzy4CwCYi-n0s2HI9eZVuWdtjYth,ROOT/github_sync/ai-marketing-system/.git/refs/tags,tags,application/vnd.google-apps.folder,,2026-07-03T23:12:50.627Z
1Z0HNKQu6JcaDeSiQFaGNKOESu-vDil17,ROOT/github_sync/ai-marketing-system/.git/refs/heads,heads,application/vnd.google-apps.folder,,2026-07-03T23:12:50.603Z
1FvULA4W44dc3RYCEiyZDEcP9jzVdLa-X,ROOT/github_sync/ai-marketing-system/.git/refs/heads/main,main,application/octet-stream,41,2026-07-03T23:12:50.618Z
1mr9wTEV4k_qHXbOk4BC5WIhFokqllzGu,ROOT/github_sync/ai-marketing-system/.git/refs/heads/efp-1.0-enterprise-foundation,efp-1.0-enterprise-foundation,application/octet-stream,41,2026-07-03T23:12:50.609Z
1Bn1s4gEp3W0kRINUTAk6nn0RgVa2U72u,ROOT/github_sync/ai-marketing-system/.git/description,description,application/octet-stream,73,2026-07-03T23:12:50.590Z
1XLNGP_HruXoAsUqSBJBNr-jJT1mU5dWp,ROOT/github_sync/ai-marketing-system/.git/info,info,application/vnd.google-apps.folder,,2026-07-03T23:12:50.576Z
1n0H8Vr4d02CWA7SxZ7SZwrc2cqwCk-M9,ROOT/github_sync/ai-marketing-system/.git/info/exclude,exclude,application/octet-stream,240,2026-07-03T23:12:50.585Z
1vXLDFGJDi081wFJn9tH5txqQnpPf9-tC,ROOT/github_sync/ai-marketing-system/.git/hooks,hooks,application/vnd.google-apps.folder,,2026-07-03T23:12:50.442Z
10ClmMo0v-T7eRyLV36zA8MBDGg8NAMfi,ROOT/github_sync/ai-marketing-system/.git/hooks/pre-applypatch.sample,pre-applypatch.sample,application/x-shellscript,424,2026-07-03T23:12:50.568Z
1IVFZniYpHZ520nnWWbjzDnrr1NIKymmL,ROOT/github_sync/ai-marketing-system/.git/hooks/commit-msg.sample,commit-msg.sample,application/x-shellscript,896,2026-07-03T23:12:50.541Z
19a1ZC7IS1v0SUHHs8ouvuIp3wvxxrDRU,ROOT/github_sync/ai-marketing-system/.git/hooks/prepare-commit-msg.sample,prepare-commit-msg.sample,application/x-shellscript,1492,2026-07-03T23:12:50.532Z
1aAmfZ_7bOk01QQoAjwmCFjdS2TmFdC05,ROOT/github_sync/ai-marketing-system/.git/hooks/post-update.sample,post-update.sample,application/x-shellscript,189,2026-07-03T23:12:50.524Z
1fhUdaaQbzWyrr3DtJsZ-FFvz220hqhpz,ROOT/github_sync/ai-marketing-system/.git/hooks/pre-push.sample,pre-push.sample,application/x-shellscript,1374,2026-07-03T23:12:50.514Z
1l3ZuTPozYs4-KUX63PA2NsVM4tOzUC3f,ROOT/github_sync/ai-marketing-system/.git/hooks/applypatch-msg.sample,applypatch-msg.sample,application/x-shellscript,478,2026-07-03T23:12:50.505Z
1y9G0q5UD4vDn0Sf-nsbFMOZxYI_RWdYP,ROOT/github_sync/ai-marketing-system/.git/hooks/pre-receive.sample,pre-receive.sample,application/x-shellscript,544,2026-07-03T23:12:50.496Z
1aPejuA5tf27FudP6obU17Qgcp7NEQ7aw,ROOT/github_sync/ai-marketing-system/.git/hooks/pre-rebase.sample,pre-rebase.sample,application/x-shellscript,4898,2026-07-03T23:12:50.488Z
1t1_fdhptsjZ0tAQ01INBO1bLkdKR2tsm,ROOT/github_sync/ai-marketing-system/.git/hooks/push-to-checkout.sample,push-to-checkout.sample,application/x-shellscript,2783,2026-07-03T23:12:50.479Z
1ioyqamCcgnVOM1_VB2B0L1Y2EXq6iFM9,ROOT/github_sync/ai-marketing-system/.git/hooks/pre-merge-commit.sample,pre-merge-commit.sample,application/x-shellscript,416,2026-07-03T23:12:50.471Z
1YM8WJc9-kNML5kQiYn2uyMpZGrNkAqRf,ROOT/github_sync/ai-marketing-system/.git/hooks/pre-commit.sample,pre-commit.sample,application/x-shellscript,1643,2026-07-03T23:12:50.463Z
1PxO3zBDi285y6Y8tesUhmArv3w9S8P4P,ROOT/github_sync/ai-marketing-system/.git/hooks/update.sample,update.sample,application/x-shellscript,3650,2026-07-03T23:12:50.455Z
1Sw-IIDIy-a1snVYCNXGXdt9sVIr3jKN2,ROOT/github_sync/ai-marketing-system/.git/hooks/fsmonitor-watchman.sample,fsmonitor-watchman.sample,application/x-perl,4655,2026-07-03T23:12:50.447Z
1-N208fANvq2lEM7jUJGO5LLpYclpPHYU,ROOT/github_sync/ai-marketing-system/.git/branches,branches,application/vnd.google-apps.folder,,2026-07-03T23:12:50.438Z
1wuBZshh5bsDpLOMoMDn2UwWAyFLxjIBC,ROOT/media_library,media_library,application/vnd.google-apps.folder,,2026-07-01T16:13:48.239Z
1urekzKuMcrlUA0BGaj8xtSXgZQnepb1e,ROOT/audits,audits,application/vnd.google-apps.folder,,2026-07-01T15:29:58.669Z
14_KhyILuLRxJG0zzUR6v2KamZgTPdkAV,ROOT/audits/blogger_cleanup,blogger_cleanup,application/vnd.google-apps.folder,,2026-07-01T17:50:46.163Z
1Bj7taTIClUHrVTEFrGSUm7GB6UXJKpC8,ROOT/audits/blogger_cleanup/blogger_cleanup_audit_20260701_175046.txt,blogger_cleanup_audit_20260701_175046.txt,text/plain,3845,2026-07-01T17:51:23.613Z
1geObvgL6PzNdMtO1mLFLnUhFZBSSVVTk,ROOT/audits/blogger_cleanup/blogger_cleanup_audit_20260701_175046.json,blogger_cleanup_audit_20260701_175046.json,application/json,160554,2026-07-01T17:51:23.600Z
1m67joo5PD2abNmOCX-mwcgJ_hRqM49ha,ROOT/audits/drive_master_audit_20260701_155431.txt,drive_master_audit_20260701_155431.txt,text/plain,249,2026-07-01T15:58:42.474Z
1mm4kQKYkdBlWR4WN_k-HftO6Icdd5aPB,ROOT/audits/drive_master_audit_20260701_155431.json,drive_master_audit_20260701_155431.json,application/json,1519022,2026-07-01T15:58:42.433Z
1HfiGtEgpak-gumnRBMFR0oscBBjQU8rn,ROOT/audits/full_sheet_audit_20260701_153248.txt,full_sheet_audit_20260701_153248.txt,text/plain,31215,2026-07-01T15:33:20.838Z
1FvHg53Dg-3p0l56lYBFGMqVhlj2fVlxe,ROOT/audits/full_sheet_audit_20260701_153248.json,full_sheet_audit_20260701_153248.json,application/json,69624,2026-07-01T15:33:20.829Z
1I9KKgkF4e-4w3f2e1n_UUZgYyHrwculw,ROOT/__pycache__,__pycache__,application/vnd.google-apps.folder,,2026-06-22T15:49:11.468Z
128z3ZinzMLeVbJsuHpQizH7iSzOmgqqN,ROOT/__pycache__/master_engine.cpython-312.pyc,master_engine.cpython-312.pyc,application/x-python-code,772,2026-06-22T15:49:11.496Z
1sg9YjDo_4eSg4-Cob5AF03V3Q6m3H0bg,ROOT/master_engine.py,master_engine.py,text/x-python,472,2026-06-22T15:48:39.070Z
1COQVVfj5_rOFrDp1Iz7LdrrE4aC7GD_S,ROOT/ARCHIVE,ARCHIVE,application/vnd.google-apps.folder,,2026-06-20T23:39:36.158Z
1BljUnvyc3jwVb0ZSg6zjN2eoV23eZ3ZS,ROOT/ARCHIVE/B0CFPWLGF2_original.jpg,B0CFPWLGF2_original.jpg,image/jpeg,24914,2026-07-11T22:14:45.205Z
1xaqos7DnkAzJ5MDlGtS6r2Z84aJ1gfFK,ROOT/ARCHIVE/partner_commissions.csv,partner_commissions.csv,text/csv,1508,2026-06-20T23:45:03.295Z
13iQPRO_pyWZ1bwMw5YcaS_n0tYFn4aEs,ROOT/ARCHIVE/partner_rules.csv,partner_rules.csv,text/csv,3228,2026-06-20T23:45:03.209Z
1zg1bOoP9D-C4qIvY5RvAdp-ZUTeATlPl,ROOT/ARCHIVE/SYSTEM_STATUS.txt,SYSTEM_STATUS.txt,text/plain,395,2026-06-20T23:45:02.843Z
19vH1DLIfwJN3Bz9t4kDNExqsD6fUowJO,ROOT/ARCHIVE/youtube_token.pkl,youtube_token.pkl,application/octet-stream,1039,2026-06-20T23:45:02.686Z
1WnWEwxGo0QbDarrBImhbpxuJhfKMu5ST,ROOT/ARCHIVE/client_secret.json,client_secret.json,application/json,406,2026-06-20T23:45:02.509Z
186zHMpKtD5OU4Pco7XxFvbpvie6clV2c,ROOT/ARCHIVE/system.csv,system.csv,text/csv,2176,2026-06-20T23:45:02.405Z
1s-AY1k5djDq0CCsOOxsEmjHSpqVkU3Am,ROOT/ARCHIVE/products.csv,products.csv,text/csv,69837,2026-06-20T23:45:02.216Z
1JG9xRdadZLPfw990O_9DgwgDn0mIdOGu,ROOT/ARCHIVE/pin_queue.csv,pin_queue.csv,text/csv,17113,2026-06-20T23:45:02.196Z
1gNp2DHGtUW_0K00aGQ06vPYJE6DErU0-,ROOT/ARCHIVE/logs.csv,logs.csv,text/csv,1457,2026-06-20T23:45:02.185Z
1ZODmYHVmzlkZCfkdVL2hs26umEnILQPn,ROOT/ARCHIVE/config.csv,config.csv,text/csv,852,2026-06-20T23:45:01.942Z
1OQGG34Nn1FCI9lWTjXiSsRQnVkcgoRcD,ROOT/ARCHIVE/events.csv,events.csv,text/csv,6563,2026-06-20T23:45:01.276Z
1Q44ZiJk3f75SjU3TpCGvu1COEyWsQj9f,ROOT/ARCHIVE/api_status.csv,api_status.csv,text/csv,2090,2026-06-20T23:45:01.083Z
1WHaWwBnYcijNs5sj9woP0Wr2u8Xqf_d7,ROOT/ARCHIVE/affiliate_assets.csv,affiliate_assets.csv,text/csv,102994,2026-06-20T23:45:00.702Z
1pSsIVRcwbbL5xXN0Ro0R0ysSdhreaePv,ROOT/ARCHIVE/content_queue.csv,content_queue.csv,text/csv,7433,2026-06-20T23:45:00.630Z
1w-bvpHYl2mYO39I17b8Xj1qtgQhRwAiE,ROOT/ARCHIVE/dashboard.csv,dashboard.csv,text/csv,689,2026-06-20T23:45:00.487Z
1EX6wmptg8ORyDJngTviSPWl0Qh-uS_DJ,ROOT/ARCHIVE/blog_posts.csv,blog_posts.csv,text/csv,147020,2026-06-20T23:45:00.283Z
1bA51aWmwLADSQvKxzIDGLV5yDS3VBaLB,ROOT/ARCHIVE/boards.csv,boards.csv,text/csv,1665,2026-06-20T23:44:59.686Z
1cDwTtcoZfzUYIWQpeleyFe6JjQGYlau9,ROOT/ARCHIVE/youtube_client_secret.json,youtube_client_secret.json,application/json,406,2026-06-20T23:44:59.101Z
1wQlIB69rOQoMmCqBIkpfFtX4szvgZmqO,ROOT/ARCHIVE/ai_brain.csv,ai_brain.csv,text/csv,233,2026-06-20T23:44:58.559Z
1A3SYmsFKnWVnVh2qrDV57qmtJCbi0sDd,ROOT/ARCHIVE/youtube_queue.csv,youtube_queue.csv,text/csv,29924,2026-06-20T23:44:58.502Z
1Q_Li7x1Li5i9qG1Q0O7dzq5W1drk9gFR,ROOT/ARCHIVE/test_hf.py,test_hf.py,text/x-python,706,2026-06-20T23:41:54.404Z
1mZKzOj6mYyoRIJS0riDj_hHc_EdMFXGA,ROOT/ARCHIVE/final_audit_block_1_drive_20260611_110738.json,final_audit_block_1_drive_20260611_110738.json,application/json,2385,2026-06-20T23:41:54.372Z
11dqHPubuPtQolaVrNTjdD5yaMBP51qef,ROOT/ARCHIVE/test_20260608_062136.png,test_20260608_062136.png,image/png,1037560,2026-06-20T23:40:10.905Z
1En-u-1xVL7ZKep4-1wKtEaOle78GUua7,ROOT/ARCHIVE/B0D1YKBX82_Die_Off-Campus-Reihe_im_neuen_Look_Band_1-5_plus_exklusives_Postkartenset_20260608_215441.png,B0D1YKBX82_Die_Off-Campus-Reihe_im_neuen_Look_Band_1-5_plus_exklusives_Postkartenset_20260608_215441.png,image/png,769715,2026-06-20T23:40:08.195Z
12rmoUva18r2vg3us-SZdxyTpSsDhXaHJ,ROOT/ARCHIVE/youtube_client_secret.json,youtube_client_secret.json,application/json,406,2026-06-20T23:40:08.069Z
1cXRrhziNGPa_2iWtzjHg6W29XYB5Qq5q,ROOT/ARCHIVE/3423209690_Das_Café_am_Rande_der_Welt_Eine_Erzählung_über_den_Sinn_des_Lebens_20260608_215407.png,3423209690_Das_Café_am_Rande_der_Welt_Eine_Erzählung_über_den_Sinn_des_Lebens_20260608_215407.png,image/png,1845475,2026-06-20T23:40:08.013Z
1QVutw7G4oI-jW1hQUC530jvuOjxJKTSY,ROOT/ARCHIVE/B0FMS3V43J_SUNDAY_NATURAL_Magnesium_Komplex_240_Kapseln_400mg_Magnesium_aus_7_Verbindungen_20260608_215436.png,B0FMS3V43J_SUNDAY_NATURAL_Magnesium_Komplex_240_Kapseln_400mg_Magnesium_aus_7_Verbindungen_20260608_215436.png,image/png,962865,2026-06-20T23:40:07.972Z
1gnYBOTBCweg4T72rG27AivN-sHYT4IQz,ROOT/ARCHIVE/3832167242_22_Bahnen_Roman_Lieblingsbuch_des_unabhängigen_Buchhandels_2023_20260608_215412.png,3832167242_22_Bahnen_Roman_Lieblingsbuch_des_unabhängigen_Buchhandels_2023_20260608_215412.png,image/png,1165475,2026-06-20T23:40:07.883Z
1DR20vSpQUXVZp37gMLGUy3gxxDmjz7tz,ROOT/ARCHIVE/B0FNX7HC9M_Sebastian_Fitzek_Thriller-Bundle_Der_Augensammler_und_Der_Augenjäger_Bestseller-Psychothriller_im_Set_20260608_215402.png,B0FNX7HC9M_Sebastian_Fitzek_Thriller-Bundle_Der_Augensammler_und_Der_Augenjäger_Bestseller-Psychothriller_im_Set_20260608_215402.png,image/png,657533,2026-06-20T23:40:07.863Z
1p6bDiPJneDYbyXs6uY-w_5viAqz2-AsB,ROOT/ARCHIVE/3424631078_Das_Kind_in_dir_muss_Heimat_finden_Der_Schlüssel_zur_Lösung_fast_aller_Probleme_20260608_215357.png,3424631078_Das_Kind_in_dir_muss_Heimat_finden_Der_Schlüssel_zur_Lösung_fast_aller_Probleme_20260608_215357.png,image/png,1412746,2026-06-20T23:40:07.844Z
1oiES6krt9xhXILbVGQ_oCgS7j-r8oB_Z,ROOT/ARCHIVE/3424631078_Das_Kind_in_dir_muss_Heimat_finden_Der_Schlüssel_zur_Lösung_fast_aller_Probleme_20260608_215231.png,3424631078_Das_Kind_in_dir_muss_Heimat_finden_Der_Schlüssel_zur_Lösung_fast_aller_Probleme_20260608_215231.png,image/png,1127850,2026-06-20T23:40:06.984Z
1P3rRkuuA_A9ljSgVJUFNoZOn8U-NwAcs,ROOT/ARCHIVE/B0DFYN8174_Philips_OneBlade_Intimate_Intimrasur_Trimmen_und_Rasieren_mit_extra_Hautschutz_Modell_QP1924_30_20260608_215207.png,B0DFYN8174_Philips_OneBlade_Intimate_Intimrasur_Trimmen_und_Rasieren_mit_extra_Hautschutz_Modell_QP1924_30_20260608_215207.png,image/png,638193,2026-06-20T23:40:06.936Z
1mBGJAV2cfQ59Q--gYKIY4Jy3ljoHOtLt,ROOT/ARCHIVE/B0FPXDCDX2_LEGO_Editions_Kylian_Mbappé_Fußball-Highlights_Spielzeug_3D_Modellbau_mit_Minifigur_20260608_215216.png,B0FPXDCDX2_LEGO_Editions_Kylian_Mbappé_Fußball-Highlights_Spielzeug_3D_Modellbau_mit_Minifigur_20260608_215216.png,image/png,1008111,2026-06-20T23:40:06.926Z
1kQwNT6iKaW_W4676Dpae_HTU2BeeutlJ,ROOT/ARCHIVE/B0FPXFBL13_LEGO_Editions_Lionel_Messi_Fußball-Highlights_Spielzeug_3D_Modellbau_mit_Minifigur_20260608_215212.png,B0FPXFBL13_LEGO_Editions_Lionel_Messi_Fußball-Highlights_Spielzeug_3D_Modellbau_mit_Minifigur_20260608_215212.png,image/png,822574,2026-06-20T23:40:06.880Z
1bj33IJtySDln7G4GoRPRLYCX3AN4MsaX,ROOT/ARCHIVE/B0FPXGJL6H_LEGO_Editions_Cristiano_Ronaldo_Fußball-Highlights_Spielzeug_3D_Modellbau_mit_Minifigur_20260608_215221.png,B0FPXGJL6H_LEGO_Editions_Cristiano_Ronaldo_Fußball-Highlights_Spielzeug_3D_Modellbau_mit_Minifigur_20260608_215221.png,image/png,956386,2026-06-20T23:40:06.852Z
1YmD9gJ37Y7by6ZcaIsiYU6Dz3ZJZxVj_,ROOT/ARCHIVE/B0CFPWLGF2_Amazon_Kindle_Paperwhite_neueste_Generation_16_GB_ohne_Werbung_schwarz_20260608_214834.png,B0CFPWLGF2_Amazon_Kindle_Paperwhite_neueste_Generation_16_GB_ohne_Werbung_schwarz_20260608_214834.png,image/png,726335,2026-06-20T23:40:06.823Z
13BbLbqBGKfOTcWIrNenFqO4wDn2RvKGr,ROOT/ARCHIVE/TC_006_Hausratversicherung_20260608_214812.png,TC_006_Hausratversicherung_20260608_214812.png,image/png,1485037,2026-06-20T23:40:06.679Z
1xSvaiWseUfuvUHd7V2cVV6JW_y8Gdfr4,ROOT/ARCHIVE/TC_008_Rentenversicherung_20260608_214821.png,TC_008_Rentenversicherung_20260608_214821.png,image/png,707075,2026-06-20T23:40:06.678Z
1auOBER9XkivpYLN5avxE2revVzmJJYSn,ROOT/ARCHIVE/TEL_010_voice.wav,TEL_010_voice.wav,audio/x-wav,539514,2026-06-20T20:56:24.283Z
1hxwLT7oeLRTlfD3a6-aWWHPu1aB2Pa34,ROOT/ARCHIVE/TEL_009_voice.wav,TEL_009_voice.wav,audio/x-wav,508416,2026-06-20T20:56:14.238Z
1Iq8I8VU6VZ63ZElK0Ih_-Ae4g-4_R58-,ROOT/ARCHIVE/TEL_008_voice.wav,TEL_008_voice.wav,audio/x-wav,485132,2026-06-20T20:56:04.295Z
15rtXgkA8cCyqT1IzvX_2ArTcMBHMQwMr,ROOT/ARCHIVE/TEL_007_voice.wav,TEL_007_voice.wav,audio/x-wav,482426,2026-06-20T20:55:54.211Z
1XmJb55y3hNmWYANTGKhJYZPQts7sH47k,ROOT/ARCHIVE/TEL_006_voice.wav,TEL_006_voice.wav,audio/x-wav,534476,2026-06-20T20:55:45.519Z
1micExTvX6IkkbHqCR-mBeR5iqmBUrGtA,ROOT/ARCHIVE/TEL_005_voice.wav,TEL_005_voice.wav,audio/x-wav,505466,2026-06-20T20:55:39.162Z
1D9TdGxu-ktu1Tge8lG3bNeHJn4kG_x_G,ROOT/ARCHIVE/TEL_004_voice.wav,TEL_004_voice.wav,audio/x-wav,540856,2026-06-20T20:55:29.266Z
1bqSsrEKYYZdbsP7xHmgDwclX__rJT8kn,ROOT/ARCHIVE/TEL_003_voice.wav,TEL_003_voice.wav,audio/x-wav,460374,2026-06-20T20:55:24.163Z
1A1g34SnhNxULyG6HFM04tsUi74sF7wXT,ROOT/ARCHIVE/TEL_002_voice.wav,TEL_002_voice.wav,audio/x-wav,529382,2026-06-20T20:55:10.377Z
1JT4QJxRTtjmFgBnbkzkbZoF72rnQAXdC,ROOT/ARCHIVE/TEL_001_voice.wav,TEL_001_voice.wav,audio/x-wav,509242,2026-06-20T20:55:04.224Z
1ypH12iPfCbd9mfTeK__HwDuS6ZMe_aiA,ROOT/ARCHIVE/B0D1YKBX82_voice.wav,B0D1YKBX82_voice.wav,audio/x-wav,637646,2026-06-20T20:54:54.251Z
1Hs9krRnB3hJCi7O0_SnvxD22gJjycdCi,ROOT/ARCHIVE/B0FMS3V43J_voice.wav,B0FMS3V43J_voice.wav,audio/x-wav,721708,2026-06-20T20:54:44.325Z
1itWd91-vFVQJTE6XMPgF94_XgNGGXmS9,ROOT/ARCHIVE/B08P4YPB8Q_voice.wav,B08P4YPB8Q_voice.wav,audio/x-wav,714094,2026-06-20T20:54:39.116Z
1BPlEpAPRWy81AF1CixqQGJyzoOAIsoJc,ROOT/ARCHIVE/B0CVXSK4D3_voice.wav,B0CVXSK4D3_voice.wav,audio/x-wav,777258,2026-06-20T20:54:29.191Z
11k0cAUaZEqOkgBGR60IO91yHecY4zi0e,ROOT/ARCHIVE/B0DXLBZF4Q_voice.wav,B0DXLBZF4Q_voice.wav,audio/x-wav,853966,2026-06-20T20:54:18.841Z
1Jyk8g8hmjXS-Wj3PlwsZ4eifZDNHECik,ROOT/ARCHIVE/3426281759_voice.wav,3426281759_voice.wav,audio/x-wav,520690,2026-06-20T20:54:10.617Z
1ssDmQBU8Xp99jqRj_REZ9iKeE0d-R1GG,ROOT/ARCHIVE/3832167242_voice.wav,3832167242_voice.wav,audio/x-wav,645888,2026-06-20T20:54:00.484Z
1d9gldM7XkE7pQ_Hdnpc9af4c2vubmIPI,ROOT/ARCHIVE/3423209690_voice.wav,3423209690_voice.wav,audio/x-wav,622338,2026-06-20T20:53:54.234Z
1um8lstRslXF3FY1XsvH0y-TW5B-Qj7K1,ROOT/ARCHIVE/B0FNX7HC9M_voice.wav,B0FNX7HC9M_voice.wav,audio/x-wav,667188,2026-06-20T20:53:44.190Z
1Rl7ofD7GsHi-faRMqDmRLv4Eb4BsYzL0,ROOT/ARCHIVE/3424631078_voice.wav,3424631078_voice.wav,audio/x-wav,621246,2026-06-20T20:53:34.084Z
10RiBVp0fO-BCCCFKh3p4AMzRrcb62HT8,ROOT/ARCHIVE/B0FPXDRR63_voice.wav,B0FPXDRR63_voice.wav,audio/x-wav,770834,2026-06-20T20:53:25.439Z
1hTymI88krezUfyEPDgmKCHni46lp8Lsi,ROOT/ARCHIVE/B0FPXGJL6H_voice.wav,B0FPXGJL6H_voice.wav,audio/x-wav,647742,2026-06-20T20:53:15.250Z
1rmtnPwHMJ911p7ygrow2WII5oFgTqRIy,ROOT/ARCHIVE/B0FPXDCDX2_voice.wav,B0FPXDCDX2_voice.wav,audio/x-wav,711026,2026-06-20T20:53:09.318Z
1haEcPXsqUbQVj5b-IeiM7RUIFCotaaik,ROOT/ARCHIVE/B0FPXFBL13_voice.wav,B0FPXFBL13_voice.wav,audio/x-wav,713330,2026-06-20T20:52:59.131Z
1XvzwbpBuiMiBSF3v1ohknyt1xwdAV9cp,ROOT/ARCHIVE/B0DFYN8174_voice.wav,B0DFYN8174_voice.wav,audio/x-wav,759924,2026-06-20T20:52:48.676Z
1LCseMPBzVMu1w24ojPPuAfmwmLiY5WrQ,ROOT/ARCHIVE/B0CFPWLGF2_voice.wav,B0CFPWLGF2_voice.wav,audio/x-wav,622630,2026-06-20T20:52:40.383Z
1lxVizswu9VoJy32ehJZIwn38gGIqcQ7D,ROOT/ARCHIVE/B0FQF32239_voice.wav,B0FQF32239_voice.wav,audio/x-wav,517758,2026-06-20T20:52:34.119Z
1YENBP5KXxPKmZ_XYw3G7xUKolLW5a3bb,ROOT/ARCHIVE/TC_009_voice.wav,TC_009_voice.wav,audio/x-wav,551288,2026-06-20T20:52:24.129Z
1_GuEf7Xu9H4230_m4vH5rfiEyghPCYJj,ROOT/ARCHIVE/TC_008_voice.wav,TC_008_voice.wav,audio/x-wav,469010,2026-06-20T20:52:14.031Z
1EzfQqdv-A4o_VpJthjxe8-uguw-IlGGd,ROOT/ARCHIVE/TC_007_voice.wav,TC_007_voice.wav,audio/x-wav,470228,2026-06-20T20:52:05.336Z
1mV0i2t4krb1jyfdmAXn1rjAxDUK__E-h,ROOT/ARCHIVE/TC_006_voice.wav,TC_006_voice.wav,audio/x-wav,496888,2026-06-20T20:51:59.188Z
16oldBSu5HweuVPGybSXwx3K_6FN5HYtY,ROOT/ARCHIVE/TC_005_voice.wav,TC_005_voice.wav,audio/x-wav,506556,2026-06-20T20:51:48.812Z
1vioXvv3J6Ef6b9hcCALjFSno_FmuYh2a,ROOT/ARCHIVE/TC_004_voice.wav,TC_004_voice.wav,audio/x-wav,450064,2026-06-20T20:51:39.230Z
1ExVdamxk7KBeHmH58km_DG_d7pdXel9-,ROOT/ARCHIVE/TC_003_voice.wav,TC_003_voice.wav,audio/x-wav,470160,2026-06-20T20:51:29.139Z
19QcmvRUiV6OG3RuOKXQB478RK-zt9Y2X,ROOT/ARCHIVE/TC_002_voice.wav,TC_002_voice.wav,audio/x-wav,491540,2026-06-20T20:51:24.063Z
1N8-jbfYk2qxnd69qu-wHU7dp1UAE9oI0,ROOT/ARCHIVE/TC_001_voice.wav,TC_001_voice.wav,audio/x-wav,508488,2026-06-20T20:51:14.146Z
1ROiuQg244-19swBA-fjGcGsdNOt31vwX,ROOT/ARCHIVE/CHK24_008_voice.wav,CHK24_008_voice.wav,audio/x-wav,478154,2026-06-20T20:51:04.162Z
1eR-qeRaPnhg7bE3lUgxqDTX7NJ-EkSD8,ROOT/ARCHIVE/CHK24_007_voice.wav,CHK24_007_voice.wav,audio/x-wav,442088,2026-06-20T20:50:54.052Z
1ybKtBvLihZfb79tq7t3FbrHr5EiE8djn,ROOT/ARCHIVE/CHK24_006_voice.wav,CHK24_006_voice.wav,audio/x-wav,450686,2026-06-20T20:50:44.054Z
1qa82GPKfzoFZCUqvErq4scyiNzMBTnfQ,ROOT/ARCHIVE/CHK24_005_voice.wav,CHK24_005_voice.wav,audio/x-wav,528238,2026-06-20T20:50:35.308Z
1rkGx01ULlNgwjN0jlKBGSKyGaQPXR7cr,ROOT/ARCHIVE/CHK24_004_voice.wav,CHK24_004_voice.wav,audio/x-wav,473012,2026-06-20T20:50:29.129Z
1g4ZIkxgnHYKnVGuxoh6sb54qUM0yw4bB,ROOT/ARCHIVE/CHK24_003_voice.wav,CHK24_003_voice.wav,audio/x-wav,469600,2026-06-20T20:50:18.912Z
12uRhiSIAwpZE1jsAhY3iJXh3Fub_mQz0,ROOT/ARCHIVE/CHK24_002_voice.wav,CHK24_002_voice.wav,audio/x-wav,476010,2026-06-20T20:50:10.494Z
1jBRwcCtCyM7dKPVF_aduBUlPlcMHqy3C,ROOT/ARCHIVE/CHK24_001_voice.wav,CHK24_001_voice.wav,audio/x-wav,439844,2026-06-20T20:50:04.125Z
1mJ7J-Hwl11_-2okcawXVaJ4sYhOTOsCN,ROOT/ARCHIVE/youtube_upload_engine_v4.cpython-312.pyc,youtube_upload_engine_v4.cpython-312.pyc,application/x-python-code,2607,2026-06-20T19:55:39.600Z
1gcjYdnawAVh_EJjXpl-HfFiU_kegx3Wf,ROOT/ARCHIVE/youtube_upload_engine_v4.py,youtube_upload_engine_v4.py,text/x-python,1983,2026-06-20T19:55:22.848Z
1XZtO2g9Z-tJ0OfRp0xyC594CfuRMcwNy,ROOT/ARCHIVE/ai_video_engine_v3.cpython-312.pyc,ai_video_engine_v3.cpython-312.pyc,application/x-python-code,5279,2026-06-20T19:34:29.787Z
14w3ec-2d9-qYhGirJXFi3e8qa-hT3E3w,ROOT/ARCHIVE/ai_video_engine_v3.py,ai_video_engine_v3.py,text/x-python,3707,2026-06-20T19:34:12.070Z
1AQ8vEGn6EGWK7OckCRXoTtuELRHr3agF,ROOT/ARCHIVE/FINAL_AUDIT_20260620_092504.json,FINAL_AUDIT_20260620_092504.json,application/json,5973,2026-06-20T09:25:04.964Z
1juD3ryyAbUgJB0i1PsXIzkKvCN9Csr83,ROOT/ARCHIVE/SYSTEM_STATUS.txt,SYSTEM_STATUS.txt,text/plain,634,2026-06-20T09:08:25.257Z
1VcMlEyMhfSvXH4-Q_PKe2szkSlsb-RDk,ROOT/ARCHIVE/partner_rules.csv,partner_rules.csv,text/csv,3231,2026-06-20T09:05:55.141Z
1AuRSw9HBa-2o750Rr2eRpPRcrfAOuYTB,ROOT/ARCHIVE/partner_commissions.csv,partner_commissions.csv,text/csv,1521,2026-06-20T09:05:54.996Z
1ye7HowEGMLXJ4bpDBvvsCQ3sg2l0btgQ,ROOT/ARCHIVE/comments.csv,comments.csv,text/csv,73,2026-06-20T09:05:54.868Z
1ZeG92We-e3pPMew10wwPF_mJ7K_8b4Lj,ROOT/ARCHIVE/ai_brain.csv,ai_brain.csv,text/csv,236,2026-06-20T09:05:54.728Z
1b7pJXCTRTI5NrT47CTFe_Ybcoj8mC7uL,ROOT/ARCHIVE/youtube_queue.csv,youtube_queue.csv,text/csv,29927,2026-06-20T09:05:54.601Z
1l73uCckA-fHIYve9uCEZ2_0kUuOkqgf1,ROOT/ARCHIVE/events.csv,events.csv,text/csv,6566,2026-06-20T09:05:54.468Z
13rQNB1udek3CRGAufJfLQL7KoGOTScJQ,ROOT/ARCHIVE/api_status.csv,api_status.csv,text/csv,2095,2026-06-20T09:05:54.338Z
1KNvWkHtw-VfQ3rt0oSxqDL3XzvRQvW9s,ROOT/ARCHIVE/content_queue.csv,content_queue.csv,text/csv,7436,2026-06-20T09:05:54.213Z
1nBlPmm3GYQVYaoBVkdv6Dz1Qn7JSKWb6,ROOT/ARCHIVE/dashboard.csv,dashboard.csv,text/csv,32,2026-06-20T09:05:53.793Z
1ZqZI9J_CKh3Sx3UDT86L-siIpaFHS4IY,ROOT/ARCHIVE/pin_queue.csv,pin_queue.csv,text/csv,17116,2026-06-20T09:05:53.045Z
1ijsoajDF1AhcqB5VzxWzB1HaVKgc7KlA,ROOT/ARCHIVE/system.csv,system.csv,text/csv,1753,2026-06-20T09:05:52.923Z
1ElWBB7ywLq9Ai-noPpdj6BAEfRsuCBwj,ROOT/indexing,indexing,application/vnd.google-apps.folder,,2026-06-20T21:39:34.876Z
1-CZNhjW2i1EKAeCToB5YJzIPOjZfZ-fu,ROOT/indexing/sitemap.xml,sitemap.xml,application/xml,9056,2026-06-20T23:44:58.448Z
1tt5TpGgpKXR1E_ksUL36xEyoproRKo6t,ROOT/indexing/urls_to_index.json,urls_to_index.json,application/json,2348,2026-06-20T23:44:58.229Z
1F5uklwCEvGh59wnIm-I1w06q-pP4_4Yk,ROOT/landingpages,landingpages,application/vnd.google-apps.folder,,2026-06-20T21:35:04.996Z
1s07Q0niQZuqX2DCJWStN_oRocBtbm_b9,ROOT/landingpages/landingpages.csv,landingpages.csv,text/csv,174427,2026-06-20T23:45:00.405Z
1_cXCplfDT8jVY5wtRgULomNh1HI1TL5L,ROOT/landingpages/TEL_009.html,TEL_009.html,text/html,658,2026-06-20T22:04:28.507Z
1j_jo67a8Xu0itfZICDSGtITo5GXqGUcA,ROOT/landingpages/TEL_008.html,TEL_008.html,text/html,630,2026-06-20T22:04:28.398Z
1_TCNI_nBOQUu69i4J7jUD-32Ei7rBON-,ROOT/landingpages/TEL_010.html,TEL_010.html,text/html,606,2026-06-20T22:04:28.356Z
1wVrTX6P6RymAqv9QkuugGVZwCgJteKXE,ROOT/landingpages/TEL_007.html,TEL_007.html,text/html,622,2026-06-20T22:04:28.311Z
1krYJfFa-f2b5MQPGWESIfdHKB6l2IraJ,ROOT/landingpages/TEL_006.html,TEL_006.html,text/html,642,2026-06-20T22:04:27.491Z
1WweQYyDXpeSXj-BsH8mTCTWL759AxWbx,ROOT/landingpages/TEL_003.html,TEL_003.html,text/html,618,2026-06-20T22:04:27.433Z
1ScJwl7JmGxJ9dssYucBltVDAPh4mSuW_,ROOT/landingpages/TEL_005.html,TEL_005.html,text/html,634,2026-06-20T22:04:27.429Z
1MPiFJx2CulIQdJa75p9lYI-SHG0pslsL,ROOT/landingpages/TEL_004.html,TEL_004.html,text/html,610,2026-06-20T22:04:27.362Z
1awwEwYSv7WyTYQYybIgrimJcKOYZ8_3J,ROOT/landingpages/B0D1YKBX82.html,B0D1YKBX82.html,text/html,854,2026-06-20T22:04:27.327Z
1pPZvsiEW5eZr1j5rrflj7dL_KJbYdXr1,ROOT/landingpages/B0FMS3V43J.html,B0FMS3V43J.html,text/html,878,2026-06-20T22:04:27.293Z
1fhvGOTjN1nwZ75RsEyvhrv5hr_pQW639,ROOT/landingpages/TEL_001.html,TEL_001.html,text/html,598,2026-06-20T22:04:27.258Z
1pp9AQqDCTSPSUTGe5KGsqZnd86PxI6Jx,ROOT/landingpages/TEL_002.html,TEL_002.html,text/html,598,2026-06-20T22:04:27.255Z
16pmN-YqUxn9QYj63hunpUofZmWKNG_W5,ROOT/landingpages/B0CVXSK4D3.html,B0CVXSK4D3.html,text/html,954,2026-06-20T22:04:27.134Z
1KjaJ2_7K82ge1MyN6_6UcN-h66VCcPut,ROOT/landingpages/B08P4YPB8Q.html,B08P4YPB8Q.html,text/html,934,2026-06-20T22:04:27.085Z
1N4dskeuw1eaO8VdyLiH7XgIB63k67fXt,ROOT/landingpages/B0DXLBZF4Q.html,B0DXLBZF4Q.html,text/html,914,2026-06-20T22:04:26.212Z
12hy-iO8NBO7mGSZ_Zi5lFOs4PxJhaboc,ROOT/landingpages/3426281759.html,3426281759.html,text/html,894,2026-06-20T22:04:26.186Z
17ICQiO3cEHaKIPBfQr6vnp4nD8RYKgQz,ROOT/landingpages/3832167242.html,3832167242.html,text/html,1046,2026-06-20T22:04:26.146Z
1gcon8GU0U43ZF5KU7_Rz_0aTEoH2b4gC,ROOT/landingpages/B0FNX7HC9M.html,B0FNX7HC9M.html,text/html,970,2026-06-20T22:04:26.093Z
18DciDnbuc5tT1batGbmJIl4a8FHemyRM,ROOT/landingpages/3423209690.html,3423209690.html,text/html,1066,2026-06-20T22:04:26.041Z
11sN86i21ZiFLogkZKr2POFTvHMErKEsA,ROOT/landingpages/3424631078.html,3424631078.html,text/html,1114,2026-06-20T22:04:26.030Z
1SKnZSpef0aGPrp06py6R7sOx0JbFPaBM,ROOT/landingpages/B0FPXGJL6H.html,B0FPXGJL6H.html,text/html,914,2026-06-20T22:04:26.019Z
1mIPoa5hPAO44N8cSHSivEGKAXOt0GwQ3,ROOT/landingpages/B0FPXDCDX2.html,B0FPXDCDX2.html,text/html,902,2026-06-20T22:04:25.989Z
1bmd7RbAYgYY-enUT6VCq2Yx-fm6fVIl-,ROOT/landingpages/B0FPXDRR63.html,B0FPXDRR63.html,text/html,994,2026-06-20T22:04:25.948Z
1XjBRiDIsPist3hR-4-o4V3AnzJKVrCyi,ROOT/landingpages/B0FPXFBL13.html,B0FPXFBL13.html,text/html,894,2026-06-20T22:04:25.862Z
1EFB5_J9A4c0t7L-fQeVRNk-41rLxDJXN,ROOT/landingpages/B0DFYN8174.html,B0DFYN8174.html,text/html,942,2026-06-20T22:04:24.878Z
1b0DNOTegaqoQXGca_l6CtvblmZgtNuP3,ROOT/landingpages/TC_008.html,TC_008.html,text/html,920,2026-06-20T22:04:24.878Z
1hAjRUIFJap3tBQEF1sQFniWv6wkbzXCL,ROOT/landingpages/TC_009.html,TC_009.html,text/html,956,2026-06-20T22:04:24.863Z
1THftorHJR5bWEui8yvxuh1bG1wozkjPL,ROOT/landingpages/TC_006.html,TC_006.html,text/html,924,2026-06-20T22:04:24.839Z
1uPtKpGKKkHnICbZrTsNOyNT1o_DCT2MW,ROOT/landingpages/TC_007.html,TC_007.html,text/html,940,2026-06-20T22:04:24.794Z
1BhzlzW75k8A-a1DsATkhjxI9S9C7prVM,ROOT/landingpages/TC_004.html,TC_004.html,text/html,884,2026-06-20T22:04:24.787Z
1lF51owC4MXeK7avYTVgVE-XHKz2wj-IF,ROOT/landingpages/B0CFPWLGF2.html,B0CFPWLGF2.html,text/html,842,2026-06-20T22:04:24.783Z
1RxAPD-4zJFAvhJ0C_iJVMFKhBW-GMkZW,ROOT/landingpages/B0FQF32239.html,B0FQF32239.html,text/html,750,2026-06-20T22:04:24.775Z
1GpaqqOCRMyLmBW4JNsAGICr9N-nBfmFQ,ROOT/landingpages/TC_005.html,TC_005.html,text/html,908,2026-06-20T22:04:24.763Z
1QWvKylXG8ZGDbJ8GrW1uIQt33EW40Uxr,ROOT/landingpages/TC_003.html,TC_003.html,text/html,872,2026-06-20T22:04:24.646Z
1K3Vam0Rw9k4uwXNZCzUjEr1bpBua8qpS,ROOT/landingpages/CHK24_007.html,CHK24_007.html,text/html,884,2026-06-20T22:04:23.605Z
1Z5Td0Ln8ysO_sUANecYQgIp3qunydHt-,ROOT/landingpages/CHK24_005.html,CHK24_005.html,text/html,884,2026-06-20T22:04:23.591Z
1v2qYrJiC_9k5jARQYAv6bzOTTk_ce5ce,ROOT/landingpages/CHK24_003.html,CHK24_003.html,text/html,860,2026-06-20T22:04:23.587Z
1MadV8cwJcOoSheh1Paddp4Jbgl0Piyb4,ROOT/landingpages/CHK24_002.html,CHK24_002.html,text/html,884,2026-06-20T22:04:23.585Z
1UQj82sdEitFIGnrBcEFraaIJ4goouO7j,ROOT/landingpages/CHK24_006.html,CHK24_006.html,text/html,900,2026-06-20T22:04:23.569Z
1M6Uuh6dAphvXv9wq7PqKuABhWwolTYpK,ROOT/landingpages/TC_001.html,TC_001.html,text/html,892,2026-06-20T22:04:23.560Z
1ymOIlb8Yhve2c9B2hNdBhEEDmnklJgc4,ROOT/landingpages/CHK24_008.html,CHK24_008.html,text/html,880,2026-06-20T22:04:23.528Z
1LCxGyYQ2RgHNYCrA26pmMYpbOegvCCQj,ROOT/landingpages/CHK24_004.html,CHK24_004.html,text/html,860,2026-06-20T22:04:23.526Z
1Vm3fgv46hY1DQHA9_jmoNJqRD3zagJ9k,ROOT/landingpages/TC_002.html,TC_002.html,text/html,912,2026-06-20T22:04:23.526Z
1kbtCGKu82fFIDmKiModySzFNQ64poa4y,ROOT/landingpages/CHK24_001.html,CHK24_001.html,text/html,868,2026-06-20T22:04:23.474Z
1wUOE79ecsUFuP_IQnxr2XGx9qQVVLWBH,ROOT/landingpages/landingpages.csv,landingpages.csv,text/csv,157357,2026-06-20T09:05:53.636Z
1TdlYTfZwpqIyd0N6kBppIfu9Itnpy8xK,ROOT/landingpages/landingpages.csv,landingpages.csv,text/csv,158408,2026-06-12T05:51:27.373Z
1eYc9NrYvCH4G6h24HS0u4p_myQW7xqYP,ROOT/landingpages/landingpages_final_20260609_214714.csv,landingpages_final_20260609_214714.csv,text/csv,38974,2026-06-09T21:47:14.000Z
1k6dgkp8EshoYYspJ32aKyuhRhbbUURgX,ROOT/videos,videos,application/vnd.google-apps.folder,,2026-06-20T19:35:24.376Z
1tgRayhSn-w4dSi798zcOXDD1LrjWNH0X,ROOT/videos/TEL_010.mp4,TEL_010.mp4,video/mp4,136311,2026-06-20T20:56:29.187Z
1cfAubENzbNs8b4pn5qR3rrI3t1xbL784,ROOT/videos/TEL_009.mp4,TEL_009.mp4,video/mp4,127720,2026-06-20T20:56:24.338Z
1IvvQUoeWfc5RAoZaAhSaUeRz13uJUqhm,ROOT/videos/TEL_008.mp4,TEL_008.mp4,video/mp4,126716,2026-06-20T20:56:14.274Z
1sts7OqkBVn_8y9ONLKy-D4uP9EYfFEjD,ROOT/videos/TEL_007.mp4,TEL_007.mp4,video/mp4,121702,2026-06-20T20:56:04.311Z
1UdrkHeGBtH2PQj_OOaMESvpfxCU0FFYB,ROOT/videos/TEL_006.mp4,TEL_006.mp4,video/mp4,134486,2026-06-20T20:55:54.169Z
1rLv-Z8ArTe849MwvH8Qc6XQ9okIIjpaT,ROOT/videos/TEL_005.mp4,TEL_005.mp4,video/mp4,125429,2026-06-20T20:55:44.275Z
1e_je9vmY-3fqQvhaLCzb0q9OOp7p4vep,ROOT/videos/TEL_004.mp4,TEL_004.mp4,video/mp4,137532,2026-06-20T20:55:39.262Z
1Q5-kETdHZtWHStj70X2qkpMy7Yi_VRA5,ROOT/videos/TEL_003.mp4,TEL_003.mp4,video/mp4,122183,2026-06-20T20:55:25.471Z
1UgdeelTIyeLq5X0PjRax9ZpAqQSZqrow,ROOT/videos/TEL_002.mp4,TEL_002.mp4,video/mp4,140343,2026-06-20T20:55:17.624Z
1EyJlU-BXPjIl0nJl6sOg3DH2BDYrJHK_,ROOT/videos/TEL_001.mp4,TEL_001.mp4,video/mp4,131075,2026-06-20T20:55:09.230Z
1a8TOBF_PKRhmk_uvC961VlEDPjB40UxP,ROOT/videos/B0D1YKBX82.mp4,B0D1YKBX82.mp4,video/mp4,135935,2026-06-20T20:55:04.267Z
1sTgcO6iT-QTYKBWUwrvQYaDJ5liEcVu2,ROOT/videos/B0FMS3V43J.mp4,B0FMS3V43J.mp4,video/mp4,135085,2026-06-20T20:54:54.193Z
1a_j6xWgx6nQG8HNfLhU7gX1EOTZ8m0Ft,ROOT/videos/B08P4YPB8Q.mp4,B08P4YPB8Q.mp4,video/mp4,138896,2026-06-20T20:54:44.182Z
1AZ1rmKLetmur35U4wPrCbQ8EuhljFJJ2,ROOT/videos/B0CVXSK4D3.mp4,B0CVXSK4D3.mp4,video/mp4,139505,2026-06-20T20:54:34.135Z
1FGn6LhUBSztUy4-lwApZR3KkfemR1hk1,ROOT/videos/B0DXLBZF4Q.mp4,B0DXLBZF4Q.mp4,video/mp4,139396,2026-06-20T20:54:24.230Z
1hLuqCO_Zxzd8z_GdW5dyVw4ztviJHwoG,ROOT/videos/3426281759.mp4,3426281759.mp4,video/mp4,130891,2026-06-20T20:54:17.565Z
1h20ASeAEAAjXQmWUhMviaHNV20LfKS3L,ROOT/videos/3832167242.mp4,3832167242.mp4,video/mp4,146115,2026-06-20T20:54:09.257Z
1Ezip61K0f_ukvrbEmZfQVjwkiyJwSHTJ,ROOT/videos/3423209690.mp4,3423209690.mp4,video/mp4,139244,2026-06-20T20:53:59.150Z
1CMKCl0oR8kVOuP3FTXBLleowFPfzS4nN,ROOT/videos/B0FNX7HC9M.mp4,B0FNX7HC9M.mp4,video/mp4,142416,2026-06-20T20:53:54.171Z
1gEq-JKjWg8_dsODwTZAYbB0UMEHW3sP_,ROOT/videos/3424631078.mp4,3424631078.mp4,video/mp4,133793,2026-06-20T20:53:44.158Z
1W2rlpO1Jqq_v7lZxwLIEl3yUzxACZZqF,ROOT/videos/B0FPXDRR63.mp4,B0FPXDRR63.mp4,video/mp4,137194,2026-06-20T20:53:34.161Z
1_PBmTwL2gEUo1aNhrdDHJv_9gecG9NhG,ROOT/videos/B0FPXGJL6H.mp4,B0FPXGJL6H.mp4,video/mp4,145034,2026-06-20T20:53:24.146Z
1W-UlAt-OR_aWsrzqXGGCiuZqVtBNvuaF,ROOT/videos/B0FPXDCDX2.mp4,B0FPXDCDX2.mp4,video/mp4,137164,2026-06-20T20:53:14.088Z
1ZLgyEemIwfIDyCNo4g9S7t-HxZ6pIv1x,ROOT/videos/B0FPXFBL13.mp4,B0FPXFBL13.mp4,video/mp4,138959,2026-06-20T20:53:09.199Z
1a3oudI0kd1UfX_gytOKNMt7FbZIjBge6,ROOT/videos/B0DFYN8174.mp4,B0DFYN8174.mp4,video/mp4,140498,2026-06-20T20:52:59.161Z
1eNuZ6_2cwgehafyJj4FTXkHJ0ohrtUJL,ROOT/videos/B0CFPWLGF2.mp4,B0CFPWLGF2.mp4,video/mp4,145259,2026-06-20T20:52:47.511Z
1d9aVejAoeuPjWSr63vbi7LtX4SYvWbbL,ROOT/videos/B0FQF32239.mp4,B0FQF32239.mp4,video/mp4,137663,2026-06-20T20:52:39.105Z
1zP8MOVs9yCk6hz0EA6y-tO1Xvo-qo4lG,ROOT/videos/TC_009.mp4,TC_009.mp4,video/mp4,143214,2026-06-20T20:52:29.142Z
1so_BpX8JZOYrVsE3qcD8ap6mMlkQoefH,ROOT/videos/TC_008.mp4,TC_008.mp4,video/mp4,124242,2026-06-20T20:52:24.097Z
1Y76dVJvqT3MpNCarOXMQCn9NRwBVk7vP,ROOT/videos/TC_007.mp4,TC_007.mp4,video/mp4,124405,2026-06-20T20:52:14.080Z
1uJUlPwgX13SBqNEYZNwgSTjIR1-pGEtL,ROOT/videos/TC_006.mp4,TC_006.mp4,video/mp4,120240,2026-06-20T20:52:04.136Z
1ToMbOVy3ghEnbcPl9EFh_EtbSQoSvFoX,ROOT/videos/TC_005.mp4,TC_005.mp4,video/mp4,126645,2026-06-20T20:51:54.113Z
1e7bRgeoLEUTuuUnr9HK91Ne5jmz3piSV,ROOT/videos/TC_004.mp4,TC_004.mp4,video/mp4,115206,2026-06-20T20:51:47.629Z
1hg98qR-DTjzBopE1v3AdK7Na2R5MsbV_,ROOT/videos/TC_003.mp4,TC_003.mp4,video/mp4,119552,2026-06-20T20:51:39.120Z
1ZNK7FwoKlQe1U_DA0TScWC-xPQxk8Dfv,ROOT/videos/TC_002.mp4,TC_002.mp4,video/mp4,130357,2026-06-20T20:51:29.110Z
1SphdAR7v9ILVifo7zKi2LOf60Vbxm0ty,ROOT/videos/TC_001.mp4,TC_001.mp4,video/mp4,129851,2026-06-20T20:51:17.600Z
1ru8hUHarPodZ_F0y13Ig0_eNMHCaBGsC,ROOT/videos/CHK24_008.mp4,CHK24_008.mp4,video/mp4,124663,2026-06-20T20:51:09.122Z
1oodmNb91NGRzgxIx_qGylzcNKRoyfXYe,ROOT/videos/CHK24_007.mp4,CHK24_007.mp4,video/mp4,114143,2026-06-20T20:50:59.042Z
1qOuK0Bew7MxVUxEWftwrgHBGFKb3UkxR,ROOT/videos/CHK24_006.mp4,CHK24_006.mp4,video/mp4,116356,2026-06-20T20:50:54.051Z
1oYuW0GqtfQIHoavTTxZiRZAQR9kR7mQ5,ROOT/videos/CHK24_005.mp4,CHK24_005.mp4,video/mp4,131102,2026-06-20T20:50:44.070Z
1X9lYn3cPloLzXq2LEcj_190AGlNp9Msn,ROOT/videos/CHK24_004.mp4,CHK24_004.mp4,video/mp4,121689,2026-06-20T20:50:34.065Z
1bR478vzgsZBb3vl2pL0nsyXmeqUA0Amg,ROOT/videos/CHK24_003.mp4,CHK24_003.mp4,video/mp4,120936,2026-06-20T20:50:29.210Z
1wYJ89l0fdq6qGPvUsPNTPMfx_UfWTHVK,ROOT/videos/CHK24_002.mp4,CHK24_002.mp4,video/mp4,123632,2026-06-20T20:50:17.617Z
1zTDJOTp_wE50rWfZEvEu6TzslI6GmTCH,ROOT/videos/CHK24_001.mp4,CHK24_001.mp4,video/mp4,120391,2026-06-20T20:50:09.199Z
1lQvrPSLU7g9j7EXoEOqtuWm0VfCVqjK4,ROOT/engine,engine,application/vnd.google-apps.folder,,2026-06-20T19:31:42.131Z
1Ms30P-UiPFDvA8vTn1_gZCW7rOr7GvZs,ROOT/content,content,application/vnd.google-apps.folder,,2026-06-10T05:36:58.022Z
1K1zYFruibHpCQdC81oulSzWxUc76-oqQ,ROOT/content/landingpage_previews,landingpage_previews,application/vnd.google-apps.folder,,2026-07-17T19:12:02.942Z
1qA2M_ine8vvDhbkLGT7e4xQIuMkHFUKU,ROOT/content/landingpage_previews/FBEP_STEP14_Content_Preview_20260717_191202.csv,FBEP_STEP14_Content_Preview_20260717_191202.csv,text/csv,178476,2026-07-17T19:12:07.180Z
1lvZxORYfY6bPxGNkLC1vKRKUFE0J_awH,ROOT/content/landingpage_previews/FBEP_STEP14_Content_Preview_20260717_191202.json,FBEP_STEP14_Content_Preview_20260717_191202.json,application/json,216723,2026-07-17T19:12:07.162Z
1q0XgYyWOA6FF5Hro9hQsnEQfzAPTAGCV,ROOT/content/master_landingpage,master_landingpage,application/vnd.google-apps.folder,,2026-07-17T16:27:37.136Z
1kskxe0DOAY-QMo31d1vYX9vc_iuOhmIh,ROOT/content/master_landingpage/MLP003_Production_Manifest.json,MLP003_Production_Manifest.json,application/json,1181,2026-07-17T16:29:26.000Z
1oT7HE5k0vGsIE6R6vMcbTKO3kOkFoeLO,ROOT/content/master_landingpage/FBEP_Master_Landingpage_Sections_V1.csv,FBEP_Master_Landingpage_Sections_V1.csv,text/csv,18871,2026-07-17T16:27:37.172Z
1dz9kmNBFzPN0z33DadcYSiuFLgUr_3MO,ROOT/content/master_landingpage/FBEP_Master_Landingpage_Standard_V1.md,FBEP_Master_Landingpage_Standard_V1.md,text/markdown,5719,2026-07-17T16:27:37.154Z
1sCELik3NLCWin6FPkba58KpRYvSPTj03,ROOT/content/master_landingpage/FBEP_Master_Landingpage_Standard_V1.json,FBEP_Master_Landingpage_Standard_V1.json,application/json,9026,2026-07-17T16:27:37.143Z
1pJVq5_KHGl_0LGX4NjjrEeVJ1EUBcKkW,ROOT/assets,assets,application/vnd.google-apps.folder,,2026-06-10T05:36:57.983Z
1mpBLLMg-5BQU2OAeDyDfv0aTSOKW1RpG,ROOT/assets/amazon,amazon,application/vnd.google-apps.folder,,2026-07-25T20:12:27.951Z
1GMe4nPA-vecn1OoklhosOlBKw5C2yX3w,ROOT/assets/amazon/black_friday_2025,black_friday_2025,application/vnd.google-apps.folder,,2026-07-25T20:12:34.881Z
1MCmNcoTASmgGYNNUurfdUtnJLvdxA1Me,ROOT/assets/amazon/seasonal,seasonal,application/vnd.google-apps.folder,,2026-07-25T20:12:33.681Z
1vulUBbZ9WUnHirNiKEOiZJJmJ9th5GLa,ROOT/assets/amazon/backgrounds,backgrounds,application/vnd.google-apps.folder,,2026-07-25T20:12:32.366Z
17u-r97gBdqreUbx64u3DriSYbQFzfjot,ROOT/assets/amazon/logos,logos,application/vnd.google-apps.folder,,2026-07-25T20:12:31.162Z
1BfqTQoTjY7i9V-uBxhXC4qj7KOkLCOrl,ROOT/assets/amazon/banners,banners,application/vnd.google-apps.folder,,2026-07-25T20:12:29.316Z
1Dd3ByLL2FNohEj0ajUnhuOnFerC7Cb61,ROOT/assets/amazon/banners/black_friday_2025,black_friday_2025,application/vnd.google-apps.folder,,2026-07-25T20:13:21.716Z
1Sk4af2RvaYxEwpJ41CDUD38ty8h8-OPr,ROOT/archive,archive,application/vnd.google-apps.folder,,2026-06-10T05:36:37.919Z
1UzfXu9VHI-FOcFySeXQahiGU5PizHHgb,ROOT/archive/old_secrets,old_secrets,application/vnd.google-apps.folder,,2026-06-15T12:50:48.413Z
1e3Mngd6p9JdImsCLlpoH9RLbRBPhfPrt,ROOT/secrets,secrets,application/vnd.google-apps.folder,,2026-06-08T21:02:21.353Z
1woBtYFA7VNIVfSD2_v4U2sjOleWQgfsj,ROOT/secrets/client_secret_1081897051313-sef8snvah7ccqqhkaldttdbnblvfmbot.apps.googleusercontent.com.json,client_secret_1081897051313-sef8snvah7ccqqhkaldttdbnblvfmbot.apps.googleusercontent.com.json,application/json,406,2026-06-26T10:53:23.000Z
1SCosQtmKNbm3dcP-zbvux1fsCisXlKnp,ROOT/secrets/client_secret_1081897051313-k1ovk9rnifpvbsoc08o610q74e8tc5pv.apps.googleusercontent.com.json,client_secret_1081897051313-k1ovk9rnifpvbsoc08o610q74e8tc5pv.apps.googleusercontent.com.json,application/json,406,2026-06-23T02:33:25.000Z
1cD4MatkisuJCAsNI8q-jlyfIqjs1jjNK,ROOT/secrets/Kopie von smartcontent2050-b37ab4ad5d88.json,Kopie von smartcontent2050-b37ab4ad5d88.json,application/json,2392,2026-06-22T17:15:46.724Z
1RlXvQjr_LOqLZXt7VO5UkcfDnta8DIwG,ROOT/secrets/Kopie von client_secret_1081897051313-4uj251dd86equ3pf25gdka5v9vik98fn.apps.googleusercontent.com.json,Kopie von client_secret_1081897051313-4uj251dd86equ3pf25gdka5v9vik98fn.apps.googleusercontent.com.json,application/json,406,2026-06-22T17:15:46.724Z
1RUeEQNVQekQf4YLvUofwlpBD1CkbxLGU,ROOT/secrets/client_secret.json,client_secret.json,application/json,406,2026-06-22T17:11:57.494Z
1jtrrEXux4sk2GKrNTFZEKhzrVU7ksRUG,ROOT/secrets/AUTH_STATUS.txt,AUTH_STATUS.txt,text/plain,17,2026-06-22T17:11:51.229Z
1pfLqqYUNN97DQgc5pC_0zon4SOEu1MbH,ROOT/secrets/youtube_token.pkl,youtube_token.pkl,application/octet-stream,1039,2026-06-20T23:45:02.000Z
13mPnyy2Q9acpx9pBiIzzdYe3IAXTW-4w,ROOT/secrets/client_secret_1081897051313-4uj251dd86equ3pf25gdka5v9vik98fn.apps.googleusercontent.com.json,client_secret_1081897051313-4uj251dd86equ3pf25gdka5v9vik98fn.apps.googleusercontent.com.json,application/json,406,2026-06-20T15:48:02.000Z
1bqSH5ra1W_S3FEXec_bG8LaaMCT1-COu,ROOT/secrets/client_secret_1081897051313-4uj251dd86equ3pf25gdka5v9vik98fn.apps.googleusercontent.com.json,client_secret_1081897051313-4uj251dd86equ3pf25gdka5v9vik98fn.apps.googleusercontent.com.json,application/json,406,2026-06-20T15:48:02.000Z
1DuCheM5x-FUTLFxHueWVrX9cIblzitPb,ROOT/secrets/pinterest_token.pkl,pinterest_token.pkl,application/octet-stream,33,2026-06-12T07:54:13.143Z
1Zw-QLqzQpNRYPG1OKXiNEaU9V-nbwfBH,ROOT/secrets/youtube_token.pkl,youtube_token.pkl,application/octet-stream,1143,2026-06-12T05:37:26.678Z
1UstlB39BVA917wbUO7al1Ka7D1oB4ZzB,ROOT/secrets/smartcontent2050-b37ab4ad5d88.json,smartcontent2050-b37ab4ad5d88.json,application/json,2392,2026-06-02T11:26:48.000Z
13pCiIeuIa-5_nb61Ew_doekO8F3OqOM7,ROOT/secrets/smartcontent2050-b37ab4ad5d88.json,smartcontent2050-b37ab4ad5d88.json,application/json,2392,2026-06-02T11:26:48.000Z
13bGM7nckD0g0FLHA6hnOZ-nZZlFT_K0T,ROOT/backups,backups,application/vnd.google-apps.folder,,2026-06-08T05:52:31.147Z
1Bd2ZM0tanWVYKTcE7MNUA4jyCQCx_Y7F,ROOT/backups/compliance,compliance,application/vnd.google-apps.folder,,2026-07-17T20:10:00.861Z
135BYNJCHUYLhJ8-ZMNRYA6LaVGqbBzir,ROOT/backups/landingpages,landingpages,application/vnd.google-apps.folder,,2026-07-17T18:51:45.426Z
1hojtSNqiaEoz-RbHl9FesoiE2OmVQvhf,ROOT/backups/landingpages/pre_content_population,pre_content_population,application/vnd.google-apps.folder,,2026-07-17T19:19:30.545Z
1NxrrhCYS1GZ3D31aPRLaoZU3frtaZfOS,ROOT/backups/landingpages/pre_content_population/FBEP_LANDINGPAGES_POST_CONTENT_20260717_191930.json,FBEP_LANDINGPAGES_POST_CONTENT_20260717_191930.json,application/json,296911,2026-07-17T19:19:37.712Z
1SUryYLuQ_554kWwfo7FVjWsBUuwbj2JB,ROOT/backups/landingpages/pre_content_population/FBEP_LANDINGPAGES_POST_CONTENT_20260717_191930.csv,FBEP_LANDINGPAGES_POST_CONTENT_20260717_191930.csv,text/csv,276222,2026-07-17T19:19:37.691Z
1xfd4-xMQB5879S2dfrAxNNALBzqlfLVQ,ROOT/backups/landingpages/pre_content_population/FBEP_LANDINGPAGES_PRE_CONTENT_20260717_191930.json,FBEP_LANDINGPAGES_PRE_CONTENT_20260717_191930.json,application/json,135375,2026-07-17T19:19:34.627Z
1462XiiZ6VtkjYFcHP7KgiVEN-3Ijr_hz,ROOT/backups/landingpages/pre_content_population/FBEP_LANDINGPAGES_PRE_CONTENT_20260717_191930.csv,FBEP_LANDINGPAGES_PRE_CONTENT_20260717_191930.csv,text/csv,113313,2026-07-17T19:19:34.614Z
1LR7QQZdCOUJl8RXeXsTsqyGUruMxSQ_R,ROOT/backups/landingpages/pre_population,pre_population,application/vnd.google-apps.folder,,2026-07-17T19:03:37.409Z
1ojxE0r_LO9EFFQsqMqm9i1KBLBB4Q89Z,ROOT/backups/landingpages/pre_population/FBEP_LANDINGPAGES_POST_POPULATION_20260717_190337.csv,FBEP_LANDINGPAGES_POST_POPULATION_20260717_190337.csv,text/csv,113313,2026-07-17T19:03:45.641Z
1lD9y-TOBQhy9uTLBqRu7takvGue2PewK,ROOT/backups/landingpages/pre_population/FBEP_LANDINGPAGES_PRE_POPULATION_20260717_190337_manifest.json,FBEP_LANDINGPAGES_PRE_POPULATION_20260717_190337_manifest.json,application/json,1353,2026-07-17T19:03:45.000Z
1s-Ty9mWDgWHpol7YBjpiAgkSSEbuI92n,ROOT/backups/landingpages/pre_population/FBEP_LANDINGPAGES_PRE_POPULATION_20260717_190337.csv,FBEP_LANDINGPAGES_PRE_POPULATION_20260717_190337.csv,text/csv,98074,2026-07-17T19:03:44.000Z
1QEQZ39RdDjdeNg66LBUmEiOhH8Psb3Dy,ROOT/backups/landingpages/pre_population/FBEP_LANDINGPAGES_PRE_POPULATION_20260717_190337.json,FBEP_LANDINGPAGES_PRE_POPULATION_20260717_190337.json,application/json,121112,2026-07-17T19:03:44.000Z
1R_oFSxANq6P5uNMKr7dZJxOdbHy4Bcpl,ROOT/backups/landingpages/pre_migration,pre_migration,application/vnd.google-apps.folder,,2026-07-17T18:51:45.433Z
1kdP7B0bQs8dhmuMdRxLVsdNWRTs6P4LD,ROOT/backups/landingpages/pre_migration/FBEP_LANDINGPAGES_PRE_MIGRATION_20260717_185145.csv,FBEP_LANDINGPAGES_PRE_MIGRATION_20260717_185145.csv,text/csv,96053,2026-07-17T18:51:50.000Z
1fJORuVQ2gFCKfAHWqN9fvQX5fhEb5d6D,ROOT/backups/landingpages/pre_migration/FBEP_LANDINGPAGES_PRE_MIGRATION_20260717_185145_manifest.json,FBEP_LANDINGPAGES_PRE_MIGRATION_20260717_185145_manifest.json,application/json,2791,2026-07-17T18:51:50.000Z
1PQDAMB_VJCzk8U9ZXlL94aAGRo0vGZSY,ROOT/backups/landingpages/pre_migration/FBEP_LANDINGPAGES_PRE_MIGRATION_20260717_185145_restore_instructions.md,FBEP_LANDINGPAGES_PRE_MIGRATION_20260717_185145_restore_instructions.md,text/markdown,1372,2026-07-17T18:51:50.000Z
14X8142xFN0Z13bd06zxTjNjnDpeAKT_0,ROOT/backups/landingpages/pre_migration/FBEP_LANDINGPAGES_PRE_MIGRATION_20260717_185145.json,FBEP_LANDINGPAGES_PRE_MIGRATION_20260717_185145.json,application/json,103917,2026-07-17T18:51:50.000Z
1d5dztprwX64O_Fq6PkhpQ7ejpjs7ooue,ROOT/backups/landingpage_compliance,landingpage_compliance,application/vnd.google-apps.folder,,2026-07-11T14:28:11.601Z
1uCVnGYyp33hwN2gLRasGEwS6OGR_g3ki,ROOT/backups/landingpage_compliance/requirements.txt.20260711_171809.bak,requirements.txt.20260711_171809.bak,application/octet-stream,33,2026-07-11T17:18:10.021Z
1rAZ_nO05_myGhoqmsiZxlUTHuPK-7I3l,ROOT/backups/landingpage_compliance/affiliate_rules_before_amazon_20260711_161710.json,affiliate_rules_before_amazon_20260711_161710.json,application/json,4436,2026-07-11T16:17:11.667Z
1GHbmZka4Xk1bZrGzLUQeaDZsFr_bYexG,ROOT/backups/landingpage_compliance/affiliate_rules_before_amazon_20260711_161329.json,affiliate_rules_before_amazon_20260711_161329.json,application/json,4398,2026-07-11T16:13:29.822Z
1fT7fpkCQqaHoWQQ9Djdg3FGQ-R7hSsXl,ROOT/backups/landingpage_compliance/main.py.before_sheet_cache.20260711_160318.bak,main.py.before_sheet_cache.20260711_160318.bak,application/octet-stream,22121,2026-07-11T15:49:14.000Z
1wsTUd8DgJejbH5VDAIqApcuZWrpMpPpO,ROOT/backups/landingpage_compliance/main.py.20260711_115947.bak,main.py.20260711_115947.bak,application/octet-stream,2983,2026-07-11T10:23:23.000Z
1OhaYgIUg7FOVxDcyz9BRwFp1YNy8UJU8,ROOT/backups/landingpage_compliance/autopilot_orchestrator.py.20260711_154504.bak,autopilot_orchestrator.py.20260711_154504.bak,application/octet-stream,2407,2026-07-11T10:23:23.000Z
1QUiVtWJVvvB5-EFfFavHgTJpnyqIchiF,ROOT/backups/landingpage_compliance/content_generator.py.20260711_142811.bak,content_generator.py.20260711_142811.bak,application/octet-stream,396,2026-07-11T10:23:23.000Z
1rz7WA81BW0Edg-QBD8JyiSSaWXS4I1f_,ROOT/backups/landingpage_compliance/compliance_engine.py.20260711_154248.bak,compliance_engine.py.20260711_154248.bak,application/octet-stream,2789,2026-07-11T10:23:23.000Z
1PMFZJvCsKx3pMxL0qmqgXFLEBGllnUa9,ROOT/backups/landingpage_compliance/affiliate_engine.py.20260711_153950.bak,affiliate_engine.py.20260711_153950.bak,application/octet-stream,506,2026-07-11T10:23:23.000Z
1QWpZTVg19PUIWip9CBIvQDCRpk0GBqyV,ROOT/backups/landingpage_compliance/main.py.20260711_155522.bak,main.py.20260711_155522.bak,application/octet-stream,2983,2026-07-11T10:23:23.000Z
1bQ-xZng_26-p8msEKJUMQufMFSqFzshJ,ROOT/backups/AI_MARKETING_SYSTEM_MASTER_STATUS_V4.txt,AI_MARKETING_SYSTEM_MASTER_STATUS_V4.txt,text/plain,1232,2026-07-09T18:55:19.000Z
1Y7gC4KNh2BSLokWsnpGubpmYoTvaNHbX,ROOT/backups/sheets,sheets,application/vnd.google-apps.folder,,2026-07-03T23:53:11.077Z
1eRxjsy4SDGLknulPbHy1aVsLxcmgFflD,ROOT/backups/system,system,application/vnd.google-apps.folder,,2026-07-03T23:53:11.072Z
13-WboolJnInEDtdsqXbqHG4Vxc1L95Uz,ROOT/backups/blogger_cleanup,blogger_cleanup,application/vnd.google-apps.folder,,2026-07-01T17:50:46.166Z
1So7vVPIfmkO4HrYea6FPXCK5fFKTEbSq,ROOT/backups/blogger_cleanup/automation_prompt_library_backup_20260701_175046.csv,automation_prompt_library_backup_20260701_175046.csv,text/csv,46,2026-07-01T17:51:23.594Z
1g1nQ2R_oiWrtdJxfplobn5TUTB6XMwZf,ROOT/backups/blogger_cleanup/partner_knowledge_backup_20260701_175046.csv,partner_knowledge_backup_20260701_175046.csv,text/csv,51,2026-07-01T17:51:22.847Z
1VEBzs00f_urdJ8fAZ3lihzMQUXwgS-gd,ROOT/backups/blogger_cleanup/agent_memory_library_backup_20260701_175046.csv,agent_memory_library_backup_20260701_175046.csv,text/csv,41,2026-07-01T17:51:22.679Z
1JQvzttY3C0WznnDaR6noVpqil0gbfj1J,ROOT/backups/blogger_cleanup/workflow_templates_backup_20260701_175046.csv,workflow_templates_backup_20260701_175046.csv,text/csv,42,2026-07-01T17:51:22.374Z
154BrRFok4-C9LzP3PgLGVcC7R8ivEosg,ROOT/backups/blogger_cleanup/prompt_library_backup_20260701_175046.csv,prompt_library_backup_20260701_175046.csv,text/csv,51,2026-07-01T17:51:22.208Z
19DwvJMe-G4QLuteFZhtJ-AD896Usr474,ROOT/backups/blogger_cleanup/pinterest_statistics_backup_20260701_175046.csv,pinterest_statistics_backup_20260701_175046.csv,text/csv,52,2026-07-01T17:51:22.053Z
1XW-FUOxJFNS9CGwgES4hghTsOsF55O3Q,ROOT/backups/blogger_cleanup/pinterest_templates_backup_20260701_175046.csv,pinterest_templates_backup_20260701_175046.csv,text/csv,61,2026-07-01T17:51:21.871Z
17B4fDqKR62pMesvoPYZOrhUSw0lEAxC-,ROOT/backups/blogger_cleanup/pinterest_posts_backup_20260701_175046.csv,pinterest_posts_backup_20260701_175046.csv,text/csv,59,2026-07-01T17:51:21.719Z
1sfJbPGHoqglItx71iM3S5OtVfL6qWuNQ,ROOT/backups/blogger_cleanup/youtube_comments_backup_20260701_175046.csv,youtube_comments_backup_20260701_175046.csv,text/csv,54,2026-07-01T17:51:21.537Z
1tbYtIHAjNlp75y0G-y9lWl2rn6-w5ECe,ROOT/backups/blogger_cleanup/youtube_statistics_backup_20260701_175046.csv,youtube_statistics_backup_20260701_175046.csv,text/csv,57,2026-07-01T17:51:21.369Z
1sWplEh3vjA5v9STsKvTcjYqWGcnlBp8x,ROOT/backups/blogger_cleanup/youtube_playlists_backup_20260701_175046.csv,youtube_playlists_backup_20260701_175046.csv,text/csv,51,2026-07-01T17:51:21.218Z
1ez0A4LFZnYtGzWgCTOT9g_-a7rO9WM-_,ROOT/backups/blogger_cleanup/youtube_uploads_backup_20260701_175046.csv,youtube_uploads_backup_20260701_175046.csv,text/csv,68,2026-07-01T17:51:21.048Z
1iFuSGRyiCh_2Tf0AqYXok64G_swbVlhz,ROOT/backups/blogger_cleanup/effect_library_backup_20260701_175046.csv,effect_library_backup_20260701_175046.csv,text/csv,45,2026-07-01T17:51:20.864Z
1Kt1heXHAvT6EZCL62nsJLvYoMD2p7z3S,ROOT/backups/blogger_cleanup/music_library_backup_20260701_175046.csv,music_library_backup_20260701_175046.csv,text/csv,45,2026-07-01T17:51:20.715Z
1fKn2ZjVLe1h8Z_F1WH3k5DQUq5sA9din,ROOT/backups/blogger_cleanup/transition_library_backup_20260701_175046.csv,transition_library_backup_20260701_175046.csv,text/csv,39,2026-07-01T17:51:20.555Z
1ZXaxayJ_rgy4edcMfYrfsl7jgYwbT1x9,ROOT/backups/blogger_cleanup/scene_library_backup_20260701_175046.csv,scene_library_backup_20260701_175046.csv,text/csv,51,2026-07-01T17:51:20.392Z
1Y3E5gKpb3jdB9mhEfccDRrFmqH-18E9C,ROOT/backups/blogger_cleanup/outro_library_backup_20260701_175046.csv,outro_library_backup_20260701_175046.csv,text/csv,37,2026-07-01T17:51:20.230Z
1DMfPbL4-HVhKd6PrA83_akybfGvYaRc9,ROOT/backups/blogger_cleanup/intro_library_backup_20260701_175046.csv,intro_library_backup_20260701_175046.csv,text/csv,37,2026-07-01T17:51:20.049Z
1FEaGQ-_gqC8jJ7rqXZO0VpXbsjnJkh4T,ROOT/backups/blogger_cleanup/video_styles_backup_20260701_175046.csv,video_styles_backup_20260701_175046.csv,text/csv,41,2026-07-01T17:51:19.871Z
1NVNtCNhyUe-Re3DFX7LNoXKLSBezhTv7,ROOT/backups/blogger_cleanup/voice_profiles_backup_20260701_175046.csv,voice_profiles_backup_20260701_175046.csv,text/csv,53,2026-07-01T17:51:19.657Z
1juugg96g_8vZvjQ07hxnNepFWLfmwHyh,ROOT/backups/blogger_cleanup/thumbnail_templates_backup_20260701_175046.csv,thumbnail_templates_backup_20260701_175046.csv,text/csv,38,2026-07-01T17:51:19.495Z
1_Cuy-9X4nrydqfH6lkpPjtr4QkUS9YTV,ROOT/backups/blogger_cleanup/cta_library_backup_20260701_175046.csv,cta_library_backup_20260701_175046.csv,text/csv,39,2026-07-01T17:51:19.342Z
1VkkP6qVId1x-WUezXVeiF5CihqPxOuIq,ROOT/backups/blogger_cleanup/hook_library_backup_20260701_175046.csv,hook_library_backup_20260701_175046.csv,text/csv,41,2026-07-01T17:51:19.164Z
1y8aPAprMfXNycZVrtjIPcUlV5noCUymf,ROOT/backups/blogger_cleanup/script_templates_backup_20260701_175046.csv,script_templates_backup_20260701_175046.csv,text/csv,53,2026-07-01T17:51:18.968Z
1v-yLsMku0CMcMQe_2NoGnDyebpfkZ30N,ROOT/backups/blogger_cleanup/video_reviews_backup_20260701_175046.csv,video_reviews_backup_20260701_175046.csv,text/csv,5105,2026-07-01T17:51:18.811Z
145yM-rDZkdtqcCjg5zv9SdevXP-VQ49h,ROOT/backups/blogger_cleanup/video_cta_backup_20260701_175046.csv,video_cta_backup_20260701_175046.csv,text/csv,17262,2026-07-01T17:51:18.651Z
12d0XvnsP5VnqzYfvlzfDQUTHNmfZfR5S,ROOT/backups/blogger_cleanup/video_chapters_backup_20260701_175046.csv,video_chapters_backup_20260701_175046.csv,text/csv,59,2026-07-01T17:51:18.486Z
16FfCk5yZFgggkqNV19t7ajCsNUm3suUz,ROOT/backups/blogger_cleanup/video_subtitles_backup_20260701_175046.csv,video_subtitles_backup_20260701_175046.csv,text/csv,61,2026-07-01T17:51:18.318Z
133qVQLv4pIZ8eqKSVrZhs5TeYH6KMN8H,ROOT/backups/blogger_cleanup/video_music_backup_20260701_175046.csv,video_music_backup_20260701_175046.csv,text/csv,46,2026-07-01T17:51:18.137Z
1IRIAeYG0xQwH2vepXpRNmHTs3NslsVYv,ROOT/backups/blogger_cleanup/video_thumbnails_backup_20260701_175046.csv,video_thumbnails_backup_20260701_175046.csv,text/csv,66,2026-07-01T17:51:17.893Z
1ADgl-gMqRVLdLEt-9ZPxMynllXPQ-ms8,ROOT/backups/blogger_cleanup/video_logs_backup_20260701_175046.csv,video_logs_backup_20260701_175046.csv,text/csv,6989,2026-07-01T17:51:17.700Z
12kOBeEmH148fLxJW_Y_748vWJqV2X3D4,ROOT/backups/blogger_cleanup/video_templates_backup_20260701_175046.csv,video_templates_backup_20260701_175046.csv,text/csv,67,2026-07-01T17:51:17.553Z
1ea6mXBDrQ5ogCaWkftMN4i2WNWO4SRWC,ROOT/backups/blogger_cleanup/video_learning_backup_20260701_175046.csv,video_learning_backup_20260701_175046.csv,text/csv,62,2026-07-01T17:51:17.335Z
1Nn297wXas-nIq7n_4h8KjWyDrN8k17tb,ROOT/backups/blogger_cleanup/video_statistics_backup_20260701_175046.csv,video_statistics_backup_20260701_175046.csv,text/csv,76,2026-07-01T17:51:17.155Z
10-kbc__wL-NiledeGHD6Kz5bgS1t-Ex5,ROOT/backups/blogger_cleanup/video_publish_queue_backup_20260701_175046.csv,video_publish_queue_backup_20260701_175046.csv,text/csv,5867,2026-07-01T17:51:16.966Z
1S6RHvNSgjzI4bDg78NBI5zZ4LuakB6j6,ROOT/backups/blogger_cleanup/video_render_queue_backup_20260701_175046.csv,video_render_queue_backup_20260701_175046.csv,text/csv,76,2026-07-01T17:51:16.803Z
1aM72cIrk29sx1DPNxgq7ddeD2wyZHI1S,ROOT/backups/blogger_cleanup/video_voice_backup_20260701_175046.csv,video_voice_backup_20260701_175046.csv,text/csv,80,2026-07-01T17:51:16.628Z
1vt-NiISY9oPwckKOkPLeHNOcpgrsJfr_,ROOT/backups/blogger_cleanup/video_assets_backup_20260701_175046.csv,video_assets_backup_20260701_175046.csv,text/csv,84,2026-07-01T17:51:16.471Z
1juUsIRjegKn28K_AAC8Js6fLlQ1M35Qi,ROOT/backups/blogger_cleanup/video_scripts_backup_20260701_175046.csv,video_scripts_backup_20260701_175046.csv,text/csv,26961,2026-07-01T17:51:16.287Z
16e54qB26mZUHn2qMBJxbV8hR9x5ipxkM,ROOT/backups/blogger_cleanup/video_projects_backup_20260701_175046.csv,video_projects_backup_20260701_175046.csv,text/csv,9407,2026-07-01T17:51:16.125Z
1SaEA9GjDWeSOyvgz2OBZB9tpVrvL67Gz,ROOT/backups/blogger_cleanup/business_knowledge_base_backup_20260701_175046.csv,business_knowledge_base_backup_20260701_175046.csv,text/csv,630,2026-07-01T17:51:15.947Z
19cXCXP40SiebB8D-0zXLXmPK2JQjTmCM,ROOT/backups/blogger_cleanup/business_settings_backup_20260701_175046.csv,business_settings_backup_20260701_175046.csv,text/csv,540,2026-07-01T17:51:15.764Z
13yd6HYe5gyUVZCll65jmkFCUcve1K404,ROOT/backups/blogger_cleanup/ai_settings_backup_20260701_175046.csv,ai_settings_backup_20260701_175046.csv,text/csv,321,2026-07-01T17:51:15.597Z
100OQIwsm08g6RLRm3asiZ21TTblcC6FB,ROOT/backups/blogger_cleanup/seo_settings_backup_20260701_175046.csv,seo_settings_backup_20260701_175046.csv,text/csv,491,2026-07-01T17:51:15.427Z
1RzK9tSPS2d7wP4zjcc8Fe-Su84b3KdQh,ROOT/backups/blogger_cleanup/video_settings_backup_20260701_175046.csv,video_settings_backup_20260701_175046.csv,text/csv,358,2026-07-01T17:51:15.224Z
1ui4dET3IsJXGYcX6tE23w2d25BwOA6qj,ROOT/backups/blogger_cleanup/publish_settings_backup_20260701_175046.csv,publish_settings_backup_20260701_175046.csv,text/csv,356,2026-07-01T17:51:15.057Z
1Tu7MS-cg_enCiPfYdPkLmXWpHrVwHfCX,ROOT/backups/blogger_cleanup/platform_settings_backup_20260701_175046.csv,platform_settings_backup_20260701_175046.csv,text/csv,369,2026-07-01T17:51:14.894Z
1vJNyYk3BSM_pl6Ju1WhTEgOpXK7ljnmB,ROOT/backups/blogger_cleanup/branding_backup_20260701_175046.csv,branding_backup_20260701_175046.csv,text/csv,325,2026-07-01T17:51:14.750Z
1xFmv9Qg-qAEIIuK5M6JuF9nBwr1d-wfr,ROOT/backups/blogger_cleanup/system_settings_backup_20260701_175046.csv,system_settings_backup_20260701_175046.csv,text/csv,362,2026-07-01T17:51:14.588Z
1gknalmK9xSZ2yEs6Htl9Yn6masRWMi3P,ROOT/backups/blogger_cleanup/email_events_backup_20260701_175046.csv,email_events_backup_20260701_175046.csv,text/csv,79,2026-07-01T17:51:14.380Z
1WmJDIqI-_WE9s7EWH2yAF1yhzELa3mm6,ROOT/backups/blogger_cleanup/email_templates_backup_20260701_175046.csv,email_templates_backup_20260701_175046.csv,text/csv,70,2026-07-01T17:51:14.206Z
1Oz0OeQrjsColy_5z7Iiyy7juKyC8rm7C,ROOT/backups/blogger_cleanup/newsletter_logs_backup_20260701_175046.csv,newsletter_logs_backup_20260701_175046.csv,text/csv,77,2026-07-01T17:51:14.037Z
1YDEKa3S3mVHaqvel2wEjQpZWLdh4Y_kC,ROOT/backups/blogger_cleanup/newsletter_queue_backup_20260701_175046.csv,newsletter_queue_backup_20260701_175046.csv,text/csv,90,2026-07-01T17:51:13.790Z
1Bh-HbOCYsV8mb79F5uqzfKcR3Vh-eDWu,ROOT/backups/blogger_cleanup/newsletter_campaigns_backup_20260701_175046.csv,newsletter_campaigns_backup_20260701_175046.csv,text/csv,115,2026-07-01T17:51:13.566Z
1hbToIAn2sl8zVgw3JddzYCxCgiPJYzhu,ROOT/backups/blogger_cleanup/email_subscribers_backup_20260701_175046.csv,email_subscribers_backup_20260701_175046.csv,text/csv,407,2026-07-01T17:51:13.352Z
1wb8wlWrZxihc0es4Ft4CT8nGeNCFvNtB,ROOT/backups/blogger_cleanup/tarifcheck_sales_backup_20260701_175046.csv,tarifcheck_sales_backup_20260701_175046.csv,text/csv,503,2026-07-01T17:51:13.159Z
1tpZwH0kHzJ7l_k4OO1x7P1j_wQps5FbQ,ROOT/backups/blogger_cleanup/deployment_log_v1_backup_20260701_175046.csv,deployment_log_v1_backup_20260701_175046.csv,text/csv,462,2026-07-01T17:51:12.967Z
1KxmHlZoKSJeJPP8EXsvRWmO76nfwo_JG,ROOT/backups/blogger_cleanup/platform_connectors_v1_backup_20260701_175046.csv,platform_connectors_v1_backup_20260701_175046.csv,text/csv,541,2026-07-01T17:51:12.790Z
1IJOX3hhnRk-KYeREQ4f05SdyQokq3ERu,ROOT/backups/blogger_cleanup/publish_log_v1_backup_20260701_175046.csv,publish_log_v1_backup_20260701_175046.csv,text/csv,44347,2026-07-01T17:51:12.588Z
1eLRcrMIYACJDsaSR5uoVoupcvpQiZSlM,ROOT/backups/blogger_cleanup/content_landing_v1_backup_20260701_175046.csv,content_landing_v1_backup_20260701_175046.csv,text/csv,17359,2026-07-01T17:51:12.093Z
1qzxEPZIeGWTRM0xx3-4egGYs5DM9uJLE,ROOT/backups/blogger_cleanup/content_youtube_v1_backup_20260701_175046.csv,content_youtube_v1_backup_20260701_175046.csv,text/csv,17723,2026-07-01T17:51:11.868Z
1bzh6jl3dJ7lBbR1JTGVobzCCUkqP8LYI,ROOT/backups/blogger_cleanup/content_pinterest_v1_backup_20260701_175046.csv,content_pinterest_v1_backup_20260701_175046.csv,text/csv,16617,2026-07-01T17:51:11.659Z
1LZboY1A_Qx-lYKs3SOAiRwlEbWEppbmp,ROOT/backups/blogger_cleanup/traffic_acquisition_v1_backup_20260701_175046.csv,traffic_acquisition_v1_backup_20260701_175046.csv,text/csv,14302,2026-07-01T17:51:11.472Z
1BYzO1uII6nr82SLwcoaAWJ-00V9vKzig,ROOT/backups/blogger_cleanup/distribution_queue_v1_backup_20260701_175046.csv,distribution_queue_v1_backup_20260701_175046.csv,text/csv,20320,2026-07-01T17:51:11.269Z
151zwXZOXvj247TBZ4AEJ4Dr-f2-02P3R,ROOT/backups/blogger_cleanup/traffic_events_v3_backup_20260701_175046.csv,traffic_events_v3_backup_20260701_175046.csv,text/csv,4820,2026-07-01T17:51:11.107Z
12mTLaJgofm5KVhpLwOVqwhEEFhx3uTqF,ROOT/backups/blogger_cleanup/tracking_v2_audit_backup_20260701_175046.csv,tracking_v2_audit_backup_20260701_175046.csv,text/csv,90,2026-07-01T17:51:10.914Z
1Bg5TX7Hmg1CQHNCB_VDI26VQM7e6ld9z,ROOT/backups/blogger_cleanup/final_verify_backup_20260701_175046.csv,final_verify_backup_20260701_175046.csv,text/csv,252,2026-07-01T17:51:10.693Z
11TFdDkcpqHfNBMAW3Z7nv23K5T30tkgt,ROOT/backups/blogger_cleanup/final_issues_backup_20260701_175046.csv,final_issues_backup_20260701_175046.csv,text/csv,35,2026-07-01T17:51:10.497Z
1N7OQ0oIRS7JVffgYrMXzbwrGEoHka32_,ROOT/backups/blogger_cleanup/final_audit_backup_20260701_175046.csv,final_audit_backup_20260701_175046.csv,text/csv,269,2026-07-01T17:51:10.308Z
1-kqENOW3w7fqZDLYTSPkhvKUQcmiOFEQ,ROOT/backups/blogger_cleanup/shell_input_backup_20260701_175046.csv,shell_input_backup_20260701_175046.csv,text/csv,140932,2026-07-01T17:51:10.095Z
1aPpFzspuQP1Cy2Oz-wi8MUCTjDEcAiqV,ROOT/backups/blogger_cleanup/events_live_backup_20260701_175046.csv,events_live_backup_20260701_175046.csv,text/csv,2,2026-07-01T17:51:09.908Z
1SuUrwYfQPyTQLtC8DfmgOm2SrsTHngoh,ROOT/backups/blogger_cleanup/tracking_backup_20260701_175046.csv,tracking_backup_20260701_175046.csv,text/csv,142,2026-07-01T17:51:09.653Z
1T4pYbUewFCBtrNwhvqJeRUeNtCQetRAT,ROOT/backups/blogger_cleanup/dashboard_live_backup_20260701_175046.csv,dashboard_live_backup_20260701_175046.csv,text/csv,558,2026-07-01T17:51:09.437Z
1zCSVutryRbg4K_Pq4Z6PMLQE1BJcpU_I,ROOT/backups/blogger_cleanup/pinterest_queue_backup_20260701_175046.csv,pinterest_queue_backup_20260701_175046.csv,text/csv,125,2026-07-01T17:51:09.251Z
1knepZ2Vz84GhvFZ94O7S86rDSO9NnDe0,ROOT/backups/blogger_cleanup/money_system_backup_20260701_175046.csv,money_system_backup_20260701_175046.csv,text/csv,68,2026-07-01T17:51:09.067Z
19dWN_hkOQdnMnaFI1CLK3tPt7itdBNaB,ROOT/backups/blogger_cleanup/performance_backup_20260701_175046.csv,performance_backup_20260701_175046.csv,text/csv,159,2026-07-01T17:51:08.854Z
1ywLddkYM2sMsA7LqShrIHbAoy3zsVkTI,ROOT/backups/blogger_cleanup/conversions_backup_20260701_175046.csv,conversions_backup_20260701_175046.csv,text/csv,84,2026-07-01T17:51:08.644Z
1dnhaomsW_SPi0JNcRueRbcJ7hVmkcMZS,ROOT/backups/blogger_cleanup/clicks_backup_20260701_175046.csv,clicks_backup_20260701_175046.csv,text/csv,1719,2026-07-01T17:51:08.331Z
1xuCxLHgStRwFRayruuPuqTlestjD-5Yp,ROOT/backups/blogger_cleanup/execution_logs_backup_20260701_175046.csv,execution_logs_backup_20260701_175046.csv,text/csv,526,2026-07-01T17:51:08.141Z
1Iy0DBhTH0LyorJvOsw0XUDibBI_AUnNz,ROOT/backups/blogger_cleanup/real_event_integration_v2_backup_20260701_175046.csv,real_event_integration_v2_backup_20260701_175046.csv,text/csv,295,2026-07-01T17:51:07.623Z
1CR4aypcIjjJUpr9v5NiVOv0RU2qtclvp,ROOT/backups/blogger_cleanup/real_world_state_coupling_v1_backup_20260701_175046.csv,real_world_state_coupling_v1_backup_20260701_175046.csv,text/csv,10670,2026-07-01T17:51:07.402Z
1hil_DZvPo1M_CDJCSy2BCaTv4mYnnBYO,ROOT/backups/blogger_cleanup/platform_sync_log_v1_backup_20260701_175046.csv,platform_sync_log_v1_backup_20260701_175046.csv,text/csv,7995,2026-07-01T17:51:07.224Z
1HGTxIgtR7QmJMGnnhlUSBhQbO8OqHp1h,ROOT/backups/blogger_cleanup/platform_verification_v2_backup_20260701_175046.csv,platform_verification_v2_backup_20260701_175046.csv,text/csv,9706,2026-07-01T17:51:07.015Z
1FwxMrAp3-M0KII4Y5GDrr8oDFtoeMatV,ROOT/backups/blogger_cleanup/real_api_execution_log_v1_backup_20260701_175046.csv,real_api_execution_log_v1_backup_20260701_175046.csv,text/csv,12438,2026-07-01T17:51:06.803Z
1cPqQJN-HaG35KoGLqU5AnpvotEZW6tkc,ROOT/backups/blogger_cleanup/real_world_connector_log_v1_backup_20260701_175046.csv,real_world_connector_log_v1_backup_20260701_175046.csv,text/csv,9664,2026-07-01T17:51:06.621Z
1DR9E2GXLBdcPGaaUF7VTP4vYuG3wrKEQ,ROOT/backups/blogger_cleanup/business_verification_log_v1_backup_20260701_175046.csv,business_verification_log_v1_backup_20260701_175046.csv,text/csv,23590,2026-07-01T17:51:06.387Z
1XuE1VOZJAHNOsS3g1rINV5EiCX-QnU7o,ROOT/backups/blogger_cleanup/real_money_strategy_v1_backup_20260701_175046.csv,real_money_strategy_v1_backup_20260701_175046.csv,text/csv,2568,2026-07-01T17:51:06.213Z
1nGqXjv4bP-4XRlg91jMW0lQzqjqwueYM,ROOT/backups/blogger_cleanup/real_money_metrics_v1_backup_20260701_175046.csv,real_money_metrics_v1_backup_20260701_175046.csv,text/csv,11591,2026-07-01T17:51:05.994Z
1cdKVUcHprWa4m4yUF0DIUAPcFlLdChX5,ROOT/backups/blogger_cleanup/ecosystem_state_v1_backup_20260701_175046.csv,ecosystem_state_v1_backup_20260701_175046.csv,text/csv,10877,2026-07-01T17:51:05.792Z
1U_iEL_oIs9yRzyueV0ES0CwnQpm8sYwK,ROOT/backups/blogger_cleanup/data_governor_health_v1_backup_20260701_175046.csv,data_governor_health_v1_backup_20260701_175046.csv,text/csv,91,2026-07-01T17:51:05.581Z
1ZAqWrZBjhnmn_YaWjOsAFppkRPfwIxzd,ROOT/backups/blogger_cleanup/master_business_data_v1_backup_20260701_175046.csv,master_business_data_v1_backup_20260701_175046.csv,text/csv,12235,2026-07-01T17:51:05.281Z
1h2AhpDeP-tmAx-ASdca_vUe6bTEuvgF5,ROOT/backups/blogger_cleanup/video_variation_engine_v2_backup_20260701_175046.csv,video_variation_engine_v2_backup_20260701_175046.csv,text/csv,19162,2026-07-01T17:51:04.888Z
1n5r6U7xs9zTkxgNh6nNERbVXS-jeuwYt,ROOT/backups/blogger_cleanup/human_video_engine_v1_backup_20260701_175046.csv,human_video_engine_v1_backup_20260701_175046.csv,text/csv,14360,2026-07-01T17:51:04.689Z
1nhizyHwgeAdrptlE2OAdaS99qVvmI6BG,ROOT/backups/blogger_cleanup/master_content_system_v1_backup_20260701_175046.csv,master_content_system_v1_backup_20260701_175046.csv,text/csv,4663,2026-07-01T17:51:04.483Z
1qbmRDTq2VyexzhLPijIny8xP3w0H0eVO,ROOT/backups/blogger_cleanup/api_execution_log_v1_backup_20260701_175046.csv,api_execution_log_v1_backup_20260701_175046.csv,text/csv,11567,2026-07-01T17:51:04.290Z
1xo5DvFb7cH3G9_QeRdkmnx8t3DhfIbuT,ROOT/backups/blogger_cleanup/live_publish_log_v1_backup_20260701_175046.csv,live_publish_log_v1_backup_20260701_175046.csv,text/csv,10752,2026-07-01T17:51:04.091Z
1iDYmw9Rob1ZTrgf-thCuSlhbZrbMK53q,ROOT/backups/blogger_cleanup/ignored_queue_v1_backup_20260701_175046.csv,ignored_queue_v1_backup_20260701_175046.csv,text/csv,574,2026-07-01T17:51:03.896Z
1zr4F8XGpkG8etn7Tsj1h6xk-1lK7uqiP,ROOT/backups/blogger_cleanup/pinterest_queue_v1_backup_20260701_175046.csv,pinterest_queue_v1_backup_20260701_175046.csv,text/csv,336,2026-07-01T17:51:03.742Z
1YY1hoQToJ1rY4__p2ltTK7Q2ATBb-7ct,ROOT/backups/blogger_cleanup/youtube_queue_v1_backup_20260701_175046.csv,youtube_queue_v1_backup_20260701_175046.csv,text/csv,416,2026-07-01T17:51:03.528Z
1H1Ay_96yvF8M2JxhQE1SIU1ysAtB5Yd9,ROOT/backups/blogger_cleanup/reality_bound_v1_backup_20260701_175046.csv,reality_bound_v1_backup_20260701_175046.csv,text/csv,1637,2026-07-01T17:51:03.315Z
1l1U4eXZUql0RJ7kcX8XWPIJarmOPMrTi,ROOT/backups/video_engine_v1_complete,video_engine_v1_complete,application/vnd.google-apps.folder,,2026-07-01T17:43:22.100Z
13ChjooVY1Cu2jJv1NI_KgBP8N_znIqSn,ROOT/backups/video_quality_audit,video_quality_audit,application/vnd.google-apps.folder,,2026-07-01T17:26:39.232Z
1w_jJnLZwlcBZ6ar4CFhM01QpAKVDTM_j,ROOT/backups/video_quality_audit/video_logs_backup_20260701_172639.csv,video_logs_backup_20260701_172639.csv,text/csv,6811,2026-07-01T17:26:41.540Z
1Oo_WYgit3PZAxarjBa8vCGKp5av5l9RD,ROOT/backups/video_project_generator_all,video_project_generator_all,application/vnd.google-apps.folder,,2026-07-01T17:11:43.255Z
1IlzRt6QqDMOPNgiITALMzaMFrwgUay-6,ROOT/backups/video_project_generator_all/video_logs_backup_20260701_171143.csv,video_logs_backup_20260701_171143.csv,text/csv,6680,2026-07-01T17:14:18.785Z
1cxlmETJQffz1Hd9FNNIym3S7Ewcydeq8,ROOT/backups/video_project_generator,video_project_generator,application/vnd.google-apps.folder,,2026-07-01T16:38:14.237Z
19E_A8wo6r1JxMc-IIw-ros6_Ndpunc06,ROOT/backups/video_project_generator/video_logs_backup_20260701_163814.csv,video_logs_backup_20260701_163814.csv,text/csv,204,2026-07-01T16:38:19.464Z
1cqZTHJGhZi2TMe0mtgFw0AYiSPTvjjmC,ROOT/backups/video_project_generator/video_publish_queue_backup_20260701_163814.csv,video_publish_queue_backup_20260701_163814.csv,text/csv,208,2026-07-01T16:38:19.144Z
1Qt8eb5kREMm6rxIdWnEnscFybcfYaGNc,ROOT/backups/video_project_generator/video_cta_backup_20260701_163814.csv,video_cta_backup_20260701_163814.csv,text/csv,434,2026-07-01T16:38:18.795Z
1LnNtmNlcHwfel0MMdAN3sVVZCDUT506P,ROOT/backups/video_project_generator/video_scripts_backup_20260701_163814.csv,video_scripts_backup_20260701_163814.csv,text/csv,635,2026-07-01T16:38:18.436Z
18oG4rCTwauwdU5HHB3b9QappTFihFlVs,ROOT/backups/video_project_generator/video_projects_backup_20260701_163814.csv,video_projects_backup_20260701_163814.csv,text/csv,274,2026-07-01T16:38:18.058Z
1XlNpEtnySltisEA9oOaYNi6ZZX8TN3U-,ROOT/backups/video_foundation,video_foundation,application/vnd.google-apps.folder,,2026-07-01T16:13:48.196Z
1aZkwShr6lQxVGbK84-2sneiLAGdGk_-B,ROOT/backups/full_system_audit,full_system_audit,application/vnd.google-apps.folder,,2026-07-01T15:29:58.674Z
1SPB8BaUX-usshTCTJoy6LeDg9XMx_taw,ROOT/backups/full_system_audit/business_settings_backup_20260701_153248.csv,business_settings_backup_20260701_153248.csv,text/csv,370,2026-07-01T15:33:20.618Z
1IYx419RUvBIxhZIAsvSzqmOPAxDW57xu,ROOT/backups/full_system_audit/real_money_metrics_v1_backup_20260701_153248.csv,real_money_metrics_v1_backup_20260701_153248.csv,text/csv,11586,2026-07-01T15:33:11.108Z
1Bq-LwUAQA88ZrZn3o1j7ibRDpY__ErmY,ROOT/backups/full_system_audit/master_business_data_v1_backup_20260701_153248.csv,master_business_data_v1_backup_20260701_153248.csv,text/csv,12235,2026-07-01T15:33:10.517Z
1EA86FU4i8AZ56iJj_olwSuuTYTnEw74B,ROOT/backups/full_system_audit/master_content_system_v1_backup_20260701_153248.csv,master_content_system_v1_backup_20260701_153248.csv,text/csv,4663,2026-07-01T15:33:09.709Z
1DIWWSlnBUZFojOwLXHaV-f4me0i9e5I_,ROOT/backups/full_system_audit/real_business_output_v1_backup_20260701_153248.csv,real_business_output_v1_backup_20260701_153248.csv,text/csv,4182,2026-07-01T15:33:07.373Z
1SLT1_O8gsaTniAWkaUX6VWoVzv5QNfLg,ROOT/backups/full_system_audit/market_equilibrium_v1_backup_20260701_153248.csv,market_equilibrium_v1_backup_20260701_153248.csv,text/csv,2448,2026-07-01T15:33:07.152Z
1G4xFjBE0iAlyP3CjX_BmjVskIBOQ9xrW,ROOT/backups/full_system_audit/performance_layer_v1_backup_20260701_153248.csv,performance_layer_v1_backup_20260701_153248.csv,text/csv,2910,2026-07-01T15:33:03.749Z
1Bu0TbwPT1fcuetxYzMkdUAveYmIz6j6d,ROOT/backups/full_system_audit/master_data_backup_20260701_153248.csv,master_data_backup_20260701_153248.csv,text/csv,1645,2026-07-01T15:32:58.344Z
1TfC0maXUt_u2VP7LTSb5psL91fifH7TB,ROOT/backups/full_system_audit/click_events_backup_20260701_153248.csv,click_events_backup_20260701_153248.csv,text/csv,1677,2026-07-01T15:32:53.715Z
170tJUlyLillJf_3xFVa4Ne-lzZTKYJfD,ROOT/backups/system_config,system_config,application/vnd.google-apps.folder,,2026-07-01T15:17:42.652Z
14PugE9un8qe-yMd0gFHwjgifYvBF7te7,ROOT/backups/system_config/business_knowledge_base_backup_20260701_152119.csv,business_knowledge_base_backup_20260701_152119.csv,text/csv,689,2026-07-01T15:21:23.532Z
1C69KM1BShJyJGmLq9GhzEFGVoZws3Gp2,ROOT/backups/system_config/business_settings_backup_20260701_152119.csv,business_settings_backup_20260701_152119.csv,text/csv,414,2026-07-01T15:21:23.166Z
1SqdXSHkR37liazSl3z0JQnRZVtRsYagc,ROOT/backups/system_config/ai_settings_backup_20260701_152119.csv,ai_settings_backup_20260701_152119.csv,text/csv,365,2026-07-01T15:21:22.806Z
1__S_xdlwIOzKSvdLT22QivuDQPGYwpvT,ROOT/backups/system_config/seo_settings_backup_20260701_152119.csv,seo_settings_backup_20260701_152119.csv,text/csv,535,2026-07-01T15:21:22.419Z
1p7XveiSG3c8Q9f3W0gNNZFmYx1Z0Zd1g,ROOT/backups/system_config/video_settings_backup_20260701_152119.csv,video_settings_backup_20260701_152119.csv,text/csv,402,2026-07-01T15:21:22.012Z
1mZG5V-wNOpjizMVXvlHXXSROEY3WnZi3,ROOT/backups/system_config/publish_settings_backup_20260701_152119.csv,publish_settings_backup_20260701_152119.csv,text/csv,400,2026-07-01T15:21:21.626Z
1MhPZn7z2Xq7llY56sRYk2Xnl0LqSwNHP,ROOT/backups/system_config/platform_settings_backup_20260701_152119.csv,platform_settings_backup_20260701_152119.csv,text/csv,413,2026-07-01T15:21:21.208Z
1nPNhUn-PcOY-1p8axYmIt4W6CjpuPW6p,ROOT/backups/system_config/branding_backup_20260701_152119.csv,branding_backup_20260701_152119.csv,text/csv,369,2026-07-01T15:21:20.744Z
1BAX-V7NujfJWcnbr_TMp_bQEa_xGp5r7,ROOT/backups/system_config/system_settings_backup_20260701_152119.csv,system_settings_backup_20260701_152119.csv,text/csv,406,2026-07-01T15:21:20.175Z
1Kq7n9TPorebLB7JlzYNO7dDm7pHG4zhd,ROOT/backups/email_subscribers_backup_20260630_183904.csv,email_subscribers_backup_20260630_183904.csv,text/csv,162,2026-06-30T18:39:06.171Z
1ITL1BMmRT1UuMvG9VekLQsoKAHJ6jKdB,ROOT/backups/tarifcheck_sales_backup_20260630_183904.csv,tarifcheck_sales_backup_20260630_183904.csv,text/csv,113,2026-06-30T18:39:05.868Z
1eXq9f5ytCIvYKMzlrhsQaioXibzHWmYt,ROOT/backups/FINAL_SYSTEM_BACKUP_V1_20260615_133401,FINAL_SYSTEM_BACKUP_V1_20260615_133401,application/vnd.google-apps.folder,,2026-06-15T13:34:02.000Z
1CPDwuCpSm8KtNSSSOZWiquJtAAwG6h3f,ROOT/backups/FINAL_SYSTEM_BACKUP_V1_20260615_133401/secrets,secrets,application/vnd.google-apps.folder,,2026-06-15T13:21:12.000Z
1yJnivfy2LexSJdiUC0SP0tSs0EKi7bjq,ROOT/backups/FINAL_SYSTEM_BACKUP_V1_20260615_133401/assets,assets,application/vnd.google-apps.folder,,2026-06-10T05:36:57.000Z
1NDlq4NOsru4fTDqbkmJM6QDVqMKo4TdV,ROOT/backups/FINAL_SYSTEM_BACKUP_V1_20260615_133401/bilder,bilder,application/vnd.google-apps.folder,,2026-06-08T05:51:42.000Z
1Fsw59ZEALHfQfK_Dj0LUvrU_oniym-Dy,ROOT/backups/FINAL_SYSTEM_BACKUP_V1_20260615_133401/bilder/produkte,produkte,application/vnd.google-apps.folder,,2026-06-09T07:10:29.000Z
1R_mfj_pJnJKluyYzYROZXHEcmgJkfS7c,ROOT/backups/FINAL_SYSTEM_BACKUP_20260612_094039_FINAL,FINAL_SYSTEM_BACKUP_20260612_094039_FINAL,application/vnd.google-apps.folder,,2026-06-12T09:40:39.219Z
17yvn4Dll_5tOjMe8ExQvKwGilhm2X4JH,ROOT/backups/FINAL_SYSTEM_BACKUP_20260612_094039_FINAL/secrets,secrets,application/vnd.google-apps.folder,,2026-06-12T08:15:38.000Z
1MOnWkfAIDelC2JyxMfKYNML9KtN7tse_,ROOT/backups/FINAL_SYSTEM_BACKUP_20260612_094039_FINAL/bilder,bilder,application/vnd.google-apps.folder,,2026-06-08T05:51:42.000Z
1B7LbV86SiyBwy0jfkUyKw1o8b4K4UB0-,ROOT/backups/FINAL_SYSTEM_BACKUP_20260612_094039_FINAL/bilder/produkte,produkte,application/vnd.google-apps.folder,,2026-06-09T07:10:29.000Z
1niHwFO7afiopijXA62uq9aYBMD9oixwF,ROOT/backups/FINAL_SYSTEM_BACKUP_V3_SAFE_20260612_055121,FINAL_SYSTEM_BACKUP_V3_SAFE_20260612_055121,application/vnd.google-apps.folder,,2026-06-12T05:51:21.502Z
1vRpzWgDCvIEQrgoQY_QWiChOQQfRMyUE,ROOT/backups/FINAL_SYSTEM_BACKUP_V3_SAFE_20260612_055121/secrets,secrets,application/vnd.google-apps.folder,,2026-06-12T05:37:26.000Z
1GElXAQodQ3JnN6DWXv3Ik1UXbTZ-B1xg,ROOT/backups/FINAL_SYSTEM_BACKUP_V3_SAFE_20260612_055121/bilder,bilder,application/vnd.google-apps.folder,,2026-06-08T05:51:42.000Z
1sUnOVjtK7WX4cU1Fl9Qu5fHvOf0sXMzv,ROOT/backups/FINAL_SYSTEM_BACKUP_V3_SAFE_20260612_055121/bilder/produkte,produkte,application/vnd.google-apps.folder,,2026-06-09T07:10:29.000Z
17nw2zPFDPCXeRw5nKjkCi1zdLP5cCTPV,ROOT/backups/FINAL_SYSTEM_BACKUP_3_20260612_054242,FINAL_SYSTEM_BACKUP_3_20260612_054242,application/vnd.google-apps.folder,,2026-06-12T05:42:42.234Z
11OUFnmjCA_LcqQ0pZnzPnSeW1OFd3lFt,ROOT/backups/FINAL_SYSTEM_BACKUP_3_20260612_054242/backups,backups,application/vnd.google-apps.folder,,2026-06-12T05:42:51.488Z
1wTB3-4QP_-pQGOo4PCdhUldiOTE-RGe0,ROOT/backups/FINAL_SYSTEM_BACKUP_3_20260612_054242/backups/FINAL_SYSTEM_BACKUP_3_20260612_054242,FINAL_SYSTEM_BACKUP_3_20260612_054242,application/vnd.google-apps.folder,,2026-06-12T05:43:38.403Z
1kk3AxTagBznhqIQkq0a_0Nbxz2JLkgGG,ROOT/backups/FINAL_SYSTEM_BACKUP_3_20260612_054242/backups/FINAL_SYSTEM_BACKUP_3_20260612_054242/backups,backups,application/vnd.google-apps.folder,,2026-06-12T05:43:38.983Z
1EJwgznqqseYqJDB5yHivK47cBphINhNN,ROOT/backups/FINAL_SYSTEM_BACKUP_3_20260612_054242/backups/FINAL_SYSTEM_BACKUP_3_20260612_054242/backups/FINAL_SYSTEM_BACKUP_3_20260612_054242,FINAL_SYSTEM_BACKUP_3_20260612_054242,application/vnd.google-apps.folder,,2026-06-12T05:43:43.151Z
1kt4kToVlxV5-INASrrNzIl87VX0vt9xY,ROOT/backups/FINAL_SYSTEM_BACKUP_3_20260612_054242/backups/FINAL_SYSTEM_BACKUP_3_20260612_054242/backups/FINAL_SYSTEM_BACKUP_3_20260612_054242/backups,backups,application/vnd.google-apps.folder,,2026-06-12T05:43:43.786Z
1hzWy_aWSu6r-cricFB3Ap-do-IiAJu8R,ROOT/backups/FINAL_SYSTEM_BACKUP_3_20260612_054242/backups/FINAL_SYSTEM_BACKUP_3_20260612_054242/backups/FINAL_SYSTEM_BACKUP_3_20260612_054242/backups/FINAL_SYSTEM_BACKUP_3_20260612_054242,FINAL_SYSTEM_BACKUP_3_20260612_054242,application/vnd.google-apps.folder,,2026-06-12T05:43:48.077Z
1xKR9WaO4C3d4kIxyT0W_GCeQ0eq8yFen,ROOT/backups/FINAL_SYSTEM_BACKUP_3_20260612_054242/backups/FINAL_SYSTEM_BACKUP_3_20260612_054242/backups/FINAL_SYSTEM_BACKUP_3_20260612_054242/backups/FINAL_SYSTEM_BACKUP_3_20260612_054242/backups,backups,application/vnd.google-apps.folder,,2026-06-12T05:43:48.792Z
1dpKovdNlDNW6gbDiP2eG5fAX9Tb_mZ3g,ROOT/backups/FINAL_SYSTEM_BACKUP_3_20260612_054242/backups/FINAL_SYSTEM_BACKUP_3_20260612_054242/backups/FINAL_SYSTEM_BACKUP_3_20260612_054242/backups/FINAL_SYSTEM_BACKUP_3_20260612_054242/backups/FINAL_SYSTEM_BACKUP_3_20260612_054242,FINAL_SYSTEM_BACKUP_3_20260612_054242,application/vnd.google-apps.folder,,2026-06-12T05:43:53.696Z
10Gm98luBG4ZVQjJj5oA21PleJbL8D0IX,ROOT/backups/FINAL_SYSTEM_BACKUP_3_20260612_054242/backups/FINAL_SYSTEM_BACKUP_3_20260612_054242/backups/FINAL_SYSTEM_BACKUP_3_20260612_054242/backups/FINAL_SYSTEM_BACKUP_3_20260612_054242/backups/FINAL_SYSTEM_BACKUP_3_20260612_054242/backups,backups,application/vnd.google-apps.folder,,2026-06-12T05:43:54.500Z
16M6f0KyLIubcCOWfKJixg3GZpmtTC0wx,ROOT/backups/FINAL_SYSTEM_BACKUP_3_20260612_054242/backups/FINAL_SYSTEM_BACKUP_3_20260612_054242/backups/FINAL_SYSTEM_BACKUP_3_20260612_054242/backups/FINAL_SYSTEM_BACKUP_3_20260612_054242/backups/FINAL_SYSTEM_BACKUP_3_20260612_054242/backups/FINAL_SYSTEM_BACKUP_3_20260612_054242,FINAL_SYSTEM_BACKUP_3_20260612_054242,application/vnd.google-apps.folder,,2026-06-12T05:43:59.401Z
1ZNLDj4wNtOvdRFaaWk9dlDncFOt9041J,ROOT/backups/FINAL_SYSTEM_BACKUP_3_20260612_054242/backups/FINAL_SYSTEM_BACKUP_3_20260612_054242/backups/FINAL_SYSTEM_BACKUP_3_20260612_054242/backups/FINAL_SYSTEM_BACKUP_3_20260612_054242/backups/FINAL_SYSTEM_BACKUP_3_20260612_054242/backups/FINAL_SYSTEM_BACKUP_3_20260612_054242/backups,backups,application/vnd.google-apps.folder,,2026-06-12T05:44:00.141Z
1fmrgXveQ2QHRLvcICmaqGjLXLB0rhVjy,ROOT/backups/FINAL_SYSTEM_BACKUP_3_20260612_054242/backups/FINAL_SYSTEM_BACKUP_3_20260612_054242/backups/FINAL_SYSTEM_BACKUP_3_20260612_054242/backups/FINAL_SYSTEM_BACKUP_3_20260612_054242/backups/FINAL_SYSTEM_BACKUP_3_20260612_054242/backups/FINAL_SYSTEM_BACKUP_3_20260612_054242/backups/FINAL_SYSTEM_BACKUP_3_20260612_054242,FINAL_SYSTEM_BACKUP_3_20260612_054242,application/vnd.google-apps.folder,,2026-06-12T05:44:05.474Z
1MoiA2XO3pEfItLccZYfTDiGxMeujz_RQ,ROOT/backups/FINAL_SYSTEM_BACKUP_3_20260612_054242/backups/FINAL_SYSTEM_BACKUP_3_20260612_054242/backups/FINAL_SYSTEM_BACKUP_3_20260612_054242/backups/FINAL_SYSTEM_BACKUP_3_20260612_054242/backups/FINAL_SYSTEM_BACKUP_3_20260612_054242/backups/FINAL_SYSTEM_BACKUP_3_20260612_054242/backups/FINAL_SYSTEM_BACKUP_3_20260612_054242/backups,backups,application/vnd.google-apps.folder,,2026-06-12T05:44:06.252Z
1KSRW2XsPXBQoLqcHdReWAC45oSVCZHSW,ROOT/backups/FINAL_SYSTEM_BACKUP_3_20260612_054242/backups/FINAL_SYSTEM_BACKUP_3_20260612_054242/backups/FINAL_SYSTEM_BACKUP_3_20260612_054242/backups/FINAL_SYSTEM_BACKUP_3_20260612_054242/backups/FINAL_SYSTEM_BACKUP_3_20260612_054242/backups/FINAL_SYSTEM_BACKUP_3_20260612_054242/backups/FINAL_SYSTEM_BACKUP_3_20260612_054242/backups/FINAL_SYSTEM_BACKUP_3_20260612_054242,FINAL_SYSTEM_BACKUP_3_20260612_054242,application/vnd.google-apps.folder,,2026-06-12T05:44:11.981Z
1wzz1GPNRS3HNwkx2jJeSe6l2EYmZD4ET,ROOT/backups/FINAL_SYSTEM_BACKUP_3_20260612_054242/backups/FINAL_SYSTEM_BACKUP_3_20260612_054242/backups/FINAL_SYSTEM_BACKUP_3_20260612_054242/backups/FINAL_SYSTEM_BACKUP_3_20260612_054242/backups/FINAL_SYSTEM_BACKUP_3_20260612_054242/backups/FINAL_SYSTEM_BACKUP_3_20260612_054242/backups/FINAL_SYSTEM_BACKUP_3_20260612_054242/backups/FINAL_SYSTEM_BACKUP_3_20260612_054242/backups,backups,application/vnd.google-apps.folder,,2026-06-12T05:44:13.316Z
1Xx175eEXScnyGzBExinJGbs2yGMiUCAE,ROOT/backups/FINAL_SYSTEM_BACKUP_3_20260612_054242/backups/FINAL_SYSTEM_BACKUP_3_20260612_054242/backups/FINAL_SYSTEM_BACKUP_3_20260612_054242/backups/FINAL_SYSTEM_BACKUP_3_20260612_054242/backups/FINAL_SYSTEM_BACKUP_3_20260612_054242/backups/FINAL_SYSTEM_BACKUP_3_20260612_054242/backups/FINAL_SYSTEM_BACKUP_3_20260612_054242/backups/FINAL_SYSTEM_BACKUP_3_20260612_054242/backups/FINAL_SYSTEM_BACKUP_3_20260612_054242,FINAL_SYSTEM_BACKUP_3_20260612_054242,application/vnd.google-apps.folder,,2026-06-12T05:44:19.190Z
1m_qxjvQd4yP-K0vpfChgZazSc_1o4a3W,ROOT/backups/FINAL_SYSTEM_BACKUP_3_20260612_054242/backups/FINAL_SYSTEM_BACKUP_3_20260612_054242/backups/FINAL_SYSTEM_BACKUP_3_20260612_054242/backups/FINAL_SYSTEM_BACKUP_3_20260612_054242/backups/FINAL_SYSTEM_BACKUP_3_20260612_054242/backups/FINAL_SYSTEM_BACKUP_3_20260612_054242/backups/FINAL_SYSTEM_BACKUP_3_20260612_054242/backups/FINAL_SYSTEM_BACKUP_3_20260612_054242/backups/FINAL_SYSTEM_BACKUP_3_20260612_054242/backups,backups,application/vnd.google-apps.folder,,2026-06-12T05:44:20.127Z
1NtTOM9gNxjb46k0KgK8hxkaOBfYSBehc,ROOT/backups/FINAL_SYSTEM_BACKUP_3_20260612_054242/backups/FINAL_SYSTEM_BACKUP_3_20260612_054242/backups/FINAL_SYSTEM_BACKUP_3_20260612_054242/backups/FINAL_SYSTEM_BACKUP_3_20260612_054242/backups/FINAL_SYSTEM_BACKUP_3_20260612_054242/backups/FINAL_SYSTEM_BACKUP_3_20260612_054242/backups/FINAL_SYSTEM_BACKUP_3_20260612_054242/backups/FINAL_SYSTEM_BACKUP_3_20260612_054242/backups/FINAL_SYSTEM_BACKUP_3_20260612_054242/backups/FINAL_SYSTEM_BACKUP_3_20260612_054242,FINAL_SYSTEM_BACKUP_3_20260612_054242,application/vnd.google-apps.folder,,2026-06-12T05:44:26.345Z
1ei9YOov2NhSOUk58vCq7SqU30J9PgiFj,ROOT/backups/FINAL_SYSTEM_BACKUP_3_20260612_054242/backups/FINAL_SYSTEM_BACKUP_3_20260612_054242/backups/FINAL_SYSTEM_BACKUP_3_20260612_054242/backups/FINAL_SYSTEM_BACKUP_3_20260612_054242/backups/FINAL_SYSTEM_BACKUP_3_20260612_054242/backups/FINAL_SYSTEM_BACKUP_3_20260612_054242/backups/FINAL_SYSTEM_BACKUP_3_20260612_054242/backups/FINAL_SYSTEM_BACKUP_3_20260612_054242/backups/FINAL_SYSTEM_BACKUP_3_20260612_054242/backups/FINAL_SYSTEM_BACKUP_3_20260612_054242/backups,backups,application/vnd.google-apps.folder,,2026-06-12T05:44:27.499Z
11ZuZbZJaWXwPY_uHoBF7Cw4kgSaIO5Df,ROOT/backups/FINAL_SYSTEM_BACKUP_3_20260612_054242/backups/FINAL_SYSTEM_BACKUP_3_20260612_054242/backups/FINAL_SYSTEM_BACKUP_3_20260612_054242/backups/FINAL_SYSTEM_BACKUP_3_20260612_054242/backups/FINAL_SYSTEM_BACKUP_3_20260612_054242/backups/FINAL_SYSTEM_BACKUP_3_20260612_054242/backups/FINAL_SYSTEM_BACKUP_3_20260612_054242/backups/FINAL_SYSTEM_BACKUP_3_20260612_054242/backups/FINAL_SYSTEM_BACKUP_3_20260612_054242/backups/FINAL_SYSTEM_BACKUP_3_20260612_054242/backups/FINAL_SYSTEM_BACKUP_3_20260612_054242,FINAL_SYSTEM_BACKUP_3_20260612_054242,application/vnd.google-apps.folder,,2026-06-12T05:44:33.705Z
1DPYqVDzX13xSnlAIzTRtrqfTUh6X0BNz,ROOT/backups/FINAL_SYSTEM_BACKUP_3_20260612_054242/backups/FINAL_SYSTEM_BACKUP_3_20260612_054242/backups/FINAL_SYSTEM_BACKUP_3_20260612_054242/backups/FINAL_SYSTEM_BACKUP_3_20260612_054242/backups/FINAL_SYSTEM_BACKUP_3_20260612_054242/backups/FINAL_SYSTEM_BACKUP_3_20260612_054242/backups/FINAL_SYSTEM_BACKUP_3_20260612_054242/backups/FINAL_SYSTEM_BACKUP_3_20260612_054242/backups/FINAL_SYSTEM_BACKUP_3_20260612_054242/backups/FINAL_SYSTEM_BACKUP_3_20260612_054242/backups/FINAL_SYSTEM_BACKUP_3_20260612_054242/backups,backups,application/vnd.google-apps.folder,,2026-06-12T05:44:34.745Z
1BJzouO4XlhJkT7awXdXXPhxzUBlpxWFa,ROOT/backups/FINAL_SYSTEM_BACKUP_3_20260612_054242/backups/FINAL_SYSTEM_BACKUP_3_20260612_054242/backups/FINAL_SYSTEM_BACKUP_3_20260612_054242/backups/FINAL_SYSTEM_BACKUP_3_20260612_054242/backups/FINAL_SYSTEM_BACKUP_3_20260612_054242/backups/FINAL_SYSTEM_BACKUP_3_20260612_054242/backups/FINAL_SYSTEM_BACKUP_3_20260612_054242/backups/FINAL_SYSTEM_BACKUP_3_20260612_054242/backups/FINAL_SYSTEM_BACKUP_3_20260612_054242/backups/FINAL_SYSTEM_BACKUP_3_20260612_054242/backups/FINAL_SYSTEM_BACKUP_3_20260612_054242/backups/FINAL_SYSTEM_BACKUP_3_20260612_054242,FINAL_SYSTEM_BACKUP_3_20260612_054242,application/vnd.google-apps.folder,,2026-06-12T05:44:43.330Z
1oak0NlnhXX2ZiBLdi7fxQ4xTC-Gw6SCQ,ROOT/backups/FINAL_SYSTEM_BACKUP_3_20260612_054242/backups/FINAL_SYSTEM_BACKUP_3_20260612_054242/backups/FINAL_SYSTEM_BACKUP_3_20260612_054242/backups/FINAL_SYSTEM_BACKUP_3_20260612_054242/backups/FINAL_SYSTEM_BACKUP_3_20260612_054242/backups/FINAL_SYSTEM_BACKUP_3_20260612_054242/backups/FINAL_SYSTEM_BACKUP_3_20260612_054242/backups/FINAL_SYSTEM_BACKUP_3_20260612_054242/backups/FINAL_SYSTEM_BACKUP_3_20260612_054242/backups/FINAL_SYSTEM_BACKUP_3_20260612_054242/backups/FINAL_SYSTEM_BACKUP_3_20260612_054242/backups/FINAL_SYSTEM_BACKUP_3_20260612_054242/backups,backups,application/vnd.google-apps.folder,,2026-06-12T05:44:44.374Z
1AXFMUreWZkEOMLo8davrgGSl4p4dAbNr,ROOT/backups/FINAL_SYSTEM_BACKUP_3_20260612_054242/backups/FINAL_SYSTEM_BACKUP_3_20260612_054242/backups/FINAL_SYSTEM_BACKUP_3_20260612_054242/backups/FINAL_SYSTEM_BACKUP_3_20260612_054242/backups/FINAL_SYSTEM_BACKUP_3_20260612_054242/backups/FINAL_SYSTEM_BACKUP_3_20260612_054242/backups/FINAL_SYSTEM_BACKUP_3_20260612_054242/backups/FINAL_SYSTEM_BACKUP_3_20260612_054242/backups/FINAL_SYSTEM_BACKUP_3_20260612_054242/backups/FINAL_SYSTEM_BACKUP_3_20260612_054242/backups/FINAL_SYSTEM_BACKUP_3_20260612_054242/backups/FINAL_SYSTEM_BACKUP_3_20260612_054242/backups/FINAL_SYSTEM_BACKUP_3_20260612_054242,FINAL_SYSTEM_BACKUP_3_20260612_054242,application/vnd.google-apps.folder,,2026-06-12T05:44:51.166Z
1KNFanmDLDmP3p3QZt7zcAnHWO5nooieR,ROOT/backups/FINAL_SYSTEM_BACKUP_3_20260612_054242/backups/FINAL_SYSTEM_BACKUP_3_20260612_054242/backups/FINAL_SYSTEM_BACKUP_3_20260612_054242/backups/FINAL_SYSTEM_BACKUP_3_20260612_054242/backups/FINAL_SYSTEM_BACKUP_3_20260612_054242/backups/FINAL_SYSTEM_BACKUP_3_20260612_054242/backups/FINAL_SYSTEM_BACKUP_3_20260612_054242/backups/FINAL_SYSTEM_BACKUP_3_20260612_054242/backups/FINAL_SYSTEM_BACKUP_3_20260612_054242/backups/FINAL_SYSTEM_BACKUP_3_20260612_054242/backups/FINAL_SYSTEM_BACKUP_3_20260612_054242/backups/FINAL_SYSTEM_BACKUP_3_20260612_054242/backups/FINAL_SYSTEM_BACKUP_3_20260612_054242/backups,backups,application/vnd.google-apps.folder,,2026-06-12T05:44:52.403Z
1ayG-qJyeVKawbdnKj2LnLhpRCfnrWvxn,ROOT/backups/FINAL_SYSTEM_BACKUP_3_20260612_054242/backups/FINAL_SYSTEM_BACKUP_3_20260612_054242/backups/FINAL_SYSTEM_BACKUP_3_20260612_054242/backups/FINAL_SYSTEM_BACKUP_3_20260612_054242/backups/FINAL_SYSTEM_BACKUP_3_20260612_054242/backups/FINAL_SYSTEM_BACKUP_3_20260612_054242/backups/FINAL_SYSTEM_BACKUP_3_20260612_054242/backups/FINAL_SYSTEM_BACKUP_3_20260612_054242/backups/FINAL_SYSTEM_BACKUP_3_20260612_054242/backups/FINAL_SYSTEM_BACKUP_3_20260612_054242/backups/FINAL_SYSTEM_BACKUP_3_20260612_054242/backups/FINAL_SYSTEM_BACKUP_3_20260612_054242/backups/FINAL_SYSTEM_BACKUP_3_20260612_054242/backups/FINAL_SYSTEM_BACKUP_3_20260612_054242,FINAL_SYSTEM_BACKUP_3_20260612_054242,application/vnd.google-apps.folder,,2026-06-12T05:44:59.302Z
1QizaOqz2EgUtONCmugGiaCqlmr6_2DqS,ROOT/backups/FINAL_SYSTEM_BACKUP_3_20260612_054242/backups/FINAL_SYSTEM_BACKUP_3_20260612_054242/backups/FINAL_SYSTEM_BACKUP_3_20260612_054242/backups/FINAL_SYSTEM_BACKUP_3_20260612_054242/backups/FINAL_SYSTEM_BACKUP_3_20260612_054242/backups/FINAL_SYSTEM_BACKUP_3_20260612_054242/backups/FINAL_SYSTEM_BACKUP_3_20260612_054242/backups/FINAL_SYSTEM_BACKUP_3_20260612_054242/backups/FINAL_SYSTEM_BACKUP_3_20260612_054242/backups/FINAL_SYSTEM_BACKUP_3_20260612_054242/backups/FINAL_SYSTEM_BACKUP_3_20260612_054242/backups/FINAL_SYSTEM_BACKUP_3_20260612_054242/backups/FINAL_SYSTEM_BACKUP_3_20260612_054242/backups/FINAL_SYSTEM_BACKUP_3_20260612_054242/backups,backups,application/vnd.google-apps.folder,,2026-06-12T05:45:00.472Z
1sCxKUBpUus8HmeDfltggCeQ4dttshqy9,ROOT/backups/FINAL_SYSTEM_BACKUP_3_20260612_054242/backups/FINAL_SYSTEM_BACKUP_3_20260612_054242/backups/FINAL_SYSTEM_BACKUP_3_20260612_054242/backups/FINAL_SYSTEM_BACKUP_3_20260612_054242/backups/FINAL_SYSTEM_BACKUP_3_20260612_054242/backups/FINAL_SYSTEM_BACKUP_3_20260612_054242/backups/FINAL_SYSTEM_BACKUP_3_20260612_054242/backups/FINAL_SYSTEM_BACKUP_3_20260612_054242/backups/FINAL_SYSTEM_BACKUP_3_20260612_054242/backups/FINAL_SYSTEM_BACKUP_3_20260612_054242/backups/FINAL_SYSTEM_BACKUP_3_20260612_054242/backups/FINAL_SYSTEM_BACKUP_3_20260612_054242/backups/FINAL_SYSTEM_BACKUP_3_20260612_054242/backups/FINAL_SYSTEM_BACKUP_3_20260612_054242/backups/FINAL_SYSTEM_BACKUP_3_20260612_054242,FINAL_SYSTEM_BACKUP_3_20260612_054242,application/vnd.google-apps.folder,,2026-06-12T05:45:07.952Z
1chRJ-DajKFLtKjeXt3f929uQNtgQArJy,ROOT/backups/FINAL_SYSTEM_BACKUP_3_20260612_054242/backups/FINAL_SYSTEM_BACKUP_3_20260612_054242/backups/FINAL_SYSTEM_BACKUP_3_20260612_054242/backups/FINAL_SYSTEM_BACKUP_3_20260612_054242/backups/FINAL_SYSTEM_BACKUP_3_20260612_054242/backups/FINAL_SYSTEM_BACKUP_3_20260612_054242/backups/FINAL_SYSTEM_BACKUP_3_20260612_054242/backups/FINAL_SYSTEM_BACKUP_3_20260612_054242/backups/FINAL_SYSTEM_BACKUP_3_20260612_054242/backups/FINAL_SYSTEM_BACKUP_3_20260612_054242/backups/FINAL_SYSTEM_BACKUP_3_20260612_054242/backups/FINAL_SYSTEM_BACKUP_3_20260612_054242/backups/FINAL_SYSTEM_BACKUP_3_20260612_054242/backups/FINAL_SYSTEM_BACKUP_3_20260612_054242/backups/FINAL_SYSTEM_BACKUP_3_20260612_054242/backups,backups,application/vnd.google-apps.folder,,2026-06-12T05:45:09.108Z
1OKZtk93FV6xb9941ItLFiFSbCP8Z9wyp,ROOT/backups/FINAL_SYSTEM_BACKUP_3_20260612_054242/backups/FINAL_SYSTEM_BACKUP_3_20260612_054242/backups/FINAL_SYSTEM_BACKUP_3_20260612_054242/backups/FINAL_SYSTEM_BACKUP_3_20260612_054242/backups/FINAL_SYSTEM_BACKUP_3_20260612_054242/backups/FINAL_SYSTEM_BACKUP_3_20260612_054242/backups/FINAL_SYSTEM_BACKUP_3_20260612_054242/backups/FINAL_SYSTEM_BACKUP_3_20260612_054242/backups/FINAL_SYSTEM_BACKUP_3_20260612_054242/backups/FINAL_SYSTEM_BACKUP_3_20260612_054242/backups/FINAL_SYSTEM_BACKUP_3_20260612_054242/backups/FINAL_SYSTEM_BACKUP_3_20260612_054242/backups/FINAL_SYSTEM_BACKUP_3_20260612_054242/backups/FINAL_SYSTEM_BACKUP_3_20260612_054242/backups/FINAL_SYSTEM_BACKUP_3_20260612_054242/backups/FINAL_SYSTEM_BACKUP_3_20260612_054242,FINAL_SYSTEM_BACKUP_3_20260612_054242,application/vnd.google-apps.folder,,2026-06-12T05:45:16.587Z
1KaPJMQj52UCKOwkNGjsnySifwxiur_Rr,ROOT/backups/FINAL_SYSTEM_BACKUP_3_20260612_054242/backups/FINAL_SYSTEM_BACKUP_3_20260612_054242/backups/FINAL_SYSTEM_BACKUP_3_20260612_054242/backups/FINAL_SYSTEM_BACKUP_3_20260612_054242/backups/FINAL_SYSTEM_BACKUP_3_20260612_054242/backups/FINAL_SYSTEM_BACKUP_3_20260612_054242/backups/FINAL_SYSTEM_BACKUP_3_20260612_054242/backups/FINAL_SYSTEM_BACKUP_3_20260612_054242/backups/FINAL_SYSTEM_BACKUP_3_20260612_054242/backups/FINAL_SYSTEM_BACKUP_3_20260612_054242/backups/FINAL_SYSTEM_BACKUP_3_20260612_054242/backups/FINAL_SYSTEM_BACKUP_3_20260612_054242/backups/FINAL_SYSTEM_BACKUP_3_20260612_054242/backups/FINAL_SYSTEM_BACKUP_3_20260612_054242/backups/FINAL_SYSTEM_BACKUP_3_20260612_054242/backups/FINAL_SYSTEM_BACKUP_3_20260612_054242/backups,backups,application/vnd.google-apps.folder,,2026-06-12T05:45:18.299Z
1DPnDMOTAavzcli9yZDEb8CX8xnzJ8Lg3,ROOT/backups/FINAL_SYSTEM_BACKUP_3_20260612_054242/backups/FINAL_SYSTEM_BACKUP_3_20260612_054242/backups/FINAL_SYSTEM_BACKUP_3_20260612_054242/backups/FINAL_SYSTEM_BACKUP_3_20260612_054242/backups/FINAL_SYSTEM_BACKUP_3_20260612_054242/backups/FINAL_SYSTEM_BACKUP_3_20260612_054242/backups/FINAL_SYSTEM_BACKUP_3_20260612_054242/backups/FINAL_SYSTEM_BACKUP_3_20260612_054242/backups/FINAL_SYSTEM_BACKUP_3_20260612_054242/backups/FINAL_SYSTEM_BACKUP_3_20260612_054242/backups/FINAL_SYSTEM_BACKUP_3_20260612_054242/backups/FINAL_SYSTEM_BACKUP_3_20260612_054242/backups/FINAL_SYSTEM_BACKUP_3_20260612_054242/backups/FINAL_SYSTEM_BACKUP_3_20260612_054242/backups/FINAL_SYSTEM_BACKUP_3_20260612_054242/backups/FINAL_SYSTEM_BACKUP_3_20260612_054242/backups/FINAL_SYSTEM_BACKUP_3_20260612_054242,FINAL_SYSTEM_BACKUP_3_20260612_054242,application/vnd.google-apps.folder,,2026-06-12T05:45:26.333Z
18YFm6ij3SFqQqO6khBkZi25D_naQWeE6,ROOT/backups/FINAL_SYSTEM_BACKUP_3_20260612_054242/backups/FINAL_SYSTEM_BACKUP_3_20260612_054242/backups/FINAL_SYSTEM_BACKUP_3_20260612_054242/backups/FINAL_SYSTEM_BACKUP_3_20260612_054242/backups/FINAL_SYSTEM_BACKUP_3_20260612_054242/backups/FINAL_SYSTEM_BACKUP_3_20260612_054242/backups/FINAL_SYSTEM_BACKUP_3_20260612_054242/backups/FINAL_SYSTEM_BACKUP_3_20260612_054242/backups/FINAL_SYSTEM_BACKUP_3_20260612_054242/backups/FINAL_SYSTEM_BACKUP_3_20260612_054242/backups/FINAL_SYSTEM_BACKUP_3_20260612_054242/backups/FINAL_SYSTEM_BACKUP_3_20260612_054242/backups/FINAL_SYSTEM_BACKUP_3_20260612_054242/backups/FINAL_SYSTEM_BACKUP_3_20260612_054242/backups/FINAL_SYSTEM_BACKUP_3_20260612_054242/backups/FINAL_SYSTEM_BACKUP_3_20260612_054242/backups/FINAL_SYSTEM_BACKUP_3_20260612_054242/backups,backups,application/vnd.google-apps.folder,,2026-06-12T05:45:27.584Z
164HjalDF0QM9sqctclXdfCZvUJh1PHwr,ROOT/backups/FINAL_SYSTEM_BACKUP_3_20260612_054242/backups/FINAL_SYSTEM_BACKUP_3_20260612_054242/backups/FINAL_SYSTEM_BACKUP_3_20260612_054242/backups/FINAL_SYSTEM_BACKUP_3_20260612_054242/backups/FINAL_SYSTEM_BACKUP_3_20260612_054242/backups/FINAL_SYSTEM_BACKUP_3_20260612_054242/backups/FINAL_SYSTEM_BACKUP_3_20260612_054242/backups/FINAL_SYSTEM_BACKUP_3_20260612_054242/backups/FINAL_SYSTEM_BACKUP_3_20260612_054242/backups/FINAL_SYSTEM_BACKUP_3_20260612_054242/backups/FINAL_SYSTEM_BACKUP_3_20260612_054242/backups/FINAL_SYSTEM_BACKUP_3_20260612_054242/backups/FINAL_SYSTEM_BACKUP_3_20260612_054242/backups/FINAL_SYSTEM_BACKUP_3_20260612_054242/backups/FINAL_SYSTEM_BACKUP_3_20260612_054242/backups/FINAL_SYSTEM_BACKUP_3_20260612_054242/backups/FINAL_SYSTEM_BACKUP_3_20260612_054242/backups/FINAL_SYSTEM_BACKUP_3_20260612_054242,FINAL_SYSTEM_BACKUP_3_20260612_054242,application/vnd.google-apps.folder,,2026-06-12T05:45:36.573Z
1vNshAv2vV0Lr2aa3FUvGtAXz7-oP1Y8v,ROOT/backups/FINAL_SYSTEM_BACKUP_3_20260612_054242/backups/FINAL_SYSTEM_BACKUP_3_20260612_054242/backups/FINAL_SYSTEM_BACKUP_3_20260612_054242/backups/FINAL_SYSTEM_BACKUP_3_20260612_054242/backups/FINAL_SYSTEM_BACKUP_3_20260612_054242/backups/FINAL_SYSTEM_BACKUP_3_20260612_054242/backups/FINAL_SYSTEM_BACKUP_3_20260612_054242/backups/FINAL_SYSTEM_BACKUP_3_20260612_054242/backups/FINAL_SYSTEM_BACKUP_3_20260612_054242/backups/FINAL_SYSTEM_BACKUP_3_20260612_054242/backups/FINAL_SYSTEM_BACKUP_3_20260612_054242/backups/FINAL_SYSTEM_BACKUP_3_20260612_054242/backups/FINAL_SYSTEM_BACKUP_3_20260612_054242/backups/FINAL_SYSTEM_BACKUP_3_20260612_054242/backups/FINAL_SYSTEM_BACKUP_3_20260612_054242/backups/FINAL_SYSTEM_BACKUP_3_20260612_054242/backups/FINAL_SYSTEM_BACKUP_3_20260612_054242/backups/FINAL_SYSTEM_BACKUP_3_20260612_054242/backups,backups,application/vnd.google-apps.folder,,2026-06-12T05:45:37.956Z
1PIToR-x97nVio0-VfGXa7whqGQdqtdqx,ROOT/backups/FINAL_SYSTEM_BACKUP_3_20260612_054242/backups/FINAL_SYSTEM_BACKUP_3_20260612_054242/backups/FINAL_SYSTEM_BACKUP_3_20260612_054242/backups/FINAL_SYSTEM_BACKUP_3_20260612_054242/backups/FINAL_SYSTEM_BACKUP_3_20260612_054242/backups/FINAL_SYSTEM_BACKUP_3_20260612_054242/backups/FINAL_SYSTEM_BACKUP_3_20260612_054242/backups/FINAL_SYSTEM_BACKUP_3_20260612_054242/backups/FINAL_SYSTEM_BACKUP_3_20260612_054242/backups/FINAL_SYSTEM_BACKUP_3_20260612_054242/backups/FINAL_SYSTEM_BACKUP_3_20260612_054242/backups/FINAL_SYSTEM_BACKUP_3_20260612_054242/backups/FINAL_SYSTEM_BACKUP_3_20260612_054242/backups/FINAL_SYSTEM_BACKUP_3_20260612_054242/backups/FINAL_SYSTEM_BACKUP_3_20260612_054242/backups/FINAL_SYSTEM_BACKUP_3_20260612_054242/backups/FINAL_SYSTEM_BACKUP_3_20260612_054242/backups/FINAL_SYSTEM_BACKUP_3_20260612_054242/backups/FINAL_SYSTEM_BACKUP_3_20260612_054242,FINAL_SYSTEM_BACKUP_3_20260612_054242,application/vnd.google-apps.folder,,2026-06-12T05:45:46.499Z
1m8iw8zhVv6jbbXzuyH3nnlh5_Q3UgWxm,ROOT/backups/FINAL_SYSTEM_BACKUP_3_20260612_054242/backups/FINAL_SYSTEM_BACKUP_3_20260612_054242/backups/FINAL_SYSTEM_BACKUP_3_20260612_054242/backups/FINAL_SYSTEM_BACKUP_3_20260612_054242/backups/FINAL_SYSTEM_BACKUP_3_20260612_054242/backups/FINAL_SYSTEM_BACKUP_3_20260612_054242/backups/FINAL_SYSTEM_BACKUP_3_20260612_054242/backups/FINAL_SYSTEM_BACKUP_3_20260612_054242/backups/FINAL_SYSTEM_BACKUP_3_20260612_054242/backups/FINAL_SYSTEM_BACKUP_3_20260612_054242/backups/FINAL_SYSTEM_BACKUP_3_20260612_054242/backups/FINAL_SYSTEM_BACKUP_3_20260612_054242/backups/FINAL_SYSTEM_BACKUP_3_20260612_054242/backups/FINAL_SYSTEM_BACKUP_3_20260612_054242/backups/FINAL_SYSTEM_BACKUP_3_20260612_054242/backups/FINAL_SYSTEM_BACKUP_3_20260612_054242/backups/FINAL_SYSTEM_BACKUP_3_20260612_054242/backups/FINAL_SYSTEM_BACKUP_3_20260612_054242/backups/FINAL_SYSTEM_BACKUP_3_20260612_054242/backups,backups,application/vnd.google-apps.folder,,2026-06-12T05:45:47.908Z
1BeVcYwmJKDtdipYiGPJn0Ak8merdhDit,ROOT/backups/FINAL_SYSTEM_BACKUP_3_20260612_054242/backups/FINAL_SYSTEM_BACKUP_3_20260612_054242/backups/FINAL_SYSTEM_BACKUP_3_20260612_054242/backups/FINAL_SYSTEM_BACKUP_3_20260612_054242/backups/FINAL_SYSTEM_BACKUP_3_20260612_054242/backups/FINAL_SYSTEM_BACKUP_3_20260612_054242/backups/FINAL_SYSTEM_BACKUP_3_20260612_054242/backups/FINAL_SYSTEM_BACKUP_3_20260612_054242/backups/FINAL_SYSTEM_BACKUP_3_20260612_054242/backups/FINAL_SYSTEM_BACKUP_3_20260612_054242/backups/FINAL_SYSTEM_BACKUP_3_20260612_054242/backups/FINAL_SYSTEM_BACKUP_3_20260612_054242/backups/FINAL_SYSTEM_BACKUP_3_20260612_054242/backups/FINAL_SYSTEM_BACKUP_3_20260612_054242/backups/FINAL_SYSTEM_BACKUP_3_20260612_054242/backups/FINAL_SYSTEM_BACKUP_3_20260612_054242/backups/FINAL_SYSTEM_BACKUP_3_20260612_054242/backups/FINAL_SYSTEM_BACKUP_3_20260612_054242/backups/FINAL_SYSTEM_BACKUP_3_20260612_054242/backups/FINAL_SYSTEM_BACKUP_3_20260612_054242,FINAL_SYSTEM_BACKUP_3_20260612_054242,application/vnd.google-apps.folder,,2026-06-12T05:45:57.652Z
1Bu-fKavQaj0sXshZakc_OM0agBVddHVl,ROOT/backups/FINAL_SYSTEM_BACKUP_3_20260612_054242/backups/FINAL_SYSTEM_BACKUP_3_20260612_054242/backups/FINAL_SYSTEM_BACKUP_3_20260612_054242/backups/FINAL_SYSTEM_BACKUP_3_20260612_054242/backups/FINAL_SYSTEM_BACKUP_3_20260612_054242/backups/FINAL_SYSTEM_BACKUP_3_20260612_054242/backups/FINAL_SYSTEM_BACKUP_3_20260612_054242/backups/FINAL_SYSTEM_BACKUP_3_20260612_054242/backups/FINAL_SYSTEM_BACKUP_3_20260612_054242/backups/FINAL_SYSTEM_BACKUP_3_20260612_054242/backups/FINAL_SYSTEM_BACKUP_3_20260612_054242/backups/FINAL_SYSTEM_BACKUP_3_20260612_054242/backups/FINAL_SYSTEM_BACKUP_3_20260612_054242/backups/FINAL_SYSTEM_BACKUP_3_20260612_054242/backups/FINAL_SYSTEM_BACKUP_3_20260612_054242/backups/FINAL_SYSTEM_BACKUP_3_20260612_054242/backups/FINAL_SYSTEM_BACKUP_3_20260612_054242/backups/FINAL_SYSTEM_BACKUP_3_20260612_054242/backups/FINAL_SYSTEM_BACKUP_3_20260612_054242/backups/FINAL_SYSTEM_BACKUP_3_20260612_054242/backups,backups,application/vnd.google-apps.folder,,2026-06-12T05:45:58.954Z
170NLXP8JFq0E20fuepE86i27QaI32FGb,ROOT/backups/FINAL_SYSTEM_BACKUP_3_20260612_054242/backups/FINAL_SYSTEM_BACKUP_3_20260612_054242/backups/FINAL_SYSTEM_BACKUP_3_20260612_054242/backups/FINAL_SYSTEM_BACKUP_3_20260612_054242/backups/FINAL_SYSTEM_BACKUP_3_20260612_054242/backups/FINAL_SYSTEM_BACKUP_3_20260612_054242/backups/FINAL_SYSTEM_BACKUP_3_20260612_054242/backups/FINAL_SYSTEM_BACKUP_3_20260612_054242/backups/FINAL_SYSTEM_BACKUP_3_20260612_054242/backups/FINAL_SYSTEM_BACKUP_3_20260612_054242/backups/FINAL_SYSTEM_BACKUP_3_20260612_054242/backups/FINAL_SYSTEM_BACKUP_3_20260612_054242/backups/FINAL_SYSTEM_BACKUP_3_20260612_054242/backups/FINAL_SYSTEM_BACKUP_3_20260612_054242/backups/FINAL_SYSTEM_BACKUP_3_20260612_054242/backups/FINAL_SYSTEM_BACKUP_3_20260612_054242/backups/FINAL_SYSTEM_BACKUP_3_20260612_054242/backups/FINAL_SYSTEM_BACKUP_3_20260612_054242/backups/FINAL_SYSTEM_BACKUP_3_20260612_054242/backups/FINAL_SYSTEM_BACKUP_3_20260612_054242/backups/FINAL_SYSTEM_BACKUP_3_20260612_054242,FINAL_SYSTEM_BACKUP_3_20260612_054242,application/vnd.google-apps.folder,,2026-06-12T05:46:07.746Z
1PxLtGRmu_aodh70XoFYeCZmvZD6UhHfL,ROOT/backups/FINAL_SYSTEM_BACKUP_3_20260612_054242/backups/FINAL_SYSTEM_BACKUP_3_20260612_054242/backups/FINAL_SYSTEM_BACKUP_3_20260612_054242/backups/FINAL_SYSTEM_BACKUP_3_20260612_054242/backups/FINAL_SYSTEM_BACKUP_3_20260612_054242/backups/FINAL_SYSTEM_BACKUP_3_20260612_054242/backups/FINAL_SYSTEM_BACKUP_3_20260612_054242/backups/FINAL_SYSTEM_BACKUP_3_20260612_054242/backups/FINAL_SYSTEM_BACKUP_3_20260612_054242/backups/FINAL_SYSTEM_BACKUP_3_20260612_054242/backups/FINAL_SYSTEM_BACKUP_3_20260612_054242/backups/FINAL_SYSTEM_BACKUP_3_20260612_054242/backups/FINAL_SYSTEM_BACKUP_3_20260612_054242/backups/FINAL_SYSTEM_BACKUP_3_20260612_054242/backups/FINAL_SYSTEM_BACKUP_3_20260612_054242/backups/FINAL_SYSTEM_BACKUP_3_20260612_054242/backups/FINAL_SYSTEM_BACKUP_3_20260612_054242/backups/FINAL_SYSTEM_BACKUP_3_20260612_054242/backups/FINAL_SYSTEM_BACKUP_3_20260612_054242/backups/FINAL_SYSTEM_BACKUP_3_20260612_054242/backups/FINAL_SYSTEM_BACKUP_3_20260612_054242/backups,backups,application/vnd.google-apps.folder,,2026-06-12T05:46:09.494Z
1D2IrCJ60oZKmvIRlf_psCbhncrUN0TUi,ROOT/backups/FINAL_SYSTEM_BACKUP_3_20260612_054242/backups/FINAL_SYSTEM_BACKUP_3_20260612_054242/backups/FINAL_SYSTEM_BACKUP_3_20260612_054242/backups/FINAL_SYSTEM_BACKUP_3_20260612_054242/backups/FINAL_SYSTEM_BACKUP_3_20260612_054242/backups/FINAL_SYSTEM_BACKUP_3_20260612_054242/backups/FINAL_SYSTEM_BACKUP_3_20260612_054242/backups/FINAL_SYSTEM_BACKUP_3_20260612_054242/backups/FINAL_SYSTEM_BACKUP_3_20260612_054242/backups/FINAL_SYSTEM_BACKUP_3_20260612_054242/backups/FINAL_SYSTEM_BACKUP_3_20260612_054242/backups/FINAL_SYSTEM_BACKUP_3_20260612_054242/backups/FINAL_SYSTEM_BACKUP_3_20260612_054242/backups/FINAL_SYSTEM_BACKUP_3_20260612_054242/backups/FINAL_SYSTEM_BACKUP_3_20260612_054242/backups/FINAL_SYSTEM_BACKUP_3_20260612_054242/backups/FINAL_SYSTEM_BACKUP_3_20260612_054242/backups/FINAL_SYSTEM_BACKUP_3_20260612_054242/backups/FINAL_SYSTEM_BACKUP_3_20260612_054242/backups/FINAL_SYSTEM_BACKUP_3_20260612_054242/backups/FINAL_SYSTEM_BACKUP_3_20260612_054242/backups/FINAL_SYSTEM_BACKUP_3_20260612_054242,FINAL_SYSTEM_BACKUP_3_20260612_054242,application/vnd.google-apps.folder,,2026-06-12T05:46:19.321Z
1k3pdcsjWEwIeBpnBrvwgZEPV8c4aVJVo,ROOT/backups/FINAL_SYSTEM_BACKUP_3_20260612_054242/backups/FINAL_SYSTEM_BACKUP_3_20260612_054242/backups/FINAL_SYSTEM_BACKUP_3_20260612_054242/backups/FINAL_SYSTEM_BACKUP_3_20260612_054242/backups/FINAL_SYSTEM_BACKUP_3_20260612_054242/backups/FINAL_SYSTEM_BACKUP_3_20260612_054242/backups/FINAL_SYSTEM_BACKUP_3_20260612_054242/backups/FINAL_SYSTEM_BACKUP_3_20260612_054242/backups/FINAL_SYSTEM_BACKUP_3_20260612_054242/backups/FINAL_SYSTEM_BACKUP_3_20260612_054242/backups/FINAL_SYSTEM_BACKUP_3_20260612_054242/backups/FINAL_SYSTEM_BACKUP_3_20260612_054242/backups/FINAL_SYSTEM_BACKUP_3_20260612_054242/backups/FINAL_SYSTEM_BACKUP_3_20260612_054242/backups/FINAL_SYSTEM_BACKUP_3_20260612_054242/backups/FINAL_SYSTEM_BACKUP_3_20260612_054242/backups/FINAL_SYSTEM_BACKUP_3_20260612_054242/backups/FINAL_SYSTEM_BACKUP_3_20260612_054242/backups/FINAL_SYSTEM_BACKUP_3_20260612_054242/backups/FINAL_SYSTEM_BACKUP_3_20260612_054242/backups/FINAL_SYSTEM_BACKUP_3_20260612_054242/backups/FINAL_SYSTEM_BACKUP_3_20260612_054242/backups,backups,application/vnd.google-apps.folder,,2026-06-12T05:46:21.176Z
1gc2Cs4U-N8LzMh6ZzYj-ra_QyA4SsEat,ROOT/backups/FINAL_SYSTEM_BACKUP_3_20260612_054242/backups/FINAL_SYSTEM_BACKUP_3_20260612_054242/backups/FINAL_SYSTEM_BACKUP_3_20260612_054242/backups/FINAL_SYSTEM_BACKUP_3_20260612_054242/backups/FINAL_SYSTEM_BACKUP_3_20260612_054242/backups/FINAL_SYSTEM_BACKUP_3_20260612_054242/backups/FINAL_SYSTEM_BACKUP_3_20260612_054242/backups/FINAL_SYSTEM_BACKUP_3_20260612_054242/backups/FINAL_SYSTEM_BACKUP_3_20260612_054242/backups/FINAL_SYSTEM_BACKUP_3_20260612_054242/backups/FINAL_SYSTEM_BACKUP_3_20260612_054242/backups/FINAL_SYSTEM_BACKUP_3_20260612_054242/backups/FINAL_SYSTEM_BACKUP_3_20260612_054242/backups/FINAL_SYSTEM_BACKUP_3_20260612_054242/backups/FINAL_SYSTEM_BACKUP_3_20260612_054242/backups/FINAL_SYSTEM_BACKUP_3_20260612_054242/backups/FINAL_SYSTEM_BACKUP_3_20260612_054242/backups/FINAL_SYSTEM_BACKUP_3_20260612_054242/backups/FINAL_SYSTEM_BACKUP_3_20260612_054242/backups/FINAL_SYSTEM_BACKUP_3_20260612_054242/backups/FINAL_SYSTEM_BACKUP_3_20260612_054242/backups/FINAL_SYSTEM_BACKUP_3_20260612_054242/backups/FINAL_SYSTEM_BACKUP_3_20260612_054242,FINAL_SYSTEM_BACKUP_3_20260612_054242,application/vnd.google-apps.folder,,2026-06-12T05:46:30.869Z
19JM0NsMXGENaKr473CmGAhBTTVNqIU6Q,ROOT/backups/FINAL_SYSTEM_BACKUP_3_20260612_054242/backups/FINAL_SYSTEM_BACKUP_3_20260612_054242/backups/FINAL_SYSTEM_BACKUP_3_20260612_054242/backups/FINAL_SYSTEM_BACKUP_3_20260612_054242/backups/FINAL_SYSTEM_BACKUP_3_20260612_054242/backups/FINAL_SYSTEM_BACKUP_3_20260612_054242/backups/FINAL_SYSTEM_BACKUP_3_20260612_054242/backups/FINAL_SYSTEM_BACKUP_3_20260612_054242/backups/FINAL_SYSTEM_BACKUP_3_20260612_054242/backups/FINAL_SYSTEM_BACKUP_3_20260612_054242/backups/FINAL_SYSTEM_BACKUP_3_20260612_054242/backups/FINAL_SYSTEM_BACKUP_3_20260612_054242/backups/FINAL_SYSTEM_BACKUP_3_20260612_054242/backups/FINAL_SYSTEM_BACKUP_3_20260612_054242/backups/FINAL_SYSTEM_BACKUP_3_20260612_054242/backups/FINAL_SYSTEM_BACKUP_3_20260612_054242/backups/FINAL_SYSTEM_BACKUP_3_20260612_054242/backups/FINAL_SYSTEM_BACKUP_3_20260612_054242/backups/FINAL_SYSTEM_BACKUP_3_20260612_054242/backups/FINAL_SYSTEM_BACKUP_3_20260612_054242/backups/FINAL_SYSTEM_BACKUP_3_20260612_054242/backups/FINAL_SYSTEM_BACKUP_3_20260612_054242/backups/FINAL_SYSTEM_BACKUP_3_20260612_054242/backups,backups,application/vnd.google-apps.folder,,2026-06-12T05:46:32.432Z
1yvm5Co5glJnmGkD6CioANI8e0ueUDlZz,ROOT/backups/FINAL_SYSTEM_BACKUP_3_20260612_054242/backups/FINAL_SYSTEM_BACKUP_3_20260612_054242/backups/FINAL_SYSTEM_BACKUP_3_20260612_054242/backups/FINAL_SYSTEM_BACKUP_3_20260612_054242/backups/FINAL_SYSTEM_BACKUP_3_20260612_054242/backups/FINAL_SYSTEM_BACKUP_3_20260612_054242/backups/FINAL_SYSTEM_BACKUP_3_20260612_054242/backups/FINAL_SYSTEM_BACKUP_3_20260612_054242/backups/FINAL_SYSTEM_BACKUP_3_20260612_054242/backups/FINAL_SYSTEM_BACKUP_3_20260612_054242/backups/FINAL_SYSTEM_BACKUP_3_20260612_054242/backups/FINAL_SYSTEM_BACKUP_3_20260612_054242/backups/FINAL_SYSTEM_BACKUP_3_20260612_054242/backups/FINAL_SYSTEM_BACKUP_3_20260612_054242/backups/FINAL_SYSTEM_BACKUP_3_20260612_054242/backups/FINAL_SYSTEM_BACKUP_3_20260612_054242/backups/FINAL_SYSTEM_BACKUP_3_20260612_054242/backups/FINAL_SYSTEM_BACKUP_3_20260612_054242/backups/FINAL_SYSTEM_BACKUP_3_20260612_054242/backups/FINAL_SYSTEM_BACKUP_3_20260612_054242/backups/FINAL_SYSTEM_BACKUP_3_20260612_054242/backups/FINAL_SYSTEM_BACKUP_3_20260612_054242/backups/FINAL_SYSTEM_BACKUP_3_20260612_054242/backups/FINAL_SYSTEM_BACKUP_3_20260612_054242,FINAL_SYSTEM_BACKUP_3_20260612_054242,application/vnd.google-apps.folder,,2026-06-12T05:46:43.209Z
1Lqz5pvufhpWsyAWuAws2hog7vyjhEhvK,ROOT/backups/FINAL_SYSTEM_BACKUP_3_20260612_054242/backups/FINAL_SYSTEM_BACKUP_3_20260612_054242/backups/FINAL_SYSTEM_BACKUP_3_20260612_054242/backups/FINAL_SYSTEM_BACKUP_3_20260612_054242/backups/FINAL_SYSTEM_BACKUP_3_20260612_054242/backups/FINAL_SYSTEM_BACKUP_3_20260612_054242/backups/FINAL_SYSTEM_BACKUP_3_20260612_054242/backups/FINAL_SYSTEM_BACKUP_3_20260612_054242/backups/FINAL_SYSTEM_BACKUP_3_20260612_054242/backups/FINAL_SYSTEM_BACKUP_3_20260612_054242/backups/FINAL_SYSTEM_BACKUP_3_20260612_054242/backups/FINAL_SYSTEM_BACKUP_3_20260612_054242/backups/FINAL_SYSTEM_BACKUP_3_20260612_054242/backups/FINAL_SYSTEM_BACKUP_3_20260612_054242/backups/FINAL_SYSTEM_BACKUP_3_20260612_054242/backups/FINAL_SYSTEM_BACKUP_3_20260612_054242/backups/FINAL_SYSTEM_BACKUP_3_20260612_054242/backups/FINAL_SYSTEM_BACKUP_3_20260612_054242/backups/FINAL_SYSTEM_BACKUP_3_20260612_054242/backups/FINAL_SYSTEM_BACKUP_3_20260612_054242/backups/FINAL_SYSTEM_BACKUP_3_20260612_054242/backups/FINAL_SYSTEM_BACKUP_3_20260612_054242/backups/FINAL_SYSTEM_BACKUP_3_20260612_054242/backups/FINAL_SYSTEM_BACKUP_3_20260612_054242/backups,backups,application/vnd.google-apps.folder,,2026-06-12T05:46:44.786Z
16ViDcc0vQqsLH81EfD3kxGAOOMDxECAq,ROOT/backups/FINAL_SYSTEM_BACKUP_3_20260612_054242/backups/FINAL_SYSTEM_BACKUP_3_20260612_054242/backups/FINAL_SYSTEM_BACKUP_3_20260612_054242/backups/FINAL_SYSTEM_BACKUP_3_20260612_054242/backups/FINAL_SYSTEM_BACKUP_3_20260612_054242/backups/FINAL_SYSTEM_BACKUP_3_20260612_054242/backups/FINAL_SYSTEM_BACKUP_3_20260612_054242/backups/FINAL_SYSTEM_BACKUP_3_20260612_054242/backups/FINAL_SYSTEM_BACKUP_3_20260612_054242/backups/FINAL_SYSTEM_BACKUP_3_20260612_054242/backups/FINAL_SYSTEM_BACKUP_3_20260612_054242/backups/FINAL_SYSTEM_BACKUP_3_20260612_054242/backups/FINAL_SYSTEM_BACKUP_3_20260612_054242/backups/FINAL_SYSTEM_BACKUP_3_20260612_054242/backups/FINAL_SYSTEM_BACKUP_3_20260612_054242/backups/FINAL_SYSTEM_BACKUP_3_20260612_054242/backups/FINAL_SYSTEM_BACKUP_3_20260612_054242/backups/FINAL_SYSTEM_BACKUP_3_20260612_054242/backups/FINAL_SYSTEM_BACKUP_3_20260612_054242/backups/FINAL_SYSTEM_BACKUP_3_20260612_054242/backups/FINAL_SYSTEM_BACKUP_3_20260612_054242/backups/FINAL_SYSTEM_BACKUP_3_20260612_054242/backups/FINAL_SYSTEM_BACKUP_3_20260612_054242/backups/FINAL_SYSTEM_BACKUP_3_20260612_054242/backups/FINAL_SYSTEM_BACKUP_3_20260612_054242,FINAL_SYSTEM_BACKUP_3_20260612_054242,application/vnd.google-apps.folder,,2026-06-12T05:46:54.621Z
1E9eC_qPIokeKSILBooeiE164F3XHwuyM,ROOT/backups/FINAL_SYSTEM_BACKUP_3_20260612_054242/backups/FINAL_SYSTEM_BACKUP_3_20260612_054242/backups/FINAL_SYSTEM_BACKUP_3_20260612_054242/backups/FINAL_SYSTEM_BACKUP_3_20260612_054242/backups/FINAL_SYSTEM_BACKUP_3_20260612_054242/backups/FINAL_SYSTEM_BACKUP_3_20260612_054242/backups/FINAL_SYSTEM_BACKUP_3_20260612_054242/backups/FINAL_SYSTEM_BACKUP_3_20260612_054242/backups/FINAL_SYSTEM_BACKUP_3_20260612_054242/backups/FINAL_SYSTEM_BACKUP_3_20260612_054242/backups/FINAL_SYSTEM_BACKUP_3_20260612_054242/backups/FINAL_SYSTEM_BACKUP_3_20260612_054242/backups/FINAL_SYSTEM_BACKUP_3_20260612_054242/backups/FINAL_SYSTEM_BACKUP_3_20260612_054242/backups/FINAL_SYSTEM_BACKUP_3_20260612_054242/backups/FINAL_SYSTEM_BACKUP_3_20260612_054242/backups/FINAL_SYSTEM_BACKUP_3_20260612_054242/backups/FINAL_SYSTEM_BACKUP_3_20260612_054242/backups/FINAL_SYSTEM_BACKUP_3_20260612_054242/backups/FINAL_SYSTEM_BACKUP_3_20260612_054242/backups/FINAL_SYSTEM_BACKUP_3_20260612_054242/backups/FINAL_SYSTEM_BACKUP_3_20260612_054242/backups/FINAL_SYSTEM_BACKUP_3_20260612_054242/backups/FINAL_SYSTEM_BACKUP_3_20260612_054242/backups/FINAL_SYSTEM_BACKUP_3_20260612_054242/backups,backups,application/vnd.google-apps.folder,,2026-06-12T05:46:56.473Z
15uR8RtZctpwdXEdBNHQrsXyiwLrxsoIT,ROOT/backups/FINAL_SYSTEM_BACKUP_3_20260612_054242/backups/FINAL_SYSTEM_BACKUP_3_20260612_054242/backups/FINAL_SYSTEM_BACKUP_3_20260612_054242/backups/FINAL_SYSTEM_BACKUP_3_20260612_054242/backups/FINAL_SYSTEM_BACKUP_3_20260612_054242/backups/FINAL_SYSTEM_BACKUP_3_20260612_054242/backups/FINAL_SYSTEM_BACKUP_3_20260612_054242/backups/FINAL_SYSTEM_BACKUP_3_20260612_054242/backups/FINAL_SYSTEM_BACKUP_3_20260612_054242/backups/FINAL_SYSTEM_BACKUP_3_20260612_054242/backups/FINAL_SYSTEM_BACKUP_3_20260612_054242/backups/FINAL_SYSTEM_BACKUP_3_20260612_054242/backups/FINAL_SYSTEM_BACKUP_3_20260612_054242/backups/FINAL_SYSTEM_BACKUP_3_20260612_054242/backups/FINAL_SYSTEM_BACKUP_3_20260612_054242/backups/FINAL_SYSTEM_BACKUP_3_20260612_054242/backups/FINAL_SYSTEM_BACKUP_3_20260612_054242/backups/FINAL_SYSTEM_BACKUP_3_20260612_054242/backups/FINAL_SYSTEM_BACKUP_3_20260612_054242/backups/FINAL_SYSTEM_BACKUP_3_20260612_054242/backups/FINAL_SYSTEM_BACKUP_3_20260612_054242/backups/FINAL_SYSTEM_BACKUP_3_20260612_054242/backups/FINAL_SYSTEM_BACKUP_3_20260612_054242/backups/FINAL_SYSTEM_BACKUP_3_20260612_054242/backups/FINAL_SYSTEM_BACKUP_3_20260612_054242/backups/FINAL_SYSTEM_BACKUP_3_20260612_054242,FINAL_SYSTEM_BACKUP_3_20260612_054242,application/vnd.google-apps.folder,,2026-06-12T05:47:07.027Z
1cHBiaNFAHZIoPhS55Gw9_VSKcA0C8uwd,ROOT/backups/FINAL_SYSTEM_BACKUP_3_20260612_054242/backups/FINAL_SYSTEM_BACKUP_3_20260612_054242/backups/FINAL_SYSTEM_BACKUP_3_20260612_054242/backups/FINAL_SYSTEM_BACKUP_3_20260612_054242/backups/FINAL_SYSTEM_BACKUP_3_20260612_054242/backups/FINAL_SYSTEM_BACKUP_3_20260612_054242/backups/FINAL_SYSTEM_BACKUP_3_20260612_054242/backups/FINAL_SYSTEM_BACKUP_3_20260612_054242/backups/FINAL_SYSTEM_BACKUP_3_20260612_054242/backups/FINAL_SYSTEM_BACKUP_3_20260612_054242/backups/FINAL_SYSTEM_BACKUP_3_20260612_054242/backups/FINAL_SYSTEM_BACKUP_3_20260612_054242/backups/FINAL_SYSTEM_BACKUP_3_20260612_054242/backups/FINAL_SYSTEM_BACKUP_3_20260612_054242/backups/FINAL_SYSTEM_BACKUP_3_20260612_054242/backups/FINAL_SYSTEM_BACKUP_3_20260612_054242/backups/FINAL_SYSTEM_BACKUP_3_20260612_054242/backups/FINAL_SYSTEM_BACKUP_3_20260612_054242/backups/FINAL_SYSTEM_BACKUP_3_20260612_054242/backups/FINAL_SYSTEM_BACKUP_3_20260612_054242/backups/FINAL_SYSTEM_BACKUP_3_20260612_054242/backups/FINAL_SYSTEM_BACKUP_3_20260612_054242/backups/FINAL_SYSTEM_BACKUP_3_20260612_054242/backups/FINAL_SYSTEM_BACKUP_3_20260612_054242/backups/FINAL_SYSTEM_BACKUP_3_20260612_054242/backups/FINAL_SYSTEM_BACKUP_3_20260612_054242/backups,backups,application/vnd.google-apps.folder,,2026-06-12T05:47:08.863Z
1wqdagBsPrv-HGhLWvDIXSwH_N1cRZaxm,ROOT/backups/FINAL_SYSTEM_BACKUP_3_20260612_054242/backups/FINAL_SYSTEM_BACKUP_3_20260612_054242/backups/FINAL_SYSTEM_BACKUP_3_20260612_054242/backups/FINAL_SYSTEM_BACKUP_3_20260612_054242/backups/FINAL_SYSTEM_BACKUP_3_20260612_054242/backups/FINAL_SYSTEM_BACKUP_3_20260612_054242/backups/FINAL_SYSTEM_BACKUP_3_20260612_054242/backups/FINAL_SYSTEM_BACKUP_3_20260612_054242/backups/FINAL_SYSTEM_BACKUP_3_20260612_054242/backups/FINAL_SYSTEM_BACKUP_3_20260612_054242/backups/FINAL_SYSTEM_BACKUP_3_20260612_054242/backups/FINAL_SYSTEM_BACKUP_3_20260612_054242/backups/FINAL_SYSTEM_BACKUP_3_20260612_054242/backups/FINAL_SYSTEM_BACKUP_3_20260612_054242/backups/FINAL_SYSTEM_BACKUP_3_20260612_054242/backups/FINAL_SYSTEM_BACKUP_3_20260612_054242/backups/FINAL_SYSTEM_BACKUP_3_20260612_054242/backups/FINAL_SYSTEM_BACKUP_3_20260612_054242/backups/FINAL_SYSTEM_BACKUP_3_20260612_054242/backups/FINAL_SYSTEM_BACKUP_3_20260612_054242/backups/FINAL_SYSTEM_BACKUP_3_20260612_054242/backups/FINAL_SYSTEM_BACKUP_3_20260612_054242/backups/FINAL_SYSTEM_BACKUP_3_20260612_054242/backups/FINAL_SYSTEM_BACKUP_3_20260612_054242/backups/FINAL_SYSTEM_BACKUP_3_20260612_054242/backups/FINAL_SYSTEM_BACKUP_3_20260612_054242/backups/FINAL_SYSTEM_BACKUP_3_20260612_054242,FINAL_SYSTEM_BACKUP_3_20260612_054242,application/vnd.google-apps.folder,,2026-06-12T05:47:19.415Z
1wxADDWG15koIXrRQSmN6KyNCILQb_rJ2,ROOT/backups/FINAL_SYSTEM_BACKUP_3_20260612_054242/backups/FINAL_SYSTEM_BACKUP_3_20260612_054242/backups/FINAL_SYSTEM_BACKUP_3_20260612_054242/backups/FINAL_SYSTEM_BACKUP_3_20260612_054242/backups/FINAL_SYSTEM_BACKUP_3_20260612_054242/backups/FINAL_SYSTEM_BACKUP_3_20260612_054242/backups/FINAL_SYSTEM_BACKUP_3_20260612_054242/backups/FINAL_SYSTEM_BACKUP_3_20260612_054242/backups/FINAL_SYSTEM_BACKUP_3_20260612_054242/backups/FINAL_SYSTEM_BACKUP_3_20260612_054242/backups/FINAL_SYSTEM_BACKUP_3_20260612_054242/backups/FINAL_SYSTEM_BACKUP_3_20260612_054242/backups/FINAL_SYSTEM_BACKUP_3_20260612_054242/backups/FINAL_SYSTEM_BACKUP_3_20260612_054242/backups/FINAL_SYSTEM_BACKUP_3_20260612_054242/backups/FINAL_SYSTEM_BACKUP_3_20260612_054242/backups/FINAL_SYSTEM_BACKUP_3_20260612_054242/backups/FINAL_SYSTEM_BACKUP_3_20260612_054242/backups/FINAL_SYSTEM_BACKUP_3_20260612_054242/backups/FINAL_SYSTEM_BACKUP_3_20260612_054242/backups/FINAL_SYSTEM_BACKUP_3_20260612_054242/backups/FINAL_SYSTEM_BACKUP_3_20260612_054242/backups/FINAL_SYSTEM_BACKUP_3_20260612_054242/backups/FINAL_SYSTEM_BACKUP_3_20260612_054242/backups/FINAL_SYSTEM_BACKUP_3_20260612_054242/backups/FINAL_SYSTEM_BACKUP_3_20260612_054242/backups/FINAL_SYSTEM_BACKUP_3_20260612_054242/backups,backups,application/vnd.google-apps.folder,,2026-06-12T05:47:22.056Z
1cdobvkfuLhrU7B6PsO_DHMtgTkHHAgxf,ROOT/backups/FINAL_SYSTEM_BACKUP_3_20260612_054242/backups/FINAL_SYSTEM_BACKUP_3_20260612_054242/backups/FINAL_SYSTEM_BACKUP_3_20260612_054242/backups/FINAL_SYSTEM_BACKUP_3_20260612_054242/backups/FINAL_SYSTEM_BACKUP_3_20260612_054242/backups/FINAL_SYSTEM_BACKUP_3_20260612_054242/backups/FINAL_SYSTEM_BACKUP_3_20260612_054242/backups/FINAL_SYSTEM_BACKUP_3_20260612_054242/backups/FINAL_SYSTEM_BACKUP_3_20260612_054242/backups/FINAL_SYSTEM_BACKUP_3_20260612_054242/backups/FINAL_SYSTEM_BACKUP_3_20260612_054242/backups/FINAL_SYSTEM_BACKUP_3_20260612_054242/backups/FINAL_SYSTEM_BACKUP_3_20260612_054242/backups/FINAL_SYSTEM_BACKUP_3_20260612_054242/backups/FINAL_SYSTEM_BACKUP_3_20260612_054242/backups/FINAL_SYSTEM_BACKUP_3_20260612_054242/backups/FINAL_SYSTEM_BACKUP_3_20260612_054242/backups/FINAL_SYSTEM_BACKUP_3_20260612_054242/backups/FINAL_SYSTEM_BACKUP_3_20260612_054242/backups/FINAL_SYSTEM_BACKUP_3_20260612_054242/backups/FINAL_SYSTEM_BACKUP_3_20260612_054242/backups/FINAL_SYSTEM_BACKUP_3_20260612_054242/backups/FINAL_SYSTEM_BACKUP_3_20260612_054242/backups/FINAL_SYSTEM_BACKUP_3_20260612_054242/backups/FINAL_SYSTEM_BACKUP_3_20260612_054242/backups/FINAL_SYSTEM_BACKUP_3_20260612_054242/backups/FINAL_SYSTEM_BACKUP_3_20260612_054242/backups/FINAL_SYSTEM_BACKUP_3_20260612_054242,FINAL_SYSTEM_BACKUP_3_20260612_054242,application/vnd.google-apps.folder,,2026-06-12T05:47:33.225Z
1oDicVKioRcATthVtHyoXYVI4XAemm8tV,ROOT/backups/FINAL_SYSTEM_BACKUP_3_20260612_054242/backups/FINAL_SYSTEM_BACKUP_3_20260612_054242/backups/FINAL_SYSTEM_BACKUP_3_20260612_054242/backups/FINAL_SYSTEM_BACKUP_3_20260612_054242/backups/FINAL_SYSTEM_BACKUP_3_20260612_054242/backups/FINAL_SYSTEM_BACKUP_3_20260612_054242/backups/FINAL_SYSTEM_BACKUP_3_20260612_054242/backups/FINAL_SYSTEM_BACKUP_3_20260612_054242/backups/FINAL_SYSTEM_BACKUP_3_20260612_054242/backups/FINAL_SYSTEM_BACKUP_3_20260612_054242/backups/FINAL_SYSTEM_BACKUP_3_20260612_054242/backups/FINAL_SYSTEM_BACKUP_3_20260612_054242/backups/FINAL_SYSTEM_BACKUP_3_20260612_054242/backups/FINAL_SYSTEM_BACKUP_3_20260612_054242/backups/FINAL_SYSTEM_BACKUP_3_20260612_054242/backups/FINAL_SYSTEM_BACKUP_3_20260612_054242/backups/FINAL_SYSTEM_BACKUP_3_20260612_054242/backups/FINAL_SYSTEM_BACKUP_3_20260612_054242/backups/FINAL_SYSTEM_BACKUP_3_20260612_054242/backups/FINAL_SYSTEM_BACKUP_3_20260612_054242/backups/FINAL_SYSTEM_BACKUP_3_20260612_054242/backups/FINAL_SYSTEM_BACKUP_3_20260612_054242/backups/FINAL_SYSTEM_BACKUP_3_20260612_054242/backups/FINAL_SYSTEM_BACKUP_3_20260612_054242/backups/FINAL_SYSTEM_BACKUP_3_20260612_054242/backups/FINAL_SYSTEM_BACKUP_3_20260612_054242/backups/FINAL_SYSTEM_BACKUP_3_20260612_054242/backups/FINAL_SYSTEM_BACKUP_3_20260612_054242/backups,backups,application/vnd.google-apps.folder,,2026-06-12T05:47:35.108Z
1n7rw59gAcU9VCWuGIBIeKZ2y8Lxlr7Xk,ROOT/backups/FINAL_SYSTEM_BACKUP_3_20260612_054242/backups/FINAL_SYSTEM_BACKUP_3_20260612_054242/backups/FINAL_SYSTEM_BACKUP_3_20260612_054242/backups/FINAL_SYSTEM_BACKUP_3_20260612_054242/backups/FINAL_SYSTEM_BACKUP_3_20260612_054242/backups/FINAL_SYSTEM_BACKUP_3_20260612_054242/backups/FINAL_SYSTEM_BACKUP_3_20260612_054242/backups/FINAL_SYSTEM_BACKUP_3_20260612_054242/backups/FINAL_SYSTEM_BACKUP_3_20260612_054242/backups/FINAL_SYSTEM_BACKUP_3_20260612_054242/backups/FINAL_SYSTEM_BACKUP_3_20260612_054242/backups/FINAL_SYSTEM_BACKUP_3_20260612_054242/backups/FINAL_SYSTEM_BACKUP_3_20260612_054242/backups/FINAL_SYSTEM_BACKUP_3_20260612_054242/backups/FINAL_SYSTEM_BACKUP_3_20260612_054242/backups/FINAL_SYSTEM_BACKUP_3_20260612_054242/backups/FINAL_SYSTEM_BACKUP_3_20260612_054242/backups/FINAL_SYSTEM_BACKUP_3_20260612_054242/backups/FINAL_SYSTEM_BACKUP_3_20260612_054242/backups/FINAL_SYSTEM_BACKUP_3_20260612_054242/backups/FINAL_SYSTEM_BACKUP_3_20260612_054242/backups/FINAL_SYSTEM_BACKUP_3_20260612_054242/backups/FINAL_SYSTEM_BACKUP_3_20260612_054242/backups/FINAL_SYSTEM_BACKUP_3_20260612_054242/backups/FINAL_SYSTEM_BACKUP_3_20260612_054242/backups/FINAL_SYSTEM_BACKUP_3_20260612_054242/backups/FINAL_SYSTEM_BACKUP_3_20260612_054242/backups/FINAL_SYSTEM_BACKUP_3_20260612_054242/backups/FINAL_SYSTEM_BACKUP_3_20260612_054242,FINAL_SYSTEM_BACKUP_3_20260612_054242,application/vnd.google-apps.folder,,2026-06-12T05:47:46.473Z
1xPY9zJta5IGizdQ9AFnB-ALd9uFfxj7w,ROOT/backups/FINAL_SYSTEM_BACKUP_3_20260612_054242/backups/FINAL_SYSTEM_BACKUP_3_20260612_054242/backups/FINAL_SYSTEM_BACKUP_3_20260612_054242/backups/FINAL_SYSTEM_BACKUP_3_20260612_054242/backups/FINAL_SYSTEM_BACKUP_3_20260612_054242/backups/FINAL_SYSTEM_BACKUP_3_20260612_054242/backups/FINAL_SYSTEM_BACKUP_3_20260612_054242/backups/FINAL_SYSTEM_BACKUP_3_20260612_054242/backups/FINAL_SYSTEM_BACKUP_3_20260612_054242/backups/FINAL_SYSTEM_BACKUP_3_20260612_054242/backups/FINAL_SYSTEM_BACKUP_3_20260612_054242/backups/FINAL_SYSTEM_BACKUP_3_20260612_054242/backups/FINAL_SYSTEM_BACKUP_3_20260612_054242/backups/FINAL_SYSTEM_BACKUP_3_20260612_054242/backups/FINAL_SYSTEM_BACKUP_3_20260612_054242/backups/FINAL_SYSTEM_BACKUP_3_20260612_054242/backups/FINAL_SYSTEM_BACKUP_3_20260612_054242/backups/FINAL_SYSTEM_BACKUP_3_20260612_054242/backups/FINAL_SYSTEM_BACKUP_3_20260612_054242/backups/FINAL_SYSTEM_BACKUP_3_20260612_054242/backups/FINAL_SYSTEM_BACKUP_3_20260612_054242/backups/FINAL_SYSTEM_BACKUP_3_20260612_054242/backups/FINAL_SYSTEM_BACKUP_3_20260612_054242/backups/FINAL_SYSTEM_BACKUP_3_20260612_054242/backups/FINAL_SYSTEM_BACKUP_3_20260612_054242/backups/FINAL_SYSTEM_BACKUP_3_20260612_054242/backups/FINAL_SYSTEM_BACKUP_3_20260612_054242/backups/FINAL_SYSTEM_BACKUP_3_20260612_054242/backups/FINAL_SYSTEM_BACKUP_3_20260612_054242/backups,backups,application/vnd.google-apps.folder,,2026-06-12T05:47:48.733Z
1SPCz3UbaSfuuJ7puNgv38JVVZ6iVLBX-,ROOT/backups/FINAL_SYSTEM_BACKUP_3_20260612_054242/backups/FINAL_SYSTEM_BACKUP_3_20260612_054242/backups/FINAL_SYSTEM_BACKUP_3_20260612_054242/backups/FINAL_SYSTEM_BACKUP_3_20260612_054242/backups/FINAL_SYSTEM_BACKUP_3_20260612_054242/backups/FINAL_SYSTEM_BACKUP_3_20260612_054242/backups/FINAL_SYSTEM_BACKUP_3_20260612_054242/backups/FINAL_SYSTEM_BACKUP_3_20260612_054242/backups/FINAL_SYSTEM_BACKUP_3_20260612_054242/backups/FINAL_SYSTEM_BACKUP_3_20260612_054242/backups/FINAL_SYSTEM_BACKUP_3_20260612_054242/backups/FINAL_SYSTEM_BACKUP_3_20260612_054242/backups/FINAL_SYSTEM_BACKUP_3_20260612_054242/backups/FINAL_SYSTEM_BACKUP_3_20260612_054242/backups/FINAL_SYSTEM_BACKUP_3_20260612_054242/backups/FINAL_SYSTEM_BACKUP_3_20260612_054242/backups/FINAL_SYSTEM_BACKUP_3_20260612_054242/backups/FINAL_SYSTEM_BACKUP_3_20260612_054242/backups/FINAL_SYSTEM_BACKUP_3_20260612_054242/backups/FINAL_SYSTEM_BACKUP_3_20260612_054242/backups/FINAL_SYSTEM_BACKUP_3_20260612_054242/backups/FINAL_SYSTEM_BACKUP_3_20260612_054242/backups/FINAL_SYSTEM_BACKUP_3_20260612_054242/backups/FINAL_SYSTEM_BACKUP_3_20260612_054242/backups/FINAL_SYSTEM_BACKUP_3_20260612_054242/backups/FINAL_SYSTEM_BACKUP_3_20260612_054242/backups/FINAL_SYSTEM_BACKUP_3_20260612_054242/backups/FINAL_SYSTEM_BACKUP_3_20260612_054242/backups/FINAL_SYSTEM_BACKUP_3_20260612_054242/backups/FINAL_SYSTEM_BACKUP_3_20260612_054242,FINAL_SYSTEM_BACKUP_3_20260612_054242,application/vnd.google-apps.folder,,2026-06-12T05:47:59.777Z
1a3MwGQVwl3GcDQfIeHOgH1LuOl1c67yO,ROOT/backups/FINAL_SYSTEM_BACKUP_3_20260612_054242/backups/FINAL_SYSTEM_BACKUP_3_20260612_054242/backups/FINAL_SYSTEM_BACKUP_3_20260612_054242/backups/FINAL_SYSTEM_BACKUP_3_20260612_054242/backups/FINAL_SYSTEM_BACKUP_3_20260612_054242/backups/FINAL_SYSTEM_BACKUP_3_20260612_054242/backups/FINAL_SYSTEM_BACKUP_3_20260612_054242/backups/FINAL_SYSTEM_BACKUP_3_20260612_054242/backups/FINAL_SYSTEM_BACKUP_3_20260612_054242/backups/FINAL_SYSTEM_BACKUP_3_20260612_054242/backups/FINAL_SYSTEM_BACKUP_3_20260612_054242/backups/FINAL_SYSTEM_BACKUP_3_20260612_054242/backups/FINAL_SYSTEM_BACKUP_3_20260612_054242/backups/FINAL_SYSTEM_BACKUP_3_20260612_054242/backups/FINAL_SYSTEM_BACKUP_3_20260612_054242/backups/FINAL_SYSTEM_BACKUP_3_20260612_054242/backups/FINAL_SYSTEM_BACKUP_3_20260612_054242/backups/FINAL_SYSTEM_BACKUP_3_20260612_054242/backups/FINAL_SYSTEM_BACKUP_3_20260612_054242/backups/FINAL_SYSTEM_BACKUP_3_20260612_054242/backups/FINAL_SYSTEM_BACKUP_3_20260612_054242/backups/FINAL_SYSTEM_BACKUP_3_20260612_054242/backups/FINAL_SYSTEM_BACKUP_3_20260612_054242/backups/FINAL_SYSTEM_BACKUP_3_20260612_054242/backups/FINAL_SYSTEM_BACKUP_3_20260612_054242/backups/FINAL_SYSTEM_BACKUP_3_20260612_054242/backups/FINAL_SYSTEM_BACKUP_3_20260612_054242/backups/FINAL_SYSTEM_BACKUP_3_20260612_054242/backups/FINAL_SYSTEM_BACKUP_3_20260612_054242/backups/FINAL_SYSTEM_BACKUP_3_20260612_054242/backups,backups,application/vnd.google-apps.folder,,2026-06-12T05:48:01.589Z
1BHf_zPAniL3VdXN4JlZYEF-g-Jmh7B3p,ROOT/backups/FINAL_SYSTEM_BACKUP_3_20260612_054242/backups/FINAL_SYSTEM_BACKUP_3_20260612_054242/backups/FINAL_SYSTEM_BACKUP_3_20260612_054242/backups/FINAL_SYSTEM_BACKUP_3_20260612_054242/backups/FINAL_SYSTEM_BACKUP_3_20260612_054242/backups/FINAL_SYSTEM_BACKUP_3_20260612_054242/backups/FINAL_SYSTEM_BACKUP_3_20260612_054242/backups/FINAL_SYSTEM_BACKUP_3_20260612_054242/backups/FINAL_SYSTEM_BACKUP_3_20260612_054242/backups/FINAL_SYSTEM_BACKUP_3_20260612_054242/backups/FINAL_SYSTEM_BACKUP_3_20260612_054242/backups/FINAL_SYSTEM_BACKUP_3_20260612_054242/backups/FINAL_SYSTEM_BACKUP_3_20260612_054242/backups/FINAL_SYSTEM_BACKUP_3_20260612_054242/backups/FINAL_SYSTEM_BACKUP_3_20260612_054242/backups/FINAL_SYSTEM_BACKUP_3_20260612_054242/backups/FINAL_SYSTEM_BACKUP_3_20260612_054242/backups/FINAL_SYSTEM_BACKUP_3_20260612_054242/backups/FINAL_SYSTEM_BACKUP_3_20260612_054242/backups/FINAL_SYSTEM_BACKUP_3_20260612_054242/backups/FINAL_SYSTEM_BACKUP_3_20260612_054242/backups/FINAL_SYSTEM_BACKUP_3_20260612_054242/backups/FINAL_SYSTEM_BACKUP_3_20260612_054242/backups/FINAL_SYSTEM_BACKUP_3_20260612_054242/backups/FINAL_SYSTEM_BACKUP_3_20260612_054242/backups/FINAL_SYSTEM_BACKUP_3_20260612_054242/backups/FINAL_SYSTEM_BACKUP_3_20260612_054242/backups/FINAL_SYSTEM_BACKUP_3_20260612_054242/backups/FINAL_SYSTEM_BACKUP_3_20260612_054242/backups/FINAL_SYSTEM_BACKUP_3_20260612_054242/backups/FINAL_SYSTEM_BACKUP_3_20260612_054242,FINAL_SYSTEM_BACKUP_3_20260612_054242,application/vnd.google-apps.folder,,2026-06-12T05:48:13.934Z
1yHDjFn8oVbNE-Gp5L3e6RJTBpFAO2mbY,ROOT/backups/FINAL_SYSTEM_BACKUP_3_20260612_054242/backups/FINAL_SYSTEM_BACKUP_3_20260612_054242/backups/FINAL_SYSTEM_BACKUP_3_20260612_054242/backups/FINAL_SYSTEM_BACKUP_3_20260612_054242/backups/FINAL_SYSTEM_BACKUP_3_20260612_054242/backups/FINAL_SYSTEM_BACKUP_3_20260612_054242/backups/FINAL_SYSTEM_BACKUP_3_20260612_054242/backups/FINAL_SYSTEM_BACKUP_3_20260612_054242/backups/FINAL_SYSTEM_BACKUP_3_20260612_054242/backups/FINAL_SYSTEM_BACKUP_3_20260612_054242/backups/FINAL_SYSTEM_BACKUP_3_20260612_054242/backups/FINAL_SYSTEM_BACKUP_3_20260612_054242/backups/FINAL_SYSTEM_BACKUP_3_20260612_054242/backups/FINAL_SYSTEM_BACKUP_3_20260612_054242/backups/FINAL_SYSTEM_BACKUP_3_20260612_054242/backups/FINAL_SYSTEM_BACKUP_3_20260612_054242/backups/FINAL_SYSTEM_BACKUP_3_20260612_054242/backups/FINAL_SYSTEM_BACKUP_3_20260612_054242/backups/FINAL_SYSTEM_BACKUP_3_20260612_054242/backups/FINAL_SYSTEM_BACKUP_3_20260612_054242/backups/FINAL_SYSTEM_BACKUP_3_20260612_054242/backups/FINAL_SYSTEM_BACKUP_3_20260612_054242/backups/FINAL_SYSTEM_BACKUP_3_20260612_054242/backups/FINAL_SYSTEM_BACKUP_3_20260612_054242/backups/FINAL_SYSTEM_BACKUP_3_20260612_054242/backups/FINAL_SYSTEM_BACKUP_3_20260612_054242/backups/FINAL_SYSTEM_BACKUP_3_20260612_054242/backups/FINAL_SYSTEM_BACKUP_3_20260612_054242/backups/FINAL_SYSTEM_BACKUP_3_20260612_054242/backups/FINAL_SYSTEM_BACKUP_3_20260612_054242/backups/FINAL_SYSTEM_BACKUP_3_20260612_054242/backups,backups,application/vnd.google-apps.folder,,2026-06-12T05:48:15.841Z
10G5YavTvIDGY6TXubij5Sjont4bi5X-t,ROOT/backups/FINAL_SYSTEM_BACKUP_3_20260612_054242/backups/FINAL_SYSTEM_BACKUP_3_20260612_054242/backups/FINAL_SYSTEM_BACKUP_3_20260612_054242/backups/FINAL_SYSTEM_BACKUP_3_20260612_054242/backups/FINAL_SYSTEM_BACKUP_3_20260612_054242/backups/FINAL_SYSTEM_BACKUP_3_20260612_054242/backups/FINAL_SYSTEM_BACKUP_3_20260612_054242/backups/FINAL_SYSTEM_BACKUP_3_20260612_054242/backups/FINAL_SYSTEM_BACKUP_3_20260612_054242/backups/FINAL_SYSTEM_BACKUP_3_20260612_054242/backups/FINAL_SYSTEM_BACKUP_3_20260612_054242/backups/FINAL_SYSTEM_BACKUP_3_20260612_054242/backups/FINAL_SYSTEM_BACKUP_3_20260612_054242/backups/FINAL_SYSTEM_BACKUP_3_20260612_054242/backups/FINAL_SYSTEM_BACKUP_3_20260612_054242/backups/FINAL_SYSTEM_BACKUP_3_20260612_054242/backups/FINAL_SYSTEM_BACKUP_3_20260612_054242/backups/FINAL_SYSTEM_BACKUP_3_20260612_054242/backups/FINAL_SYSTEM_BACKUP_3_20260612_054242/backups/FINAL_SYSTEM_BACKUP_3_20260612_054242/backups/FINAL_SYSTEM_BACKUP_3_20260612_054242/backups/FINAL_SYSTEM_BACKUP_3_20260612_054242/backups/FINAL_SYSTEM_BACKUP_3_20260612_054242/backups/FINAL_SYSTEM_BACKUP_3_20260612_054242/backups/FINAL_SYSTEM_BACKUP_3_20260612_054242/backups/FINAL_SYSTEM_BACKUP_3_20260612_054242/backups/FINAL_SYSTEM_BACKUP_3_20260612_054242/backups/FINAL_SYSTEM_BACKUP_3_20260612_054242/backups/FINAL_SYSTEM_BACKUP_3_20260612_054242/backups/FINAL_SYSTEM_BACKUP_3_20260612_054242/backups/FINAL_SYSTEM_BACKUP_3_20260612_054242/backups/FINAL_SYSTEM_BACKUP_3_20260612_054242,FINAL_SYSTEM_BACKUP_3_20260612_054242,application/vnd.google-apps.folder,,2026-06-12T05:48:27.452Z
1X6CNYiiNQPc4OMoZlciIOG_rdSD784YH,ROOT/backups/FINAL_SYSTEM_BACKUP_3_20260612_054242/backups/FINAL_SYSTEM_BACKUP_3_20260612_054242/backups/FINAL_SYSTEM_BACKUP_3_20260612_054242/backups/FINAL_SYSTEM_BACKUP_3_20260612_054242/backups/FINAL_SYSTEM_BACKUP_3_20260612_054242/backups/FINAL_SYSTEM_BACKUP_3_20260612_054242/backups/FINAL_SYSTEM_BACKUP_3_20260612_054242/backups/FINAL_SYSTEM_BACKUP_3_20260612_054242/backups/FINAL_SYSTEM_BACKUP_3_20260612_054242/backups/FINAL_SYSTEM_BACKUP_3_20260612_054242/backups/FINAL_SYSTEM_BACKUP_3_20260612_054242/backups/FINAL_SYSTEM_BACKUP_3_20260612_054242/backups/FINAL_SYSTEM_BACKUP_3_20260612_054242/backups/FINAL_SYSTEM_BACKUP_3_20260612_054242/backups/FINAL_SYSTEM_BACKUP_3_20260612_054242/backups/FINAL_SYSTEM_BACKUP_3_20260612_054242/backups/FINAL_SYSTEM_BACKUP_3_20260612_054242/backups/FINAL_SYSTEM_BACKUP_3_20260612_054242/backups/FINAL_SYSTEM_BACKUP_3_20260612_054242/backups/FINAL_SYSTEM_BACKUP_3_20260612_054242/backups/FINAL_SYSTEM_BACKUP_3_20260612_054242/backups/FINAL_SYSTEM_BACKUP_3_20260612_054242/backups/FINAL_SYSTEM_BACKUP_3_20260612_054242/backups/FINAL_SYSTEM_BACKUP_3_20260612_054242/backups/FINAL_SYSTEM_BACKUP_3_20260612_054242/backups/FINAL_SYSTEM_BACKUP_3_20260612_054242/backups/FINAL_SYSTEM_BACKUP_3_20260612_054242/backups/FINAL_SYSTEM_BACKUP_3_20260612_054242/backups/FINAL_SYSTEM_BACKUP_3_20260612_054242/backups/FINAL_SYSTEM_BACKUP_3_20260612_054242/backups/FINAL_SYSTEM_BACKUP_3_20260612_054242/backups/FINAL_SYSTEM_BACKUP_3_20260612_054242/backups,backups,application/vnd.google-apps.folder,,2026-06-12T05:48:29.514Z
1gtLYf-4wq5C5DtAPuJphFkufi6Jy5T9k,ROOT/backups/FINAL_SYSTEM_BACKUP_3_20260612_054242/backups/FINAL_SYSTEM_BACKUP_3_20260612_054242/backups/FINAL_SYSTEM_BACKUP_3_20260612_054242/backups/FINAL_SYSTEM_BACKUP_3_20260612_054242/backups/FINAL_SYSTEM_BACKUP_3_20260612_054242/backups/FINAL_SYSTEM_BACKUP_3_20260612_054242/backups/FINAL_SYSTEM_BACKUP_3_20260612_054242/backups/FINAL_SYSTEM_BACKUP_3_20260612_054242/backups/FINAL_SYSTEM_BACKUP_3_20260612_054242/backups/FINAL_SYSTEM_BACKUP_3_20260612_054242/backups/FINAL_SYSTEM_BACKUP_3_20260612_054242/backups/FINAL_SYSTEM_BACKUP_3_20260612_054242/backups/FINAL_SYSTEM_BACKUP_3_20260612_054242/backups/FINAL_SYSTEM_BACKUP_3_20260612_054242/backups/FINAL_SYSTEM_BACKUP_3_20260612_054242/backups/FINAL_SYSTEM_BACKUP_3_20260612_054242/backups/FINAL_SYSTEM_BACKUP_3_20260612_054242/backups/FINAL_SYSTEM_BACKUP_3_20260612_054242/backups/FINAL_SYSTEM_BACKUP_3_20260612_054242/backups/FINAL_SYSTEM_BACKUP_3_20260612_054242/backups/FINAL_SYSTEM_BACKUP_3_20260612_054242/backups/FINAL_SYSTEM_BACKUP_3_20260612_054242/backups/FINAL_SYSTEM_BACKUP_3_20260612_054242/backups/FINAL_SYSTEM_BACKUP_3_20260612_054242/backups/FINAL_SYSTEM_BACKUP_3_20260612_054242/backups/FINAL_SYSTEM_BACKUP_3_20260612_054242/backups/FINAL_SYSTEM_BACKUP_3_20260612_054242/backups/FINAL_SYSTEM_BACKUP_3_20260612_054242/backups/FINAL_SYSTEM_BACKUP_3_20260612_054242/backups/FINAL_SYSTEM_BACKUP_3_20260612_054242/backups/FINAL_SYSTEM_BACKUP_3_20260612_054242/backups/FINAL_SYSTEM_BACKUP_3_20260612_054242/backups/FINAL_SYSTEM_BACKUP_3_20260612_054242,FINAL_SYSTEM_BACKUP_3_20260612_054242,application/vnd.google-apps.folder,,2026-06-12T05:48:41.400Z
1Hhmhnp0zyEdWEhc0ZXT2HCFCQrc-wUok,ROOT/backups/FINAL_SYSTEM_BACKUP_3_20260612_054242/backups/FINAL_SYSTEM_BACKUP_3_20260612_054242/backups/FINAL_SYSTEM_BACKUP_3_20260612_054242/backups/FINAL_SYSTEM_BACKUP_3_20260612_054242/backups/FINAL_SYSTEM_BACKUP_3_20260612_054242/backups/FINAL_SYSTEM_BACKUP_3_20260612_054242/backups/FINAL_SYSTEM_BACKUP_3_20260612_054242/backups/FINAL_SYSTEM_BACKUP_3_20260612_054242/backups/FINAL_SYSTEM_BACKUP_3_20260612_054242/backups/FINAL_SYSTEM_BACKUP_3_20260612_054242/backups/FINAL_SYSTEM_BACKUP_3_20260612_054242/backups/FINAL_SYSTEM_BACKUP_3_20260612_054242/backups/FINAL_SYSTEM_BACKUP_3_20260612_054242/backups/FINAL_SYSTEM_BACKUP_3_20260612_054242/backups/FINAL_SYSTEM_BACKUP_3_20260612_054242/backups/FINAL_SYSTEM_BACKUP_3_20260612_054242/backups/FINAL_SYSTEM_BACKUP_3_20260612_054242/backups/FINAL_SYSTEM_BACKUP_3_20260612_054242/backups/FINAL_SYSTEM_BACKUP_3_20260612_054242/backups/FINAL_SYSTEM_BACKUP_3_20260612_054242/backups/FINAL_SYSTEM_BACKUP_3_20260612_054242/backups/FINAL_SYSTEM_BACKUP_3_20260612_054242/backups/FINAL_SYSTEM_BACKUP_3_20260612_054242/backups/FINAL_SYSTEM_BACKUP_3_20260612_054242/backups/FINAL_SYSTEM_BACKUP_3_20260612_054242/backups/FINAL_SYSTEM_BACKUP_3_20260612_054242/backups/FINAL_SYSTEM_BACKUP_3_20260612_054242/backups/FINAL_SYSTEM_BACKUP_3_20260612_054242/backups/FINAL_SYSTEM_BACKUP_3_20260612_054242/backups/FINAL_SYSTEM_BACKUP_3_20260612_054242/backups/FINAL_SYSTEM_BACKUP_3_20260612_054242/backups/FINAL_SYSTEM_BACKUP_3_20260612_054242/backups/FINAL_SYSTEM_BACKUP_3_20260612_054242/backups,backups,application/vnd.google-apps.folder,,2026-06-12T05:48:43.551Z
1W0a-s9xP2PlEjbsop06yVfopzHIc0Fen,ROOT/backups/FINAL_SYSTEM_BACKUP_3_20260612_054242/backups/FINAL_SYSTEM_BACKUP_3_20260612_054242/backups/FINAL_SYSTEM_BACKUP_3_20260612_054242/backups/FINAL_SYSTEM_BACKUP_3_20260612_054242/backups/FINAL_SYSTEM_BACKUP_3_20260612_054242/backups/FINAL_SYSTEM_BACKUP_3_20260612_054242/backups/FINAL_SYSTEM_BACKUP_3_20260612_054242/backups/FINAL_SYSTEM_BACKUP_3_20260612_054242/backups/FINAL_SYSTEM_BACKUP_3_20260612_054242/backups/FINAL_SYSTEM_BACKUP_3_20260612_054242/backups/FINAL_SYSTEM_BACKUP_3_20260612_054242/backups/FINAL_SYSTEM_BACKUP_3_20260612_054242/backups/FINAL_SYSTEM_BACKUP_3_20260612_054242/backups/FINAL_SYSTEM_BACKUP_3_20260612_054242/backups/FINAL_SYSTEM_BACKUP_3_20260612_054242/backups/FINAL_SYSTEM_BACKUP_3_20260612_054242/backups/FINAL_SYSTEM_BACKUP_3_20260612_054242/backups/FINAL_SYSTEM_BACKUP_3_20260612_054242/backups/FINAL_SYSTEM_BACKUP_3_20260612_054242/backups/FINAL_SYSTEM_BACKUP_3_20260612_054242/backups/FINAL_SYSTEM_BACKUP_3_20260612_054242/backups/FINAL_SYSTEM_BACKUP_3_20260612_054242/backups/FINAL_SYSTEM_BACKUP_3_20260612_054242/backups/FINAL_SYSTEM_BACKUP_3_20260612_054242/backups/FINAL_SYSTEM_BACKUP_3_20260612_054242/backups/FINAL_SYSTEM_BACKUP_3_20260612_054242/backups/FINAL_SYSTEM_BACKUP_3_20260612_054242/backups/FINAL_SYSTEM_BACKUP_3_20260612_054242/backups/FINAL_SYSTEM_BACKUP_3_20260612_054242/backups/FINAL_SYSTEM_BACKUP_3_20260612_054242/backups/FINAL_SYSTEM_BACKUP_3_20260612_054242/backups/FINAL_SYSTEM_BACKUP_3_20260612_054242/backups/FINAL_SYSTEM_BACKUP_3_20260612_054242/backups/FINAL_SYSTEM_BACKUP_3_20260612_054242,FINAL_SYSTEM_BACKUP_3_20260612_054242,application/vnd.google-apps.folder,,2026-06-12T05:48:56.307Z
1k-4ejcUrJ9ELcFWFGN-pZAo9MazXX-el,ROOT/backups/FINAL_SYSTEM_BACKUP_3_20260612_054242/backups/FINAL_SYSTEM_BACKUP_3_20260612_054242/backups/FINAL_SYSTEM_BACKUP_3_20260612_054242/backups/FINAL_SYSTEM_BACKUP_3_20260612_054242/backups/FINAL_SYSTEM_BACKUP_3_20260612_054242/backups/FINAL_SYSTEM_BACKUP_3_20260612_054242/backups/FINAL_SYSTEM_BACKUP_3_20260612_054242/backups/FINAL_SYSTEM_BACKUP_3_20260612_054242/backups/FINAL_SYSTEM_BACKUP_3_20260612_054242/backups/FINAL_SYSTEM_BACKUP_3_20260612_054242/backups/FINAL_SYSTEM_BACKUP_3_20260612_054242/backups/FINAL_SYSTEM_BACKUP_3_20260612_054242/backups/FINAL_SYSTEM_BACKUP_3_20260612_054242/backups/FINAL_SYSTEM_BACKUP_3_20260612_054242/backups/FINAL_SYSTEM_BACKUP_3_20260612_054242/backups/FINAL_SYSTEM_BACKUP_3_20260612_054242/backups/FINAL_SYSTEM_BACKUP_3_20260612_054242/backups/FINAL_SYSTEM_BACKUP_3_20260612_054242/backups/FINAL_SYSTEM_BACKUP_3_20260612_054242/backups/FINAL_SYSTEM_BACKUP_3_20260612_054242/backups/FINAL_SYSTEM_BACKUP_3_20260612_054242/backups/FINAL_SYSTEM_BACKUP_3_20260612_054242/backups/FINAL_SYSTEM_BACKUP_3_20260612_054242/backups/FINAL_SYSTEM_BACKUP_3_20260612_054242/backups/FINAL_SYSTEM_BACKUP_3_20260612_054242/backups/FINAL_SYSTEM_BACKUP_3_20260612_054242/backups/FINAL_SYSTEM_BACKUP_3_20260612_054242/backups/FINAL_SYSTEM_BACKUP_3_20260612_054242/backups/FINAL_SYSTEM_BACKUP_3_20260612_054242/backups/FINAL_SYSTEM_BACKUP_3_20260612_054242/backups/FINAL_SYSTEM_BACKUP_3_20260612_054242/backups/FINAL_SYSTEM_BACKUP_3_20260612_054242/backups/FINAL_SYSTEM_BACKUP_3_20260612_054242/backups/FINAL_SYSTEM_BACKUP_3_20260612_054242/backups,backups,application/vnd.google-apps.folder,,2026-06-12T05:48:58.968Z
18GbnoCXtiRQ54jzdbJkjIsIRVr9nZ_pP,ROOT/backups/FINAL_SYSTEM_BACKUP_3_20260612_054242/backups/FINAL_SYSTEM_BACKUP_3_20260612_054242/backups/FINAL_SYSTEM_BACKUP_3_20260612_054242/backups/FINAL_SYSTEM_BACKUP_3_20260612_054242/backups/FINAL_SYSTEM_BACKUP_3_20260612_054242/backups/FINAL_SYSTEM_BACKUP_3_20260612_054242/backups/FINAL_SYSTEM_BACKUP_3_20260612_054242/backups/FINAL_SYSTEM_BACKUP_3_20260612_054242/backups/FINAL_SYSTEM_BACKUP_3_20260612_054242/backups/FINAL_SYSTEM_BACKUP_3_20260612_054242/backups/FINAL_SYSTEM_BACKUP_3_20260612_054242/backups/FINAL_SYSTEM_BACKUP_3_20260612_054242/backups/FINAL_SYSTEM_BACKUP_3_20260612_054242/backups/FINAL_SYSTEM_BACKUP_3_20260612_054242/backups/FINAL_SYSTEM_BACKUP_3_20260612_054242/backups/FINAL_SYSTEM_BACKUP_3_20260612_054242/backups/FINAL_SYSTEM_BACKUP_3_20260612_054242/backups/FINAL_SYSTEM_BACKUP_3_20260612_054242/backups/FINAL_SYSTEM_BACKUP_3_20260612_054242/backups/FINAL_SYSTEM_BACKUP_3_20260612_054242/backups/FINAL_SYSTEM_BACKUP_3_20260612_054242/backups/FINAL_SYSTEM_BACKUP_3_20260612_054242/backups/FINAL_SYSTEM_BACKUP_3_20260612_054242/backups/FINAL_SYSTEM_BACKUP_3_20260612_054242/backups/FINAL_SYSTEM_BACKUP_3_20260612_054242/backups/FINAL_SYSTEM_BACKUP_3_20260612_054242/backups/FINAL_SYSTEM_BACKUP_3_20260612_054242/backups/FINAL_SYSTEM_BACKUP_3_20260612_054242/backups/FINAL_SYSTEM_BACKUP_3_20260612_054242/backups/FINAL_SYSTEM_BACKUP_3_20260612_054242/backups/FINAL_SYSTEM_BACKUP_3_20260612_054242/backups/FINAL_SYSTEM_BACKUP_3_20260612_054242/backups/FINAL_SYSTEM_BACKUP_3_20260612_054242/backups/FINAL_SYSTEM_BACKUP_3_20260612_054242/backups/FINAL_SYSTEM_BACKUP_3_20260612_054242,FINAL_SYSTEM_BACKUP_3_20260612_054242,application/vnd.google-apps.folder,,2026-06-12T05:49:11.937Z
1IGrzjrzy41MGGY1j5n3H1jbG4Z_3CoAw,ROOT/backups/FINAL_SYSTEM_BACKUP_3_20260612_054242/backups/FINAL_SYSTEM_BACKUP_3_20260612_054242/backups/FINAL_SYSTEM_BACKUP_3_20260612_054242/backups/FINAL_SYSTEM_BACKUP_3_20260612_054242/backups/FINAL_SYSTEM_BACKUP_3_20260612_054242/backups/FINAL_SYSTEM_BACKUP_3_20260612_054242/backups/FINAL_SYSTEM_BACKUP_3_20260612_054242/backups/FINAL_SYSTEM_BACKUP_3_20260612_054242/backups/FINAL_SYSTEM_BACKUP_3_20260612_054242/backups/FINAL_SYSTEM_BACKUP_3_20260612_054242/backups/FINAL_SYSTEM_BACKUP_3_20260612_054242/backups/FINAL_SYSTEM_BACKUP_3_20260612_054242/backups/FINAL_SYSTEM_BACKUP_3_20260612_054242/backups/FINAL_SYSTEM_BACKUP_3_20260612_054242/backups/FINAL_SYSTEM_BACKUP_3_20260612_054242/backups/FINAL_SYSTEM_BACKUP_3_20260612_054242/backups/FINAL_SYSTEM_BACKUP_3_20260612_054242/backups/FINAL_SYSTEM_BACKUP_3_20260612_054242/backups/FINAL_SYSTEM_BACKUP_3_20260612_054242/backups/FINAL_SYSTEM_BACKUP_3_20260612_054242/backups/FINAL_SYSTEM_BACKUP_3_20260612_054242/backups/FINAL_SYSTEM_BACKUP_3_20260612_054242/backups/FINAL_SYSTEM_BACKUP_3_20260612_054242/backups/FINAL_SYSTEM_BACKUP_3_20260612_054242/backups/FINAL_SYSTEM_BACKUP_3_20260612_054242/backups/FINAL_SYSTEM_BACKUP_3_20260612_054242/backups/FINAL_SYSTEM_BACKUP_3_20260612_054242/backups/FINAL_SYSTEM_BACKUP_3_20260612_054242/backups/FINAL_SYSTEM_BACKUP_3_20260612_054242/backups/FINAL_SYSTEM_BACKUP_3_20260612_054242/backups/FINAL_SYSTEM_BACKUP_3_20260612_054242/backups/FINAL_SYSTEM_BACKUP_3_20260612_054242/backups/FINAL_SYSTEM_BACKUP_3_20260612_054242/backups/FINAL_SYSTEM_BACKUP_3_20260612_054242/backups/FINAL_SYSTEM_BACKUP_3_20260612_054242/backups,backups,application/vnd.google-apps.folder,,2026-06-12T05:49:13.965Z
1h99CFIavNLwhVe6au1luUsGIYScvj1ua,ROOT/backups/FINAL_SYSTEM_BACKUP_3_20260612_054242/backups/FINAL_SYSTEM_BACKUP_3_20260612_054242/backups/FINAL_SYSTEM_BACKUP_3_20260612_054242/backups/FINAL_SYSTEM_BACKUP_3_20260612_054242/backups/FINAL_SYSTEM_BACKUP_3_20260612_054242/backups/FINAL_SYSTEM_BACKUP_3_20260612_054242/backups/FINAL_SYSTEM_BACKUP_3_20260612_054242/backups/FINAL_SYSTEM_BACKUP_3_20260612_054242/backups/FINAL_SYSTEM_BACKUP_3_20260612_054242/backups/FINAL_SYSTEM_BACKUP_3_20260612_054242/backups/FINAL_SYSTEM_BACKUP_3_20260612_054242/backups/FINAL_SYSTEM_BACKUP_3_20260612_054242/backups/FINAL_SYSTEM_BACKUP_3_20260612_054242/backups/FINAL_SYSTEM_BACKUP_3_20260612_054242/backups/FINAL_SYSTEM_BACKUP_3_20260612_054242/backups/FINAL_SYSTEM_BACKUP_3_20260612_054242/backups/FINAL_SYSTEM_BACKUP_3_20260612_054242/backups/FINAL_SYSTEM_BACKUP_3_20260612_054242/backups/FINAL_SYSTEM_BACKUP_3_20260612_054242/backups/FINAL_SYSTEM_BACKUP_3_20260612_054242/backups/FINAL_SYSTEM_BACKUP_3_20260612_054242/backups/FINAL_SYSTEM_BACKUP_3_20260612_054242/backups/FINAL_SYSTEM_BACKUP_3_20260612_054242/backups/FINAL_SYSTEM_BACKUP_3_20260612_054242/backups/FINAL_SYSTEM_BACKUP_3_20260612_054242/backups/FINAL_SYSTEM_BACKUP_3_20260612_054242/backups/FINAL_SYSTEM_BACKUP_3_20260612_054242/backups/FINAL_SYSTEM_BACKUP_3_20260612_054242/backups/FINAL_SYSTEM_BACKUP_3_20260612_054242/backups/FINAL_SYSTEM_BACKUP_3_20260612_054242/backups/FINAL_SYSTEM_BACKUP_3_20260612_054242/backups/FINAL_SYSTEM_BACKUP_3_20260612_054242/backups/FINAL_SYSTEM_BACKUP_3_20260612_054242/backups/FINAL_SYSTEM_BACKUP_3_20260612_054242/backups/FINAL_SYSTEM_BACKUP_3_20260612_054242/backups/FINAL_SYSTEM_BACKUP_3_20260612_054242,FINAL_SYSTEM_BACKUP_3_20260612_054242,application/vnd.google-apps.folder,,2026-06-12T05:49:26.727Z
1UrkZeG3kJjVI9N5g5ROCH7x3eBT-GjLG,ROOT/backups/FINAL_SYSTEM_BACKUP_3_20260612_054242/backups/FINAL_SYSTEM_BACKUP_3_20260612_054242/backups/FINAL_SYSTEM_BACKUP_3_20260612_054242/backups/FINAL_SYSTEM_BACKUP_3_20260612_054242/backups/FINAL_SYSTEM_BACKUP_3_20260612_054242/backups/FINAL_SYSTEM_BACKUP_3_20260612_054242/backups/FINAL_SYSTEM_BACKUP_3_20260612_054242/backups/FINAL_SYSTEM_BACKUP_3_20260612_054242/backups/FINAL_SYSTEM_BACKUP_3_20260612_054242/backups/FINAL_SYSTEM_BACKUP_3_20260612_054242/backups/FINAL_SYSTEM_BACKUP_3_20260612_054242/backups/FINAL_SYSTEM_BACKUP_3_20260612_054242/backups/FINAL_SYSTEM_BACKUP_3_20260612_054242/backups/FINAL_SYSTEM_BACKUP_3_20260612_054242/backups/FINAL_SYSTEM_BACKUP_3_20260612_054242/backups/FINAL_SYSTEM_BACKUP_3_20260612_054242/backups/FINAL_SYSTEM_BACKUP_3_20260612_054242/backups/FINAL_SYSTEM_BACKUP_3_20260612_054242/backups/FINAL_SYSTEM_BACKUP_3_20260612_054242/backups/FINAL_SYSTEM_BACKUP_3_20260612_054242/backups/FINAL_SYSTEM_BACKUP_3_20260612_054242/backups/FINAL_SYSTEM_BACKUP_3_20260612_054242/backups/FINAL_SYSTEM_BACKUP_3_20260612_054242/backups/FINAL_SYSTEM_BACKUP_3_20260612_054242/backups/FINAL_SYSTEM_BACKUP_3_20260612_054242/backups/FINAL_SYSTEM_BACKUP_3_20260612_054242/backups/FINAL_SYSTEM_BACKUP_3_20260612_054242/backups/FINAL_SYSTEM_BACKUP_3_20260612_054242/backups/FINAL_SYSTEM_BACKUP_3_20260612_054242/backups/FINAL_SYSTEM_BACKUP_3_20260612_054242/backups/FINAL_SYSTEM_BACKUP_3_20260612_054242/backups/FINAL_SYSTEM_BACKUP_3_20260612_054242/backups/FINAL_SYSTEM_BACKUP_3_20260612_054242/backups/FINAL_SYSTEM_BACKUP_3_20260612_054242/backups/FINAL_SYSTEM_BACKUP_3_20260612_054242/backups/FINAL_SYSTEM_BACKUP_3_20260612_054242/backups,backups,application/vnd.google-apps.folder,,2026-06-12T05:49:29.095Z
16tBXanXAg6GHVRIovjNOimX7KmjlFg-S,ROOT/backups/FINAL_SYSTEM_BACKUP_3_20260612_054242/backups/FINAL_SYSTEM_BACKUP_3_20260612_054242/backups/FINAL_SYSTEM_BACKUP_3_20260612_054242/backups/FINAL_SYSTEM_BACKUP_3_20260612_054242/backups/FINAL_SYSTEM_BACKUP_3_20260612_054242/backups/FINAL_SYSTEM_BACKUP_3_20260612_054242/backups/FINAL_SYSTEM_BACKUP_3_20260612_054242/backups/FINAL_SYSTEM_BACKUP_3_20260612_054242/backups/FINAL_SYSTEM_BACKUP_3_20260612_054242/backups/FINAL_SYSTEM_BACKUP_3_20260612_054242/backups/FINAL_SYSTEM_BACKUP_3_20260612_054242/backups/FINAL_SYSTEM_BACKUP_3_20260612_054242/backups/FINAL_SYSTEM_BACKUP_3_20260612_054242/backups/FINAL_SYSTEM_BACKUP_3_20260612_054242/backups/FINAL_SYSTEM_BACKUP_3_20260612_054242/backups/FINAL_SYSTEM_BACKUP_3_20260612_054242/backups/FINAL_SYSTEM_BACKUP_3_20260612_054242/backups/FINAL_SYSTEM_BACKUP_3_20260612_054242/backups/FINAL_SYSTEM_BACKUP_3_20260612_054242/backups/FINAL_SYSTEM_BACKUP_3_20260612_054242/backups/FINAL_SYSTEM_BACKUP_3_20260612_054242/backups/FINAL_SYSTEM_BACKUP_3_20260612_054242/backups/FINAL_SYSTEM_BACKUP_3_20260612_054242/backups/FINAL_SYSTEM_BACKUP_3_20260612_054242/backups/FINAL_SYSTEM_BACKUP_3_20260612_054242/backups/FINAL_SYSTEM_BACKUP_3_20260612_054242/backups/FINAL_SYSTEM_BACKUP_3_20260612_054242/backups/FINAL_SYSTEM_BACKUP_3_20260612_054242/backups/FINAL_SYSTEM_BACKUP_3_20260612_054242/backups/FINAL_SYSTEM_BACKUP_3_20260612_054242/backups/FINAL_SYSTEM_BACKUP_3_20260612_054242/backups/FINAL_SYSTEM_BACKUP_3_20260612_054242/backups/FINAL_SYSTEM_BACKUP_3_20260612_054242/backups/FINAL_SYSTEM_BACKUP_3_20260612_054242/backups/FINAL_SYSTEM_BACKUP_3_20260612_054242/backups/FINAL_SYSTEM_BACKUP_3_20260612_054242/backups/FINAL_SYSTEM_BACKUP_3_20260612_054242,FINAL_SYSTEM_BACKUP_3_20260612_054242,application/vnd.google-apps.folder,,2026-06-12T05:49:42.407Z
1HlzFo8sg2Zfyf0TQeSiG1kUai1b4VvC3,ROOT/backups/FINAL_SYSTEM_BACKUP_3_20260612_054242/backups/FINAL_SYSTEM_BACKUP_3_20260612_054242/backups/FINAL_SYSTEM_BACKUP_3_20260612_054242/backups/FINAL_SYSTEM_BACKUP_3_20260612_054242/backups/FINAL_SYSTEM_BACKUP_3_20260612_054242/backups/FINAL_SYSTEM_BACKUP_3_20260612_054242/backups/FINAL_SYSTEM_BACKUP_3_20260612_054242/backups/FINAL_SYSTEM_BACKUP_3_20260612_054242/backups/FINAL_SYSTEM_BACKUP_3_20260612_054242/backups/FINAL_SYSTEM_BACKUP_3_20260612_054242/backups/FINAL_SYSTEM_BACKUP_3_20260612_054242/backups/FINAL_SYSTEM_BACKUP_3_20260612_054242/backups/FINAL_SYSTEM_BACKUP_3_20260612_054242/backups/FINAL_SYSTEM_BACKUP_3_20260612_054242/backups/FINAL_SYSTEM_BACKUP_3_20260612_054242/backups/FINAL_SYSTEM_BACKUP_3_20260612_054242/backups/FINAL_SYSTEM_BACKUP_3_20260612_054242/backups/FINAL_SYSTEM_BACKUP_3_20260612_054242/backups/FINAL_SYSTEM_BACKUP_3_20260612_054242/backups/FINAL_SYSTEM_BACKUP_3_20260612_054242/backups/FINAL_SYSTEM_BACKUP_3_20260612_054242/backups/FINAL_SYSTEM_BACKUP_3_20260612_054242/backups/FINAL_SYSTEM_BACKUP_3_20260612_054242/backups/FINAL_SYSTEM_BACKUP_3_20260612_054242/backups/FINAL_SYSTEM_BACKUP_3_20260612_054242/backups/FINAL_SYSTEM_BACKUP_3_20260612_054242/backups/FINAL_SYSTEM_BACKUP_3_20260612_054242/backups/FINAL_SYSTEM_BACKUP_3_20260612_054242/backups/FINAL_SYSTEM_BACKUP_3_20260612_054242/backups/FINAL_SYSTEM_BACKUP_3_20260612_054242/backups/FINAL_SYSTEM_BACKUP_3_20260612_054242/backups/FINAL_SYSTEM_BACKUP_3_20260612_054242/backups/FINAL_SYSTEM_BACKUP_3_20260612_054242/backups/FINAL_SYSTEM_BACKUP_3_20260612_054242/backups/FINAL_SYSTEM_BACKUP_3_20260612_054242/backups/FINAL_SYSTEM_BACKUP_3_20260612_054242/backups/FINAL_SYSTEM_BACKUP_3_20260612_054242/backups,backups,application/vnd.google-apps.folder,,2026-06-12T05:49:46.761Z
1zOVtT9QNAPXAy1nCFqhZs1Osrx2A8Lm1,ROOT/backups/FINAL_SYSTEM_BACKUP_3_20260612_054242/backups/FINAL_SYSTEM_BACKUP_3_20260612_054242/backups/FINAL_SYSTEM_BACKUP_3_20260612_054242/backups/FINAL_SYSTEM_BACKUP_3_20260612_054242/backups/FINAL_SYSTEM_BACKUP_3_20260612_054242/backups/FINAL_SYSTEM_BACKUP_3_20260612_054242/backups/FINAL_SYSTEM_BACKUP_3_20260612_054242/backups/FINAL_SYSTEM_BACKUP_3_20260612_054242/backups/FINAL_SYSTEM_BACKUP_3_20260612_054242/backups/FINAL_SYSTEM_BACKUP_3_20260612_054242/backups/FINAL_SYSTEM_BACKUP_3_20260612_054242/backups/FINAL_SYSTEM_BACKUP_3_20260612_054242/backups/FINAL_SYSTEM_BACKUP_3_20260612_054242/backups/FINAL_SYSTEM_BACKUP_3_20260612_054242/backups/FINAL_SYSTEM_BACKUP_3_20260612_054242/backups/FINAL_SYSTEM_BACKUP_3_20260612_054242/backups/FINAL_SYSTEM_BACKUP_3_20260612_054242/backups/FINAL_SYSTEM_BACKUP_3_20260612_054242/backups/FINAL_SYSTEM_BACKUP_3_20260612_054242/backups/FINAL_SYSTEM_BACKUP_3_20260612_054242/backups/FINAL_SYSTEM_BACKUP_3_20260612_054242/backups/FINAL_SYSTEM_BACKUP_3_20260612_054242/backups/FINAL_SYSTEM_BACKUP_3_20260612_054242/backups/FINAL_SYSTEM_BACKUP_3_20260612_054242/backups/FINAL_SYSTEM_BACKUP_3_20260612_054242/backups/FINAL_SYSTEM_BACKUP_3_20260612_054242/backups/FINAL_SYSTEM_BACKUP_3_20260612_054242/backups/FINAL_SYSTEM_BACKUP_3_20260612_054242/backups/FINAL_SYSTEM_BACKUP_3_20260612_054242/backups/FINAL_SYSTEM_BACKUP_3_20260612_054242/backups/FINAL_SYSTEM_BACKUP_3_20260612_054242/backups/FINAL_SYSTEM_BACKUP_3_20260612_054242/backups/FINAL_SYSTEM_BACKUP_3_20260612_054242/backups/FINAL_SYSTEM_BACKUP_3_20260612_054242/backups/FINAL_SYSTEM_BACKUP_3_20260612_054242/backups/FINAL_SYSTEM_BACKUP_3_20260612_054242/backups/FINAL_SYSTEM_BACKUP_3_20260612_054242/backups/FINAL_SYSTEM_BACKUP_3_20260612_054242,FINAL_SYSTEM_BACKUP_3_20260612_054242,application/vnd.google-apps.folder,,2026-06-12T05:50:00.347Z
1_q4O3Xb5b-ypsMNm_NLuuW3lm3G_72Ts,ROOT/backups/FINAL_SYSTEM_BACKUP_3_20260612_054242/backups/FINAL_SYSTEM_BACKUP_3_20260612_054242/backups/FINAL_SYSTEM_BACKUP_3_20260612_054242/backups/FINAL_SYSTEM_BACKUP_3_20260612_054242/backups/FINAL_SYSTEM_BACKUP_3_20260612_054242/backups/FINAL_SYSTEM_BACKUP_3_20260612_054242/backups/FINAL_SYSTEM_BACKUP_3_20260612_054242/backups/FINAL_SYSTEM_BACKUP_3_20260612_054242/backups/FINAL_SYSTEM_BACKUP_3_20260612_054242/backups/FINAL_SYSTEM_BACKUP_3_20260612_054242/backups/FINAL_SYSTEM_BACKUP_3_20260612_054242/backups/FINAL_SYSTEM_BACKUP_3_20260612_054242/backups/FINAL_SYSTEM_BACKUP_3_20260612_054242/backups/FINAL_SYSTEM_BACKUP_3_20260612_054242/backups/FINAL_SYSTEM_BACKUP_3_20260612_054242/backups/FINAL_SYSTEM_BACKUP_3_20260612_054242/backups/FINAL_SYSTEM_BACKUP_3_20260612_054242/backups/FINAL_SYSTEM_BACKUP_3_20260612_054242/backups/FINAL_SYSTEM_BACKUP_3_20260612_054242/backups/FINAL_SYSTEM_BACKUP_3_20260612_054242/backups/FINAL_SYSTEM_BACKUP_3_20260612_054242/backups/FINAL_SYSTEM_BACKUP_3_20260612_054242/backups/FINAL_SYSTEM_BACKUP_3_20260612_054242/backups/FINAL_SYSTEM_BACKUP_3_20260612_054242/backups/FINAL_SYSTEM_BACKUP_3_20260612_054242/backups/FINAL_SYSTEM_BACKUP_3_20260612_054242/backups/FINAL_SYSTEM_BACKUP_3_20260612_054242/backups/FINAL_SYSTEM_BACKUP_3_20260612_054242/backups/FINAL_SYSTEM_BACKUP_3_20260612_054242/backups/FINAL_SYSTEM_BACKUP_3_20260612_054242/backups/FINAL_SYSTEM_BACKUP_3_20260612_054242/backups/FINAL_SYSTEM_BACKUP_3_20260612_054242/backups/FINAL_SYSTEM_BACKUP_3_20260612_054242/backups/FINAL_SYSTEM_BACKUP_3_20260612_054242/backups/FINAL_SYSTEM_BACKUP_3_20260612_054242/backups/FINAL_SYSTEM_BACKUP_3_20260612_054242/backups/FINAL_SYSTEM_BACKUP_3_20260612_054242/backups/FINAL_SYSTEM_BACKUP_3_20260612_054242/backups,backups,application/vnd.google-apps.folder,,2026-06-12T05:50:03.161Z
1lCF9s-ghNaf7yaJUAZoSR4HqxcFybGb_,ROOT/backups/FINAL_SYSTEM_BACKUP_3_20260612_054242/backups/FINAL_SYSTEM_BACKUP_3_20260612_054242/backups/FINAL_SYSTEM_BACKUP_3_20260612_054242/backups/FINAL_SYSTEM_BACKUP_3_20260612_054242/backups/FINAL_SYSTEM_BACKUP_3_20260612_054242/backups/FINAL_SYSTEM_BACKUP_3_20260612_054242/backups/FINAL_SYSTEM_BACKUP_3_20260612_054242/backups/FINAL_SYSTEM_BACKUP_3_20260612_054242/backups/FINAL_SYSTEM_BACKUP_3_20260612_054242/backups/FINAL_SYSTEM_BACKUP_3_20260612_054242/backups/FINAL_SYSTEM_BACKUP_3_20260612_054242/backups/FINAL_SYSTEM_BACKUP_3_20260612_054242/backups/FINAL_SYSTEM_BACKUP_3_20260612_054242/backups/FINAL_SYSTEM_BACKUP_3_20260612_054242/backups/FINAL_SYSTEM_BACKUP_3_20260612_054242/backups/FINAL_SYSTEM_BACKUP_3_20260612_054242/backups/FINAL_SYSTEM_BACKUP_3_20260612_054242/backups/FINAL_SYSTEM_BACKUP_3_20260612_054242/backups/FINAL_SYSTEM_BACKUP_3_20260612_054242/backups/FINAL_SYSTEM_BACKUP_3_20260612_054242/backups/FINAL_SYSTEM_BACKUP_3_20260612_054242/backups/FINAL_SYSTEM_BACKUP_3_20260612_054242/backups/FINAL_SYSTEM_BACKUP_3_20260612_054242/backups/FINAL_SYSTEM_BACKUP_3_20260612_054242/backups/FINAL_SYSTEM_BACKUP_3_20260612_054242/backups/FINAL_SYSTEM_BACKUP_3_20260612_054242/backups/FINAL_SYSTEM_BACKUP_3_20260612_054242/backups/FINAL_SYSTEM_BACKUP_3_20260612_054242/backups/FINAL_SYSTEM_BACKUP_3_20260612_054242/backups/FINAL_SYSTEM_BACKUP_3_20260612_054242/backups/FINAL_SYSTEM_BACKUP_3_20260612_054242/backups/FINAL_SYSTEM_BACKUP_3_20260612_054242/backups/FINAL_SYSTEM_BACKUP_3_20260612_054242/backups/FINAL_SYSTEM_BACKUP_3_20260612_054242/backups/FINAL_SYSTEM_BACKUP_3_20260612_054242/backups/FINAL_SYSTEM_BACKUP_3_20260612_054242/backups/FINAL_SYSTEM_BACKUP_3_20260612_054242/backups/FINAL_SYSTEM_BACKUP_3_20260612_054242/backups/FINAL_SYSTEM_BACKUP_3_20260612_054242,FINAL_SYSTEM_BACKUP_3_20260612_054242,application/vnd.google-apps.folder,,2026-06-12T05:50:17.184Z
1NqFuCav5rBc1lEgyNUN9t9PIChQfdnAs,ROOT/backups/FINAL_SYSTEM_BACKUP_3_20260612_054242/backups/FINAL_SYSTEM_BACKUP_3_20260612_054242/backups/FINAL_SYSTEM_BACKUP_3_20260612_054242/backups/FINAL_SYSTEM_BACKUP_3_20260612_054242/backups/FINAL_SYSTEM_BACKUP_3_20260612_054242/backups/FINAL_SYSTEM_BACKUP_3_20260612_054242/backups/FINAL_SYSTEM_BACKUP_3_20260612_054242/backups/FINAL_SYSTEM_BACKUP_3_20260612_054242/backups/FINAL_SYSTEM_BACKUP_3_20260612_054242/backups/FINAL_SYSTEM_BACKUP_3_20260612_054242/backups/FINAL_SYSTEM_BACKUP_3_20260612_054242/backups/FINAL_SYSTEM_BACKUP_3_20260612_054242/backups/FINAL_SYSTEM_BACKUP_3_20260612_054242/backups/FINAL_SYSTEM_BACKUP_3_20260612_054242/backups/FINAL_SYSTEM_BACKUP_3_20260612_054242/backups/FINAL_SYSTEM_BACKUP_3_20260612_054242/backups/FINAL_SYSTEM_BACKUP_3_20260612_054242/backups/FINAL_SYSTEM_BACKUP_3_20260612_054242/backups/FINAL_SYSTEM_BACKUP_3_20260612_054242/backups/FINAL_SYSTEM_BACKUP_3_20260612_054242/backups/FINAL_SYSTEM_BACKUP_3_20260612_054242/backups/FINAL_SYSTEM_BACKUP_3_20260612_054242/backups/FINAL_SYSTEM_BACKUP_3_20260612_054242/backups/FINAL_SYSTEM_BACKUP_3_20260612_054242/backups/FINAL_SYSTEM_BACKUP_3_20260612_054242/backups/FINAL_SYSTEM_BACKUP_3_20260612_054242/backups/FINAL_SYSTEM_BACKUP_3_20260612_054242/backups/FINAL_SYSTEM_BACKUP_3_20260612_054242/backups/FINAL_SYSTEM_BACKUP_3_20260612_054242/backups/FINAL_SYSTEM_BACKUP_3_20260612_054242/backups/FINAL_SYSTEM_BACKUP_3_20260612_054242/backups/FINAL_SYSTEM_BACKUP_3_20260612_054242/backups/FINAL_SYSTEM_BACKUP_3_20260612_054242/backups/FINAL_SYSTEM_BACKUP_3_20260612_054242/backups/FINAL_SYSTEM_BACKUP_3_20260612_054242/backups/FINAL_SYSTEM_BACKUP_3_20260612_054242/backups/FINAL_SYSTEM_BACKUP_3_20260612_054242/backups/FINAL_SYSTEM_BACKUP_3_20260612_054242/backups/FINAL_SYSTEM_BACKUP_3_20260612_054242/backups,backups,application/vnd.google-apps.folder,,2026-06-12T05:50:19.602Z
116VUWQFa_kAlbFoR5LCPcUze7VedQGMP,ROOT/backups/FINAL_SYSTEM_BACKUP_3_20260612_054242/backups/FINAL_SYSTEM_BACKUP_3_20260612_054242/backups/FINAL_SYSTEM_BACKUP_3_20260612_054242/backups/FINAL_SYSTEM_BACKUP_3_20260612_054242/backups/FINAL_SYSTEM_BACKUP_3_20260612_054242/backups/FINAL_SYSTEM_BACKUP_3_20260612_054242/backups/FINAL_SYSTEM_BACKUP_3_20260612_054242/backups/FINAL_SYSTEM_BACKUP_3_20260612_054242/backups/FINAL_SYSTEM_BACKUP_3_20260612_054242/backups/FINAL_SYSTEM_BACKUP_3_20260612_054242/backups/FINAL_SYSTEM_BACKUP_3_20260612_054242/backups/FINAL_SYSTEM_BACKUP_3_20260612_054242/backups/FINAL_SYSTEM_BACKUP_3_20260612_054242/backups/FINAL_SYSTEM_BACKUP_3_20260612_054242/backups/FINAL_SYSTEM_BACKUP_3_20260612_054242/backups/FINAL_SYSTEM_BACKUP_3_20260612_054242/backups/FINAL_SYSTEM_BACKUP_3_20260612_054242/backups/FINAL_SYSTEM_BACKUP_3_20260612_054242/backups/FINAL_SYSTEM_BACKUP_3_20260612_054242/backups/FINAL_SYSTEM_BACKUP_3_20260612_054242/backups/FINAL_SYSTEM_BACKUP_3_20260612_054242/backups/FINAL_SYSTEM_BACKUP_3_20260612_054242/backups/FINAL_SYSTEM_BACKUP_3_20260612_054242/backups/FINAL_SYSTEM_BACKUP_3_20260612_054242/backups/FINAL_SYSTEM_BACKUP_3_20260612_054242/backups/FINAL_SYSTEM_BACKUP_3_20260612_054242/backups/FINAL_SYSTEM_BACKUP_3_20260612_054242/backups/FINAL_SYSTEM_BACKUP_3_20260612_054242/backups/FINAL_SYSTEM_BACKUP_3_20260612_054242/backups/FINAL_SYSTEM_BACKUP_3_20260612_054242/backups/FINAL_SYSTEM_BACKUP_3_20260612_054242/backups/FINAL_SYSTEM_BACKUP_3_20260612_054242/backups/FINAL_SYSTEM_BACKUP_3_20260612_054242/backups/FINAL_SYSTEM_BACKUP_3_20260612_054242/backups/FINAL_SYSTEM_BACKUP_3_20260612_054242/backups/FINAL_SYSTEM_BACKUP_3_20260612_054242/backups/FINAL_SYSTEM_BACKUP_3_20260612_054242/backups/FINAL_SYSTEM_BACKUP_3_20260612_054242/backups/FINAL_SYSTEM_BACKUP_3_20260612_054242/backups/FINAL_SYSTEM_BACKUP_3_20260612_054242,FINAL_SYSTEM_BACKUP_3_20260612_054242,application/vnd.google-apps.folder,,2026-06-12T05:50:35.252Z
1EUVjU7jDj1JCQIQelldqs9DRxCmSHc9n,ROOT/backups/FINAL_SYSTEM_BACKUP_3_20260612_054242/backups/FINAL_SYSTEM_BACKUP_3_20260612_054242/backups/FINAL_SYSTEM_BACKUP_3_20260612_054242/backups/FINAL_SYSTEM_BACKUP_3_20260612_054242/backups/FINAL_SYSTEM_BACKUP_3_20260612_054242/backups/FINAL_SYSTEM_BACKUP_3_20260612_054242/backups/FINAL_SYSTEM_BACKUP_3_20260612_054242/backups/FINAL_SYSTEM_BACKUP_3_20260612_054242/backups/FINAL_SYSTEM_BACKUP_3_20260612_054242/backups/FINAL_SYSTEM_BACKUP_3_20260612_054242/backups/FINAL_SYSTEM_BACKUP_3_20260612_054242/backups/FINAL_SYSTEM_BACKUP_3_20260612_054242/backups/FINAL_SYSTEM_BACKUP_3_20260612_054242/backups/FINAL_SYSTEM_BACKUP_3_20260612_054242/backups/FINAL_SYSTEM_BACKUP_3_20260612_054242/backups/FINAL_SYSTEM_BACKUP_3_20260612_054242/backups/FINAL_SYSTEM_BACKUP_3_20260612_054242/backups/FINAL_SYSTEM_BACKUP_3_20260612_054242/backups/FINAL_SYSTEM_BACKUP_3_20260612_054242/backups/FINAL_SYSTEM_BACKUP_3_20260612_054242/backups/FINAL_SYSTEM_BACKUP_3_20260612_054242/backups/FINAL_SYSTEM_BACKUP_3_20260612_054242/backups/FINAL_SYSTEM_BACKUP_3_20260612_054242/backups/FINAL_SYSTEM_BACKUP_3_20260612_054242/backups/FINAL_SYSTEM_BACKUP_3_20260612_054242/backups/FINAL_SYSTEM_BACKUP_3_20260612_054242/backups/FINAL_SYSTEM_BACKUP_3_20260612_054242/backups/FINAL_SYSTEM_BACKUP_3_20260612_054242/backups/FINAL_SYSTEM_BACKUP_3_20260612_054242/backups/FINAL_SYSTEM_BACKUP_3_20260612_054242/backups/FINAL_SYSTEM_BACKUP_3_20260612_054242/backups/FINAL_SYSTEM_BACKUP_3_20260612_054242/backups/FINAL_SYSTEM_BACKUP_3_20260612_054242/backups/FINAL_SYSTEM_BACKUP_3_20260612_054242/backups/FINAL_SYSTEM_BACKUP_3_20260612_054242/backups/FINAL_SYSTEM_BACKUP_3_20260612_054242/backups/FINAL_SYSTEM_BACKUP_3_20260612_054242/backups/FINAL_SYSTEM_BACKUP_3_20260612_054242/backups/FINAL_SYSTEM_BACKUP_3_20260612_054242/backups/FINAL_SYSTEM_BACKUP_3_20260612_054242/backups,backups,application/vnd.google-apps.folder,,2026-06-12T05:50:37.401Z
1lgpJqAp39UZ5YC3mOD4jgi70aLznIty8,ROOT/backups/FINAL_SYSTEM_BACKUP_3_20260612_054242/backups/FINAL_SYSTEM_BACKUP_3_20260612_054242/backups/FINAL_SYSTEM_BACKUP_3_20260612_054242/backups/FINAL_SYSTEM_BACKUP_3_20260612_054242/backups/FINAL_SYSTEM_BACKUP_3_20260612_054242/backups/FINAL_SYSTEM_BACKUP_3_20260612_054242/backups/FINAL_SYSTEM_BACKUP_3_20260612_054242/backups/FINAL_SYSTEM_BACKUP_3_20260612_054242/backups/FINAL_SYSTEM_BACKUP_3_20260612_054242/backups/FINAL_SYSTEM_BACKUP_3_20260612_054242/backups/FINAL_SYSTEM_BACKUP_3_20260612_054242/backups/FINAL_SYSTEM_BACKUP_3_20260612_054242/backups/FINAL_SYSTEM_BACKUP_3_20260612_054242/backups/FINAL_SYSTEM_BACKUP_3_20260612_054242/backups/FINAL_SYSTEM_BACKUP_3_20260612_054242/backups/FINAL_SYSTEM_BACKUP_3_20260612_054242/backups/FINAL_SYSTEM_BACKUP_3_20260612_054242/backups/FINAL_SYSTEM_BACKUP_3_20260612_054242/backups/FINAL_SYSTEM_BACKUP_3_20260612_054242/backups/FINAL_SYSTEM_BACKUP_3_20260612_054242/backups/FINAL_SYSTEM_BACKUP_3_20260612_054242/backups/FINAL_SYSTEM_BACKUP_3_20260612_054242/backups/FINAL_SYSTEM_BACKUP_3_20260612_054242/backups/FINAL_SYSTEM_BACKUP_3_20260612_054242/backups/FINAL_SYSTEM_BACKUP_3_20260612_054242/backups/FINAL_SYSTEM_BACKUP_3_20260612_054242/backups/FINAL_SYSTEM_BACKUP_3_20260612_054242/backups/FINAL_SYSTEM_BACKUP_3_20260612_054242/backups/FINAL_SYSTEM_BACKUP_3_20260612_054242/backups/FINAL_SYSTEM_BACKUP_3_20260612_054242/backups/FINAL_SYSTEM_BACKUP_3_20260612_054242/backups/FINAL_SYSTEM_BACKUP_3_20260612_054242/backups/FINAL_SYSTEM_BACKUP_3_20260612_054242/backups/FINAL_SYSTEM_BACKUP_3_20260612_054242/backups/FINAL_SYSTEM_BACKUP_3_20260612_054242/backups/FINAL_SYSTEM_BACKUP_3_20260612_054242/backups/FINAL_SYSTEM_BACKUP_3_20260612_054242/backups/FINAL_SYSTEM_BACKUP_3_20260612_054242/backups/FINAL_SYSTEM_BACKUP_3_20260612_054242/backups/FINAL_SYSTEM_BACKUP_3_20260612_054242/backups/FINAL_SYSTEM_BACKUP_3_20260612_054242,FINAL_SYSTEM_BACKUP_3_20260612_054242,application/vnd.google-apps.folder,,2026-06-12T05:50:52.143Z
1Dy3-GPKIxBdi2yYu66d6ZgQRrK3LGmQZ,ROOT/backups/FINAL_SYSTEM_BACKUP_3_20260612_054242/backups/FINAL_SYSTEM_BACKUP_3_20260612_054242/backups/FINAL_SYSTEM_BACKUP_3_20260612_054242/backups/FINAL_SYSTEM_BACKUP_3_20260612_054242/backups/FINAL_SYSTEM_BACKUP_3_20260612_054242/backups/FINAL_SYSTEM_BACKUP_3_20260612_054242/backups/FINAL_SYSTEM_BACKUP_3_20260612_054242/backups/FINAL_SYSTEM_BACKUP_3_20260612_054242/backups/FINAL_SYSTEM_BACKUP_3_20260612_054242/backups/FINAL_SYSTEM_BACKUP_3_20260612_054242/backups/FINAL_SYSTEM_BACKUP_3_20260612_054242/backups/FINAL_SYSTEM_BACKUP_3_20260612_054242/backups/FINAL_SYSTEM_BACKUP_3_20260612_054242/backups/FINAL_SYSTEM_BACKUP_3_20260612_054242/backups/FINAL_SYSTEM_BACKUP_3_20260612_054242/backups/FINAL_SYSTEM_BACKUP_3_20260612_054242/backups/FINAL_SYSTEM_BACKUP_3_20260612_054242/backups/FINAL_SYSTEM_BACKUP_3_20260612_054242/backups/FINAL_SYSTEM_BACKUP_3_20260612_054242/backups/FINAL_SYSTEM_BACKUP_3_20260612_054242/backups/FINAL_SYSTEM_BACKUP_3_20260612_054242/backups/FINAL_SYSTEM_BACKUP_3_20260612_054242/backups/FINAL_SYSTEM_BACKUP_3_20260612_054242/backups/FINAL_SYSTEM_BACKUP_3_20260612_054242/backups/FINAL_SYSTEM_BACKUP_3_20260612_054242/backups/FINAL_SYSTEM_BACKUP_3_20260612_054242/backups/FINAL_SYSTEM_BACKUP_3_20260612_054242/backups/FINAL_SYSTEM_BACKUP_3_20260612_054242/backups/FINAL_SYSTEM_BACKUP_3_20260612_054242/backups/FINAL_SYSTEM_BACKUP_3_20260612_054242/backups/FINAL_SYSTEM_BACKUP_3_20260612_054242/backups/FINAL_SYSTEM_BACKUP_3_20260612_054242/backups/FINAL_SYSTEM_BACKUP_3_20260612_054242/backups/FINAL_SYSTEM_BACKUP_3_20260612_054242/backups/FINAL_SYSTEM_BACKUP_3_20260612_054242/backups/FINAL_SYSTEM_BACKUP_3_20260612_054242/backups/FINAL_SYSTEM_BACKUP_3_20260612_054242/backups/FINAL_SYSTEM_BACKUP_3_20260612_054242/backups/FINAL_SYSTEM_BACKUP_3_20260612_054242/backups/FINAL_SYSTEM_BACKUP_3_20260612_054242/backups/FINAL_SYSTEM_BACKUP_3_20260612_054242/backups,backups,application/vnd.google-apps.folder,,2026-06-12T05:50:54.736Z
1VC8aDctjy4gBjxJSEI8iuRzDwOa6KyD8,ROOT/backups/FINAL_SYSTEM_BACKUP_3_20260612_054242/backups/FINAL_SYSTEM_BACKUP_3_20260612_054242/backups/FINAL_SYSTEM_BACKUP_3_20260612_054242/backups/FINAL_SYSTEM_BACKUP_3_20260612_054242/backups/FINAL_SYSTEM_BACKUP_3_20260612_054242/backups/FINAL_SYSTEM_BACKUP_3_20260612_054242/backups/FINAL_SYSTEM_BACKUP_3_20260612_054242/backups/FINAL_SYSTEM_BACKUP_3_20260612_054242/backups/FINAL_SYSTEM_BACKUP_3_20260612_054242/backups/FINAL_SYSTEM_BACKUP_3_20260612_054242/backups/FINAL_SYSTEM_BACKUP_3_20260612_054242/backups/FINAL_SYSTEM_BACKUP_3_20260612_054242/backups/FINAL_SYSTEM_BACKUP_3_20260612_054242/backups/FINAL_SYSTEM_BACKUP_3_20260612_054242/backups/FINAL_SYSTEM_BACKUP_3_20260612_054242/backups/FINAL_SYSTEM_BACKUP_3_20260612_054242/backups/FINAL_SYSTEM_BACKUP_3_20260612_054242/backups/FINAL_SYSTEM_BACKUP_3_20260612_054242/backups/FINAL_SYSTEM_BACKUP_3_20260612_054242/backups/FINAL_SYSTEM_BACKUP_3_20260612_054242/backups/FINAL_SYSTEM_BACKUP_3_20260612_054242/backups/FINAL_SYSTEM_BACKUP_3_20260612_054242/backups/FINAL_SYSTEM_BACKUP_3_20260612_054242/backups/FINAL_SYSTEM_BACKUP_3_20260612_054242/backups/FINAL_SYSTEM_BACKUP_3_20260612_054242/backups/FINAL_SYSTEM_BACKUP_3_20260612_054242/backups/FINAL_SYSTEM_BACKUP_3_20260612_054242/backups/FINAL_SYSTEM_BACKUP_3_20260612_054242/backups/FINAL_SYSTEM_BACKUP_3_20260612_054242/backups/FINAL_SYSTEM_BACKUP_3_20260612_054242/backups/FINAL_SYSTEM_BACKUP_3_20260612_054242/backups/FINAL_SYSTEM_BACKUP_3_20260612_054242/backups/FINAL_SYSTEM_BACKUP_3_20260612_054242/backups/FINAL_SYSTEM_BACKUP_3_20260612_054242/backups/FINAL_SYSTEM_BACKUP_3_20260612_054242/backups/FINAL_SYSTEM_BACKUP_3_20260612_054242/backups/FINAL_SYSTEM_BACKUP_3_20260612_054242/backups/FINAL_SYSTEM_BACKUP_3_20260612_054242/backups/FINAL_SYSTEM_BACKUP_3_20260612_054242/backups/FINAL_SYSTEM_BACKUP_3_20260612_054242/backups/FINAL_SYSTEM_BACKUP_3_20260612_054242/backups/FINAL_SYSTEM_BACKUP_3_20260612_054242,FINAL_SYSTEM_BACKUP_3_20260612_054242,application/vnd.google-apps.folder,,2026-06-12T05:51:08.984Z
1FXlWE2XIkBrgwqAgGeYc9-ftbxAT9W7F,ROOT/backups/FINAL_SYSTEM_BACKUP_3_20260612_054242/backups/FINAL_SYSTEM_BACKUP_3_20260612_054242/backups/FINAL_SYSTEM_BACKUP_3_20260612_054242/backups/FINAL_SYSTEM_BACKUP_3_20260612_054242/backups/FINAL_SYSTEM_BACKUP_3_20260612_054242/backups/FINAL_SYSTEM_BACKUP_3_20260612_054242/backups/FINAL_SYSTEM_BACKUP_3_20260612_054242/backups/FINAL_SYSTEM_BACKUP_3_20260612_054242/backups/FINAL_SYSTEM_BACKUP_3_20260612_054242/backups/FINAL_SYSTEM_BACKUP_3_20260612_054242/backups/FINAL_SYSTEM_BACKUP_3_20260612_054242/backups/FINAL_SYSTEM_BACKUP_3_20260612_054242/backups/FINAL_SYSTEM_BACKUP_3_20260612_054242/backups/FINAL_SYSTEM_BACKUP_3_20260612_054242/backups/FINAL_SYSTEM_BACKUP_3_20260612_054242/backups/FINAL_SYSTEM_BACKUP_3_20260612_054242/backups/FINAL_SYSTEM_BACKUP_3_20260612_054242/backups/FINAL_SYSTEM_BACKUP_3_20260612_054242/backups/FINAL_SYSTEM_BACKUP_3_20260612_054242/backups/FINAL_SYSTEM_BACKUP_3_20260612_054242/backups/FINAL_SYSTEM_BACKUP_3_20260612_054242/backups/FINAL_SYSTEM_BACKUP_3_20260612_054242/backups/FINAL_SYSTEM_BACKUP_3_20260612_054242/backups/FINAL_SYSTEM_BACKUP_3_20260612_054242/backups/FINAL_SYSTEM_BACKUP_3_20260612_054242/backups/FINAL_SYSTEM_BACKUP_3_20260612_054242/backups/FINAL_SYSTEM_BACKUP_3_20260612_054242/backups/FINAL_SYSTEM_BACKUP_3_20260612_054242/backups/FINAL_SYSTEM_BACKUP_3_20260612_054242/backups/FINAL_SYSTEM_BACKUP_3_20260612_054242/backups/FINAL_SYSTEM_BACKUP_3_20260612_054242/backups/FINAL_SYSTEM_BACKUP_3_20260612_054242/backups/FINAL_SYSTEM_BACKUP_3_20260612_054242/backups/FINAL_SYSTEM_BACKUP_3_20260612_054242/backups/FINAL_SYSTEM_BACKUP_3_20260612_054242/backups/FINAL_SYSTEM_BACKUP_3_20260612_054242/backups/FINAL_SYSTEM_BACKUP_3_20260612_054242/backups/FINAL_SYSTEM_BACKUP_3_20260612_054242/backups/FINAL_SYSTEM_BACKUP_3_20260612_054242/backups/FINAL_SYSTEM_BACKUP_3_20260612_054242/backups/FINAL_SYSTEM_BACKUP_3_20260612_054242/backups/FINAL_SYSTEM_BACKUP_3_20260612_054242/backups,backups,application/vnd.google-apps.folder,,2026-06-12T05:51:12.093Z
1TwSEA15cASY4FYhPXhFnQET9YJ_5XKhu,ROOT/backups/FINAL_SYSTEM_BACKUP_3_20260612_054242/backups/FINAL_SYSTEM_BACKUP_3_20260612_054242/backups/FINAL_SYSTEM_BACKUP_3_20260612_054242/backups/FINAL_SYSTEM_BACKUP_3_20260612_054242/backups/FINAL_SYSTEM_BACKUP_3_20260612_054242/backups/FINAL_SYSTEM_BACKUP_3_20260612_054242/backups/FINAL_SYSTEM_BACKUP_3_20260612_054242/backups/FINAL_SYSTEM_BACKUP_3_20260612_054242/backups/FINAL_SYSTEM_BACKUP_3_20260612_054242/backups/FINAL_SYSTEM_BACKUP_3_20260612_054242/backups/FINAL_SYSTEM_BACKUP_3_20260612_054242/backups/FINAL_SYSTEM_BACKUP_3_20260612_054242/backups/FINAL_SYSTEM_BACKUP_3_20260612_054242/backups/FINAL_SYSTEM_BACKUP_3_20260612_054242/backups/FINAL_SYSTEM_BACKUP_3_20260612_054242/backups/FINAL_SYSTEM_BACKUP_3_20260612_054242/backups/FINAL_SYSTEM_BACKUP_3_20260612_054242/backups/FINAL_SYSTEM_BACKUP_3_20260612_054242/backups/FINAL_SYSTEM_BACKUP_3_20260612_054242/backups/FINAL_SYSTEM_BACKUP_3_20260612_054242/backups/FINAL_SYSTEM_BACKUP_3_20260612_054242/backups/FINAL_SYSTEM_BACKUP_3_20260612_054242/backups/FINAL_SYSTEM_BACKUP_3_20260612_054242/backups/FINAL_SYSTEM_BACKUP_3_20260612_054242/backups/FINAL_SYSTEM_BACKUP_3_20260612_054242/backups/FINAL_SYSTEM_BACKUP_3_20260612_054242/backups/FINAL_SYSTEM_BACKUP_3_20260612_054242/backups/FINAL_SYSTEM_BACKUP_3_20260612_054242/backups/FINAL_SYSTEM_BACKUP_3_20260612_054242/backups/FINAL_SYSTEM_BACKUP_3_20260612_054242/backups/FINAL_SYSTEM_BACKUP_3_20260612_054242/backups/FINAL_SYSTEM_BACKUP_3_20260612_054242/backups/FINAL_SYSTEM_BACKUP_3_20260612_054242/backups/FINAL_SYSTEM_BACKUP_3_20260612_054242/backups/FINAL_SYSTEM_BACKUP_3_20260612_054242/backups/FINAL_SYSTEM_BACKUP_3_20260612_054242/backups/FINAL_SYSTEM_BACKUP_3_20260612_054242/backups/FINAL_SYSTEM_BACKUP_3_20260612_054242/backups/FINAL_SYSTEM_BACKUP_3_20260612_054242/backups/FINAL_SYSTEM_BACKUP_3_20260612_054242/backups/FINAL_SYSTEM_BACKUP_3_20260612_054242/backups/FINAL_SYSTEM_BACKUP_3_20260612_054242/backups/old_images_20260609_071029,old_images_20260609_071029,application/vnd.google-apps.folder,,2026-06-12T05:51:18.666Z
15C1k2-NqALZ3E7n0-ITarP6fqlOzuO2F,ROOT/backups/FINAL_SYSTEM_BACKUP_3_20260612_054242/backups/FINAL_SYSTEM_BACKUP_3_20260612_054242/backups/FINAL_SYSTEM_BACKUP_3_20260612_054242/backups/FINAL_SYSTEM_BACKUP_3_20260612_054242/backups/FINAL_SYSTEM_BACKUP_3_20260612_054242/backups/FINAL_SYSTEM_BACKUP_3_20260612_054242/backups/FINAL_SYSTEM_BACKUP_3_20260612_054242/backups/FINAL_SYSTEM_BACKUP_3_20260612_054242/backups/FINAL_SYSTEM_BACKUP_3_20260612_054242/backups/FINAL_SYSTEM_BACKUP_3_20260612_054242/backups/FINAL_SYSTEM_BACKUP_3_20260612_054242/backups/FINAL_SYSTEM_BACKUP_3_20260612_054242/backups/FINAL_SYSTEM_BACKUP_3_20260612_054242/backups/FINAL_SYSTEM_BACKUP_3_20260612_054242/backups/FINAL_SYSTEM_BACKUP_3_20260612_054242/backups/FINAL_SYSTEM_BACKUP_3_20260612_054242/backups/FINAL_SYSTEM_BACKUP_3_20260612_054242/backups/FINAL_SYSTEM_BACKUP_3_20260612_054242/backups/FINAL_SYSTEM_BACKUP_3_20260612_054242/backups/FINAL_SYSTEM_BACKUP_3_20260612_054242/backups/FINAL_SYSTEM_BACKUP_3_20260612_054242/backups/FINAL_SYSTEM_BACKUP_3_20260612_054242/backups/FINAL_SYSTEM_BACKUP_3_20260612_054242/backups/FINAL_SYSTEM_BACKUP_3_20260612_054242/backups/FINAL_SYSTEM_BACKUP_3_20260612_054242/backups/FINAL_SYSTEM_BACKUP_3_20260612_054242/backups/FINAL_SYSTEM_BACKUP_3_20260612_054242/backups/FINAL_SYSTEM_BACKUP_3_20260612_054242/backups/FINAL_SYSTEM_BACKUP_3_20260612_054242/backups/FINAL_SYSTEM_BACKUP_3_20260612_054242/backups/FINAL_SYSTEM_BACKUP_3_20260612_054242/backups/FINAL_SYSTEM_BACKUP_3_20260612_054242/backups/FINAL_SYSTEM_BACKUP_3_20260612_054242/backups/FINAL_SYSTEM_BACKUP_3_20260612_054242/backups/FINAL_SYSTEM_BACKUP_3_20260612_054242/backups/FINAL_SYSTEM_BACKUP_3_20260612_054242/backups/FINAL_SYSTEM_BACKUP_3_20260612_054242/backups/FINAL_SYSTEM_BACKUP_3_20260612_054242/backups/FINAL_SYSTEM_BACKUP_3_20260612_054242/backups/FINAL_SYSTEM_BACKUP_3_20260612_054242/backups/FINAL_SYSTEM_BACKUP_3_20260612_054242/backups/FINAL_SYSTEM_BACKUP_3_20260612_054242/backups/full_backup_20260608_225815,full_backup_20260608_225815,application/vnd.google-apps.folder,,2026-06-08T22:58:15.000Z
1IJ7V7ZnYJmOqZRqWcBR56-W7lU3BNY6c,ROOT/backups/FINAL_SYSTEM_BACKUP_3_20260612_054242/backups/FINAL_SYSTEM_BACKUP_3_20260612_054242/backups/FINAL_SYSTEM_BACKUP_3_20260612_054242/backups/FINAL_SYSTEM_BACKUP_3_20260612_054242/backups/FINAL_SYSTEM_BACKUP_3_20260612_054242/backups/FINAL_SYSTEM_BACKUP_3_20260612_054242/backups/FINAL_SYSTEM_BACKUP_3_20260612_054242/backups/FINAL_SYSTEM_BACKUP_3_20260612_054242/backups/FINAL_SYSTEM_BACKUP_3_20260612_054242/backups/FINAL_SYSTEM_BACKUP_3_20260612_054242/backups/FINAL_SYSTEM_BACKUP_3_20260612_054242/backups/FINAL_SYSTEM_BACKUP_3_20260612_054242/backups/FINAL_SYSTEM_BACKUP_3_20260612_054242/backups/FINAL_SYSTEM_BACKUP_3_20260612_054242/backups/FINAL_SYSTEM_BACKUP_3_20260612_054242/backups/FINAL_SYSTEM_BACKUP_3_20260612_054242/backups/FINAL_SYSTEM_BACKUP_3_20260612_054242/backups/FINAL_SYSTEM_BACKUP_3_20260612_054242/backups/FINAL_SYSTEM_BACKUP_3_20260612_054242/backups/FINAL_SYSTEM_BACKUP_3_20260612_054242/backups/FINAL_SYSTEM_BACKUP_3_20260612_054242/backups/FINAL_SYSTEM_BACKUP_3_20260612_054242/backups/FINAL_SYSTEM_BACKUP_3_20260612_054242/backups/FINAL_SYSTEM_BACKUP_3_20260612_054242/backups/FINAL_SYSTEM_BACKUP_3_20260612_054242/backups/FINAL_SYSTEM_BACKUP_3_20260612_054242/backups/FINAL_SYSTEM_BACKUP_3_20260612_054242/backups/FINAL_SYSTEM_BACKUP_3_20260612_054242/backups/FINAL_SYSTEM_BACKUP_3_20260612_054242/backups/FINAL_SYSTEM_BACKUP_3_20260612_054242/backups/FINAL_SYSTEM_BACKUP_3_20260612_054242/backups/FINAL_SYSTEM_BACKUP_3_20260612_054242/backups/FINAL_SYSTEM_BACKUP_3_20260612_054242/backups/FINAL_SYSTEM_BACKUP_3_20260612_054242/backups/FINAL_SYSTEM_BACKUP_3_20260612_054242/backups/FINAL_SYSTEM_BACKUP_3_20260612_054242/backups/FINAL_SYSTEM_BACKUP_3_20260612_054242/backups/FINAL_SYSTEM_BACKUP_3_20260612_054242/backups/FINAL_SYSTEM_BACKUP_3_20260612_054242/backups/FINAL_SYSTEM_BACKUP_3_20260612_054242/backups/FINAL_SYSTEM_BACKUP_3_20260612_054242/backups/FINAL_SYSTEM_BACKUP_3_20260612_054242/backups/full_backup_20260608_225815/secrets,secrets,application/vnd.google-apps.folder,,2026-06-08T21:02:21.000Z
1fiqMW7SMTkEsYneeDFuUaw0PON_lUpfL,ROOT/backups/FINAL_SYSTEM_BACKUP_3_20260612_054242/backups/FINAL_SYSTEM_BACKUP_3_20260612_054242/backups/FINAL_SYSTEM_BACKUP_3_20260612_054242/backups/FINAL_SYSTEM_BACKUP_3_20260612_054242/backups/FINAL_SYSTEM_BACKUP_3_20260612_054242/backups/FINAL_SYSTEM_BACKUP_3_20260612_054242/backups/FINAL_SYSTEM_BACKUP_3_20260612_054242/backups/FINAL_SYSTEM_BACKUP_3_20260612_054242/backups/FINAL_SYSTEM_BACKUP_3_20260612_054242/backups/FINAL_SYSTEM_BACKUP_3_20260612_054242/backups/FINAL_SYSTEM_BACKUP_3_20260612_054242/backups/FINAL_SYSTEM_BACKUP_3_20260612_054242/backups/FINAL_SYSTEM_BACKUP_3_20260612_054242/backups/FINAL_SYSTEM_BACKUP_3_20260612_054242/backups/FINAL_SYSTEM_BACKUP_3_20260612_054242/backups/FINAL_SYSTEM_BACKUP_3_20260612_054242/backups/FINAL_SYSTEM_BACKUP_3_20260612_054242/backups/FINAL_SYSTEM_BACKUP_3_20260612_054242/backups/FINAL_SYSTEM_BACKUP_3_20260612_054242/backups/FINAL_SYSTEM_BACKUP_3_20260612_054242/backups/FINAL_SYSTEM_BACKUP_3_20260612_054242/backups/FINAL_SYSTEM_BACKUP_3_20260612_054242/backups/FINAL_SYSTEM_BACKUP_3_20260612_054242/backups/FINAL_SYSTEM_BACKUP_3_20260612_054242/backups/FINAL_SYSTEM_BACKUP_3_20260612_054242/backups/FINAL_SYSTEM_BACKUP_3_20260612_054242/backups/FINAL_SYSTEM_BACKUP_3_20260612_054242/backups/FINAL_SYSTEM_BACKUP_3_20260612_054242/backups/FINAL_SYSTEM_BACKUP_3_20260612_054242/backups/FINAL_SYSTEM_BACKUP_3_20260612_054242/backups/FINAL_SYSTEM_BACKUP_3_20260612_054242/backups/FINAL_SYSTEM_BACKUP_3_20260612_054242/backups/FINAL_SYSTEM_BACKUP_3_20260612_054242/backups/FINAL_SYSTEM_BACKUP_3_20260612_054242/backups/FINAL_SYSTEM_BACKUP_3_20260612_054242/backups/FINAL_SYSTEM_BACKUP_3_20260612_054242/backups/FINAL_SYSTEM_BACKUP_3_20260612_054242/backups/FINAL_SYSTEM_BACKUP_3_20260612_054242/backups/FINAL_SYSTEM_BACKUP_3_20260612_054242/backups/FINAL_SYSTEM_BACKUP_3_20260612_054242/backups/FINAL_SYSTEM_BACKUP_3_20260612_054242/backups/FINAL_SYSTEM_BACKUP_3_20260612_054242/backups/full_backup_20260608_225815/bilder,bilder,application/vnd.google-apps.folder,,2026-06-08T05:51:42.000Z
1aHve2gORsVzSrv_zMFsleF_E0MRJ2ZGC,ROOT/backups/FINAL_SYSTEM_BACKUP_3_20260612_054242/backups/FINAL_SYSTEM_BACKUP_3_20260612_054242/backups/FINAL_SYSTEM_BACKUP_3_20260612_054242/backups/FINAL_SYSTEM_BACKUP_3_20260612_054242/backups/FINAL_SYSTEM_BACKUP_3_20260612_054242/backups/FINAL_SYSTEM_BACKUP_3_20260612_054242/backups/FINAL_SYSTEM_BACKUP_3_20260612_054242/backups/FINAL_SYSTEM_BACKUP_3_20260612_054242/backups/FINAL_SYSTEM_BACKUP_3_20260612_054242/backups/FINAL_SYSTEM_BACKUP_3_20260612_054242/backups/FINAL_SYSTEM_BACKUP_3_20260612_054242/backups/FINAL_SYSTEM_BACKUP_3_20260612_054242/backups/FINAL_SYSTEM_BACKUP_3_20260612_054242/backups/FINAL_SYSTEM_BACKUP_3_20260612_054242/backups/FINAL_SYSTEM_BACKUP_3_20260612_054242/backups/FINAL_SYSTEM_BACKUP_3_20260612_054242/backups/FINAL_SYSTEM_BACKUP_3_20260612_054242/backups/FINAL_SYSTEM_BACKUP_3_20260612_054242/backups/FINAL_SYSTEM_BACKUP_3_20260612_054242/backups/FINAL_SYSTEM_BACKUP_3_20260612_054242/backups/FINAL_SYSTEM_BACKUP_3_20260612_054242/backups/FINAL_SYSTEM_BACKUP_3_20260612_054242/backups/FINAL_SYSTEM_BACKUP_3_20260612_054242/backups/FINAL_SYSTEM_BACKUP_3_20260612_054242/backups/FINAL_SYSTEM_BACKUP_3_20260612_054242/backups/FINAL_SYSTEM_BACKUP_3_20260612_054242/backups/FINAL_SYSTEM_BACKUP_3_20260612_054242/backups/FINAL_SYSTEM_BACKUP_3_20260612_054242/backups/FINAL_SYSTEM_BACKUP_3_20260612_054242/backups/FINAL_SYSTEM_BACKUP_3_20260612_054242/backups/FINAL_SYSTEM_BACKUP_3_20260612_054242/backups/FINAL_SYSTEM_BACKUP_3_20260612_054242/backups/FINAL_SYSTEM_BACKUP_3_20260612_054242/backups/FINAL_SYSTEM_BACKUP_3_20260612_054242/backups/FINAL_SYSTEM_BACKUP_3_20260612_054242/backups/FINAL_SYSTEM_BACKUP_3_20260612_054242/backups/FINAL_SYSTEM_BACKUP_3_20260612_054242/backups/FINAL_SYSTEM_BACKUP_3_20260612_054242/backups/FINAL_SYSTEM_BACKUP_3_20260612_054242/backups/FINAL_SYSTEM_BACKUP_3_20260612_054242/backups/FINAL_SYSTEM_BACKUP_3_20260612_054242/backups/FINAL_SYSTEM_BACKUP_3_20260612_054242/bilder,bilder,application/vnd.google-apps.folder,,2026-06-12T05:42:43.000Z
1Hg6i_4BJWPhdYYEEkh7jlYk25ko56ay0,ROOT/backups/FINAL_SYSTEM_BACKUP_3_20260612_054242/backups/FINAL_SYSTEM_BACKUP_3_20260612_054242/backups/FINAL_SYSTEM_BACKUP_3_20260612_054242/backups/FINAL_SYSTEM_BACKUP_3_20260612_054242/backups/FINAL_SYSTEM_BACKUP_3_20260612_054242/backups/FINAL_SYSTEM_BACKUP_3_20260612_054242/backups/FINAL_SYSTEM_BACKUP_3_20260612_054242/backups/FINAL_SYSTEM_BACKUP_3_20260612_054242/backups/FINAL_SYSTEM_BACKUP_3_20260612_054242/backups/FINAL_SYSTEM_BACKUP_3_20260612_054242/backups/FINAL_SYSTEM_BACKUP_3_20260612_054242/backups/FINAL_SYSTEM_BACKUP_3_20260612_054242/backups/FINAL_SYSTEM_BACKUP_3_20260612_054242/backups/FINAL_SYSTEM_BACKUP_3_20260612_054242/backups/FINAL_SYSTEM_BACKUP_3_20260612_054242/backups/FINAL_SYSTEM_BACKUP_3_20260612_054242/backups/FINAL_SYSTEM_BACKUP_3_20260612_054242/backups/FINAL_SYSTEM_BACKUP_3_20260612_054242/backups/FINAL_SYSTEM_BACKUP_3_20260612_054242/backups/FINAL_SYSTEM_BACKUP_3_20260612_054242/backups/FINAL_SYSTEM_BACKUP_3_20260612_054242/backups/FINAL_SYSTEM_BACKUP_3_20260612_054242/backups/FINAL_SYSTEM_BACKUP_3_20260612_054242/backups/FINAL_SYSTEM_BACKUP_3_20260612_054242/backups/FINAL_SYSTEM_BACKUP_3_20260612_054242/backups/FINAL_SYSTEM_BACKUP_3_20260612_054242/backups/FINAL_SYSTEM_BACKUP_3_20260612_054242/backups/FINAL_SYSTEM_BACKUP_3_20260612_054242/backups/FINAL_SYSTEM_BACKUP_3_20260612_054242/backups/FINAL_SYSTEM_BACKUP_3_20260612_054242/backups/FINAL_SYSTEM_BACKUP_3_20260612_054242/backups/FINAL_SYSTEM_BACKUP_3_20260612_054242/backups/FINAL_SYSTEM_BACKUP_3_20260612_054242/backups/FINAL_SYSTEM_BACKUP_3_20260612_054242/backups/FINAL_SYSTEM_BACKUP_3_20260612_054242/backups/FINAL_SYSTEM_BACKUP_3_20260612_054242/backups/FINAL_SYSTEM_BACKUP_3_20260612_054242/backups/FINAL_SYSTEM_BACKUP_3_20260612_054242/backups/FINAL_SYSTEM_BACKUP_3_20260612_054242/backups/FINAL_SYSTEM_BACKUP_3_20260612_054242/backups/FINAL_SYSTEM_BACKUP_3_20260612_054242/backups/FINAL_SYSTEM_BACKUP_3_20260612_054242/bilder/produkte,produkte,application/vnd.google-apps.folder,,2026-06-09T07:10:29.000Z
11KPnn0qMoahAyHUUYR3_8YM2WcV1DKmn,ROOT/backups/FINAL_SYSTEM_BACKUP_3_20260612_054242/backups/FINAL_SYSTEM_BACKUP_3_20260612_054242/backups/FINAL_SYSTEM_BACKUP_3_20260612_054242/backups/FINAL_SYSTEM_BACKUP_3_20260612_054242/backups/FINAL_SYSTEM_BACKUP_3_20260612_054242/backups/FINAL_SYSTEM_BACKUP_3_20260612_054242/backups/FINAL_SYSTEM_BACKUP_3_20260612_054242/backups/FINAL_SYSTEM_BACKUP_3_20260612_054242/backups/FINAL_SYSTEM_BACKUP_3_20260612_054242/backups/FINAL_SYSTEM_BACKUP_3_20260612_054242/backups/FINAL_SYSTEM_BACKUP_3_20260612_054242/backups/FINAL_SYSTEM_BACKUP_3_20260612_054242/backups/FINAL_SYSTEM_BACKUP_3_20260612_054242/backups/FINAL_SYSTEM_BACKUP_3_20260612_054242/backups/FINAL_SYSTEM_BACKUP_3_20260612_054242/backups/FINAL_SYSTEM_BACKUP_3_20260612_054242/backups/FINAL_SYSTEM_BACKUP_3_20260612_054242/backups/FINAL_SYSTEM_BACKUP_3_20260612_054242/backups/FINAL_SYSTEM_BACKUP_3_20260612_054242/backups/FINAL_SYSTEM_BACKUP_3_20260612_054242/backups/FINAL_SYSTEM_BACKUP_3_20260612_054242/backups/FINAL_SYSTEM_BACKUP_3_20260612_054242/backups/FINAL_SYSTEM_BACKUP_3_20260612_054242/backups/FINAL_SYSTEM_BACKUP_3_20260612_054242/backups/FINAL_SYSTEM_BACKUP_3_20260612_054242/backups/FINAL_SYSTEM_BACKUP_3_20260612_054242/backups/FINAL_SYSTEM_BACKUP_3_20260612_054242/backups/FINAL_SYSTEM_BACKUP_3_20260612_054242/backups/FINAL_SYSTEM_BACKUP_3_20260612_054242/backups/FINAL_SYSTEM_BACKUP_3_20260612_054242/backups/FINAL_SYSTEM_BACKUP_3_20260612_054242/backups/FINAL_SYSTEM_BACKUP_3_20260612_054242/backups/FINAL_SYSTEM_BACKUP_3_20260612_054242/backups/FINAL_SYSTEM_BACKUP_3_20260612_054242/backups/FINAL_SYSTEM_BACKUP_3_20260612_054242/backups/FINAL_SYSTEM_BACKUP_3_20260612_054242/backups/FINAL_SYSTEM_BACKUP_3_20260612_054242/backups/FINAL_SYSTEM_BACKUP_3_20260612_054242/backups/FINAL_SYSTEM_BACKUP_3_20260612_054242/backups/FINAL_SYSTEM_BACKUP_3_20260612_054242/backups/FINAL_SYSTEM_BACKUP_3_20260612_054242/backups/old_images_20260609_071029,old_images_20260609_071029,application/vnd.google-apps.folder,,2026-06-09T07:10:29.000Z
1Cbp34IlVOq4ufulo6NC2jRoaymrprSTC,ROOT/backups/FINAL_SYSTEM_BACKUP_3_20260612_054242/backups/FINAL_SYSTEM_BACKUP_3_20260612_054242/backups/FINAL_SYSTEM_BACKUP_3_20260612_054242/backups/FINAL_SYSTEM_BACKUP_3_20260612_054242/backups/FINAL_SYSTEM_BACKUP_3_20260612_054242/backups/FINAL_SYSTEM_BACKUP_3_20260612_054242/backups/FINAL_SYSTEM_BACKUP_3_20260612_054242/backups/FINAL_SYSTEM_BACKUP_3_20260612_054242/backups/FINAL_SYSTEM_BACKUP_3_20260612_054242/backups/FINAL_SYSTEM_BACKUP_3_20260612_054242/backups/FINAL_SYSTEM_BACKUP_3_20260612_054242/backups/FINAL_SYSTEM_BACKUP_3_20260612_054242/backups/FINAL_SYSTEM_BACKUP_3_20260612_054242/backups/FINAL_SYSTEM_BACKUP_3_20260612_054242/backups/FINAL_SYSTEM_BACKUP_3_20260612_054242/backups/FINAL_SYSTEM_BACKUP_3_20260612_054242/backups/FINAL_SYSTEM_BACKUP_3_20260612_054242/backups/FINAL_SYSTEM_BACKUP_3_20260612_054242/backups/FINAL_SYSTEM_BACKUP_3_20260612_054242/backups/FINAL_SYSTEM_BACKUP_3_20260612_054242/backups/FINAL_SYSTEM_BACKUP_3_20260612_054242/backups/FINAL_SYSTEM_BACKUP_3_20260612_054242/backups/FINAL_SYSTEM_BACKUP_3_20260612_054242/backups/FINAL_SYSTEM_BACKUP_3_20260612_054242/backups/FINAL_SYSTEM_BACKUP_3_20260612_054242/backups/FINAL_SYSTEM_BACKUP_3_20260612_054242/backups/FINAL_SYSTEM_BACKUP_3_20260612_054242/backups/FINAL_SYSTEM_BACKUP_3_20260612_054242/backups/FINAL_SYSTEM_BACKUP_3_20260612_054242/backups/FINAL_SYSTEM_BACKUP_3_20260612_054242/backups/FINAL_SYSTEM_BACKUP_3_20260612_054242/backups/FINAL_SYSTEM_BACKUP_3_20260612_054242/backups/FINAL_SYSTEM_BACKUP_3_20260612_054242/backups/FINAL_SYSTEM_BACKUP_3_20260612_054242/backups/FINAL_SYSTEM_BACKUP_3_20260612_054242/backups/FINAL_SYSTEM_BACKUP_3_20260612_054242/backups/FINAL_SYSTEM_BACKUP_3_20260612_054242/backups/FINAL_SYSTEM_BACKUP_3_20260612_054242/backups/FINAL_SYSTEM_BACKUP_3_20260612_054242/backups/FINAL_SYSTEM_BACKUP_3_20260612_054242/backups/FINAL_SYSTEM_BACKUP_3_20260612_054242/backups/full_backup_20260608_225815,full_backup_20260608_225815,application/vnd.google-apps.folder,,2026-06-08T22:58:15.000Z
1fOF991JVFAnfcqrkHZaJcLkUGh1M0qbp,ROOT/backups/FINAL_SYSTEM_BACKUP_3_20260612_054242/backups/FINAL_SYSTEM_BACKUP_3_20260612_054242/backups/FINAL_SYSTEM_BACKUP_3_20260612_054242/backups/FINAL_SYSTEM_BACKUP_3_20260612_054242/backups/FINAL_SYSTEM_BACKUP_3_20260612_054242/backups/FINAL_SYSTEM_BACKUP_3_20260612_054242/backups/FINAL_SYSTEM_BACKUP_3_20260612_054242/backups/FINAL_SYSTEM_BACKUP_3_20260612_054242/backups/FINAL_SYSTEM_BACKUP_3_20260612_054242/backups/FINAL_SYSTEM_BACKUP_3_20260612_054242/backups/FINAL_SYSTEM_BACKUP_3_20260612_054242/backups/FINAL_SYSTEM_BACKUP_3_20260612_054242/backups/FINAL_SYSTEM_BACKUP_3_20260612_054242/backups/FINAL_SYSTEM_BACKUP_3_20260612_054242/backups/FINAL_SYSTEM_BACKUP_3_20260612_054242/backups/FINAL_SYSTEM_BACKUP_3_20260612_054242/backups/FINAL_SYSTEM_BACKUP_3_20260612_054242/backups/FINAL_SYSTEM_BACKUP_3_20260612_054242/backups/FINAL_SYSTEM_BACKUP_3_20260612_054242/backups/FINAL_SYSTEM_BACKUP_3_20260612_054242/backups/FINAL_SYSTEM_BACKUP_3_20260612_054242/backups/FINAL_SYSTEM_BACKUP_3_20260612_054242/backups/FINAL_SYSTEM_BACKUP_3_20260612_054242/backups/FINAL_SYSTEM_BACKUP_3_20260612_054242/backups/FINAL_SYSTEM_BACKUP_3_20260612_054242/backups/FINAL_SYSTEM_BACKUP_3_20260612_054242/backups/FINAL_SYSTEM_BACKUP_3_20260612_054242/backups/FINAL_SYSTEM_BACKUP_3_20260612_054242/backups/FINAL_SYSTEM_BACKUP_3_20260612_054242/backups/FINAL_SYSTEM_BACKUP_3_20260612_054242/backups/FINAL_SYSTEM_BACKUP_3_20260612_054242/backups/FINAL_SYSTEM_BACKUP_3_20260612_054242/backups/FINAL_SYSTEM_BACKUP_3_20260612_054242/backups/FINAL_SYSTEM_BACKUP_3_20260612_054242/backups/FINAL_SYSTEM_BACKUP_3_20260612_054242/backups/FINAL_SYSTEM_BACKUP_3_20260612_054242/backups/FINAL_SYSTEM_BACKUP_3_20260612_054242/backups/FINAL_SYSTEM_BACKUP_3_20260612_054242/backups/FINAL_SYSTEM_BACKUP_3_20260612_054242/backups/FINAL_SYSTEM_BACKUP_3_20260612_054242/backups/FINAL_SYSTEM_BACKUP_3_20260612_054242/backups/full_backup_20260608_225815/secrets,secrets,application/vnd.google-apps.folder,,2026-06-08T21:02:21.000Z
1wXATuqh6FZzxnMNVUIt8ZjV1JFFRnHuc,ROOT/backups/FINAL_SYSTEM_BACKUP_3_20260612_054242/backups/FINAL_SYSTEM_BACKUP_3_20260612_054242/backups/FINAL_SYSTEM_BACKUP_3_20260612_054242/backups/FINAL_SYSTEM_BACKUP_3_20260612_054242/backups/FINAL_SYSTEM_BACKUP_3_20260612_054242/backups/FINAL_SYSTEM_BACKUP_3_20260612_054242/backups/FINAL_SYSTEM_BACKUP_3_20260612_054242/backups/FINAL_SYSTEM_BACKUP_3_20260612_054242/backups/FINAL_SYSTEM_BACKUP_3_20260612_054242/backups/FINAL_SYSTEM_BACKUP_3_20260612_054242/backups/FINAL_SYSTEM_BACKUP_3_20260612_054242/backups/FINAL_SYSTEM_BACKUP_3_20260612_054242/backups/FINAL_SYSTEM_BACKUP_3_20260612_054242/backups/FINAL_SYSTEM_BACKUP_3_20260612_054242/backups/FINAL_SYSTEM_BACKUP_3_20260612_054242/backups/FINAL_SYSTEM_BACKUP_3_20260612_054242/backups/FINAL_SYSTEM_BACKUP_3_20260612_054242/backups/FINAL_SYSTEM_BACKUP_3_20260612_054242/backups/FINAL_SYSTEM_BACKUP_3_20260612_054242/backups/FINAL_SYSTEM_BACKUP_3_20260612_054242/backups/FINAL_SYSTEM_BACKUP_3_20260612_054242/backups/FINAL_SYSTEM_BACKUP_3_20260612_054242/backups/FINAL_SYSTEM_BACKUP_3_20260612_054242/backups/FINAL_SYSTEM_BACKUP_3_20260612_054242/backups/FINAL_SYSTEM_BACKUP_3_20260612_054242/backups/FINAL_SYSTEM_BACKUP_3_20260612_054242/backups/FINAL_SYSTEM_BACKUP_3_20260612_054242/backups/FINAL_SYSTEM_BACKUP_3_20260612_054242/backups/FINAL_SYSTEM_BACKUP_3_20260612_054242/backups/FINAL_SYSTEM_BACKUP_3_20260612_054242/backups/FINAL_SYSTEM_BACKUP_3_20260612_054242/backups/FINAL_SYSTEM_BACKUP_3_20260612_054242/backups/FINAL_SYSTEM_BACKUP_3_20260612_054242/backups/FINAL_SYSTEM_BACKUP_3_20260612_054242/backups/FINAL_SYSTEM_BACKUP_3_20260612_054242/backups/FINAL_SYSTEM_BACKUP_3_20260612_054242/backups/FINAL_SYSTEM_BACKUP_3_20260612_054242/backups/FINAL_SYSTEM_BACKUP_3_20260612_054242/backups/FINAL_SYSTEM_BACKUP_3_20260612_054242/backups/FINAL_SYSTEM_BACKUP_3_20260612_054242/backups/FINAL_SYSTEM_BACKUP_3_20260612_054242/backups/full_backup_20260608_225815/bilder,bilder,application/vnd.google-apps.folder,,2026-06-08T05:51:42.000Z
1GPzKNWP5iN_FohZTcjIYBh-X4zsV0_qb,ROOT/backups/FINAL_SYSTEM_BACKUP_3_20260612_054242/backups/FINAL_SYSTEM_BACKUP_3_20260612_054242/backups/FINAL_SYSTEM_BACKUP_3_20260612_054242/backups/FINAL_SYSTEM_BACKUP_3_20260612_054242/backups/FINAL_SYSTEM_BACKUP_3_20260612_054242/backups/FINAL_SYSTEM_BACKUP_3_20260612_054242/backups/FINAL_SYSTEM_BACKUP_3_20260612_054242/backups/FINAL_SYSTEM_BACKUP_3_20260612_054242/backups/FINAL_SYSTEM_BACKUP_3_20260612_054242/backups/FINAL_SYSTEM_BACKUP_3_20260612_054242/backups/FINAL_SYSTEM_BACKUP_3_20260612_054242/backups/FINAL_SYSTEM_BACKUP_3_20260612_054242/backups/FINAL_SYSTEM_BACKUP_3_20260612_054242/backups/FINAL_SYSTEM_BACKUP_3_20260612_054242/backups/FINAL_SYSTEM_BACKUP_3_20260612_054242/backups/FINAL_SYSTEM_BACKUP_3_20260612_054242/backups/FINAL_SYSTEM_BACKUP_3_20260612_054242/backups/FINAL_SYSTEM_BACKUP_3_20260612_054242/backups/FINAL_SYSTEM_BACKUP_3_20260612_054242/backups/FINAL_SYSTEM_BACKUP_3_20260612_054242/backups/FINAL_SYSTEM_BACKUP_3_20260612_054242/backups/FINAL_SYSTEM_BACKUP_3_20260612_054242/backups/FINAL_SYSTEM_BACKUP_3_20260612_054242/backups/FINAL_SYSTEM_BACKUP_3_20260612_054242/backups/FINAL_SYSTEM_BACKUP_3_20260612_054242/backups/FINAL_SYSTEM_BACKUP_3_20260612_054242/backups/FINAL_SYSTEM_BACKUP_3_20260612_054242/backups/FINAL_SYSTEM_BACKUP_3_20260612_054242/backups/FINAL_SYSTEM_BACKUP_3_20260612_054242/backups/FINAL_SYSTEM_BACKUP_3_20260612_054242/backups/FINAL_SYSTEM_BACKUP_3_20260612_054242/backups/FINAL_SYSTEM_BACKUP_3_20260612_054242/backups/FINAL_SYSTEM_BACKUP_3_20260612_054242/backups/FINAL_SYSTEM_BACKUP_3_20260612_054242/backups/FINAL_SYSTEM_BACKUP_3_20260612_054242/backups/FINAL_SYSTEM_BACKUP_3_20260612_054242/backups/FINAL_SYSTEM_BACKUP_3_20260612_054242/backups/FINAL_SYSTEM_BACKUP_3_20260612_054242/backups/FINAL_SYSTEM_BACKUP_3_20260612_054242/backups/FINAL_SYSTEM_BACKUP_3_20260612_054242/backups/FINAL_SYSTEM_BACKUP_3_20260612_054242/bilder,bilder,application/vnd.google-apps.folder,,2026-06-12T05:42:43.000Z
1Rl8a2ObmXYslRFmfCuOL7RpbCw86JLUT,ROOT/backups/FINAL_SYSTEM_BACKUP_3_20260612_054242/backups/FINAL_SYSTEM_BACKUP_3_20260612_054242/backups/FINAL_SYSTEM_BACKUP_3_20260612_054242/backups/FINAL_SYSTEM_BACKUP_3_20260612_054242/backups/FINAL_SYSTEM_BACKUP_3_20260612_054242/backups/FINAL_SYSTEM_BACKUP_3_20260612_054242/backups/FINAL_SYSTEM_BACKUP_3_20260612_054242/backups/FINAL_SYSTEM_BACKUP_3_20260612_054242/backups/FINAL_SYSTEM_BACKUP_3_20260612_054242/backups/FINAL_SYSTEM_BACKUP_3_20260612_054242/backups/FINAL_SYSTEM_BACKUP_3_20260612_054242/backups/FINAL_SYSTEM_BACKUP_3_20260612_054242/backups/FINAL_SYSTEM_BACKUP_3_20260612_054242/backups/FINAL_SYSTEM_BACKUP_3_20260612_054242/backups/FINAL_SYSTEM_BACKUP_3_20260612_054242/backups/FINAL_SYSTEM_BACKUP_3_20260612_054242/backups/FINAL_SYSTEM_BACKUP_3_20260612_054242/backups/FINAL_SYSTEM_BACKUP_3_20260612_054242/backups/FINAL_SYSTEM_BACKUP_3_20260612_054242/backups/FINAL_SYSTEM_BACKUP_3_20260612_054242/backups/FINAL_SYSTEM_BACKUP_3_20260612_054242/backups/FINAL_SYSTEM_BACKUP_3_20260612_054242/backups/FINAL_SYSTEM_BACKUP_3_20260612_054242/backups/FINAL_SYSTEM_BACKUP_3_20260612_054242/backups/FINAL_SYSTEM_BACKUP_3_20260612_054242/backups/FINAL_SYSTEM_BACKUP_3_20260612_054242/backups/FINAL_SYSTEM_BACKUP_3_20260612_054242/backups/FINAL_SYSTEM_BACKUP_3_20260612_054242/backups/FINAL_SYSTEM_BACKUP_3_20260612_054242/backups/FINAL_SYSTEM_BACKUP_3_20260612_054242/backups/FINAL_SYSTEM_BACKUP_3_20260612_054242/backups/FINAL_SYSTEM_BACKUP_3_20260612_054242/backups/FINAL_SYSTEM_BACKUP_3_20260612_054242/backups/FINAL_SYSTEM_BACKUP_3_20260612_054242/backups/FINAL_SYSTEM_BACKUP_3_20260612_054242/backups/FINAL_SYSTEM_BACKUP_3_20260612_054242/backups/FINAL_SYSTEM_BACKUP_3_20260612_054242/backups/FINAL_SYSTEM_BACKUP_3_20260612_054242/backups/FINAL_SYSTEM_BACKUP_3_20260612_054242/backups/FINAL_SYSTEM_BACKUP_3_20260612_054242/backups/FINAL_SYSTEM_BACKUP_3_20260612_054242/bilder/produkte,produkte,application/vnd.google-apps.folder,,2026-06-09T07:10:29.000Z
1LA81905IpYSz_oD-wnUTPPFIoZd8g271,ROOT/backups/FINAL_SYSTEM_BACKUP_3_20260612_054242/backups/FINAL_SYSTEM_BACKUP_3_20260612_054242/backups/FINAL_SYSTEM_BACKUP_3_20260612_054242/backups/FINAL_SYSTEM_BACKUP_3_20260612_054242/backups/FINAL_SYSTEM_BACKUP_3_20260612_054242/backups/FINAL_SYSTEM_BACKUP_3_20260612_054242/backups/FINAL_SYSTEM_BACKUP_3_20260612_054242/backups/FINAL_SYSTEM_BACKUP_3_20260612_054242/backups/FINAL_SYSTEM_BACKUP_3_20260612_054242/backups/FINAL_SYSTEM_BACKUP_3_20260612_054242/backups/FINAL_SYSTEM_BACKUP_3_20260612_054242/backups/FINAL_SYSTEM_BACKUP_3_20260612_054242/backups/FINAL_SYSTEM_BACKUP_3_20260612_054242/backups/FINAL_SYSTEM_BACKUP_3_20260612_054242/backups/FINAL_SYSTEM_BACKUP_3_20260612_054242/backups/FINAL_SYSTEM_BACKUP_3_20260612_054242/backups/FINAL_SYSTEM_BACKUP_3_20260612_054242/backups/FINAL_SYSTEM_BACKUP_3_20260612_054242/backups/FINAL_SYSTEM_BACKUP_3_20260612_054242/backups/FINAL_SYSTEM_BACKUP_3_20260612_054242/backups/FINAL_SYSTEM_BACKUP_3_20260612_054242/backups/FINAL_SYSTEM_BACKUP_3_20260612_054242/backups/FINAL_SYSTEM_BACKUP_3_20260612_054242/backups/FINAL_SYSTEM_BACKUP_3_20260612_054242/backups/FINAL_SYSTEM_BACKUP_3_20260612_054242/backups/FINAL_SYSTEM_BACKUP_3_20260612_054242/backups/FINAL_SYSTEM_BACKUP_3_20260612_054242/backups/FINAL_SYSTEM_BACKUP_3_20260612_054242/backups/FINAL_SYSTEM_BACKUP_3_20260612_054242/backups/FINAL_SYSTEM_BACKUP_3_20260612_054242/backups/FINAL_SYSTEM_BACKUP_3_20260612_054242/backups/FINAL_SYSTEM_BACKUP_3_20260612_054242/backups/FINAL_SYSTEM_BACKUP_3_20260612_054242/backups/FINAL_SYSTEM_BACKUP_3_20260612_054242/backups/FINAL_SYSTEM_BACKUP_3_20260612_054242/backups/FINAL_SYSTEM_BACKUP_3_20260612_054242/backups/FINAL_SYSTEM_BACKUP_3_20260612_054242/backups/FINAL_SYSTEM_BACKUP_3_20260612_054242/backups/FINAL_SYSTEM_BACKUP_3_20260612_054242/backups/FINAL_SYSTEM_BACKUP_3_20260612_054242/backups/old_images_20260609_071029,old_images_20260609_071029,application/vnd.google-apps.folder,,2026-06-09T07:10:29.000Z
1r2o2egPl3vBWYJHNf6kVMcNppvj21JD_,ROOT/backups/FINAL_SYSTEM_BACKUP_3_20260612_054242/backups/FINAL_SYSTEM_BACKUP_3_20260612_054242/backups/FINAL_SYSTEM_BACKUP_3_20260612_054242/backups/FINAL_SYSTEM_BACKUP_3_20260612_054242/backups/FINAL_SYSTEM_BACKUP_3_20260612_054242/backups/FINAL_SYSTEM_BACKUP_3_20260612_054242/backups/FINAL_SYSTEM_BACKUP_3_20260612_054242/backups/FINAL_SYSTEM_BACKUP_3_20260612_054242/backups/FINAL_SYSTEM_BACKUP_3_20260612_054242/backups/FINAL_SYSTEM_BACKUP_3_20260612_054242/backups/FINAL_SYSTEM_BACKUP_3_20260612_054242/backups/FINAL_SYSTEM_BACKUP_3_20260612_054242/backups/FINAL_SYSTEM_BACKUP_3_20260612_054242/backups/FINAL_SYSTEM_BACKUP_3_20260612_054242/backups/FINAL_SYSTEM_BACKUP_3_20260612_054242/backups/FINAL_SYSTEM_BACKUP_3_20260612_054242/backups/FINAL_SYSTEM_BACKUP_3_20260612_054242/backups/FINAL_SYSTEM_BACKUP_3_20260612_054242/backups/FINAL_SYSTEM_BACKUP_3_20260612_054242/backups/FINAL_SYSTEM_BACKUP_3_20260612_054242/backups/FINAL_SYSTEM_BACKUP_3_20260612_054242/backups/FINAL_SYSTEM_BACKUP_3_20260612_054242/backups/FINAL_SYSTEM_BACKUP_3_20260612_054242/backups/FINAL_SYSTEM_BACKUP_3_20260612_054242/backups/FINAL_SYSTEM_BACKUP_3_20260612_054242/backups/FINAL_SYSTEM_BACKUP_3_20260612_054242/backups/FINAL_SYSTEM_BACKUP_3_20260612_054242/backups/FINAL_SYSTEM_BACKUP_3_20260612_054242/backups/FINAL_SYSTEM_BACKUP_3_20260612_054242/backups/FINAL_SYSTEM_BACKUP_3_20260612_054242/backups/FINAL_SYSTEM_BACKUP_3_20260612_054242/backups/FINAL_SYSTEM_BACKUP_3_20260612_054242/backups/FINAL_SYSTEM_BACKUP_3_20260612_054242/backups/FINAL_SYSTEM_BACKUP_3_20260612_054242/backups/FINAL_SYSTEM_BACKUP_3_20260612_054242/backups/FINAL_SYSTEM_BACKUP_3_20260612_054242/backups/FINAL_SYSTEM_BACKUP_3_20260612_054242/backups/FINAL_SYSTEM_BACKUP_3_20260612_054242/backups/FINAL_SYSTEM_BACKUP_3_20260612_054242/backups/FINAL_SYSTEM_BACKUP_3_20260612_054242/backups/full_backup_20260608_225815,full_backup_20260608_225815,application/vnd.google-apps.folder,,2026-06-08T22:58:15.000Z
1Hbh4fFaMN0aVc-O8ZgVAseqi1X96jNc-,ROOT/backups/FINAL_SYSTEM_BACKUP_3_20260612_054242/backups/FINAL_SYSTEM_BACKUP_3_20260612_054242/backups/FINAL_SYSTEM_BACKUP_3_20260612_054242/backups/FINAL_SYSTEM_BACKUP_3_20260612_054242/backups/FINAL_SYSTEM_BACKUP_3_20260612_054242/backups/FINAL_SYSTEM_BACKUP_3_20260612_054242/backups/FINAL_SYSTEM_BACKUP_3_20260612_054242/backups/FINAL_SYSTEM_BACKUP_3_20260612_054242/backups/FINAL_SYSTEM_BACKUP_3_20260612_054242/backups/FINAL_SYSTEM_BACKUP_3_20260612_054242/backups/FINAL_SYSTEM_BACKUP_3_20260612_054242/backups/FINAL_SYSTEM_BACKUP_3_20260612_054242/backups/FINAL_SYSTEM_BACKUP_3_20260612_054242/backups/FINAL_SYSTEM_BACKUP_3_20260612_054242/backups/FINAL_SYSTEM_BACKUP_3_20260612_054242/backups/FINAL_SYSTEM_BACKUP_3_20260612_054242/backups/FINAL_SYSTEM_BACKUP_3_20260612_054242/backups/FINAL_SYSTEM_BACKUP_3_20260612_054242/backups/FINAL_SYSTEM_BACKUP_3_20260612_054242/backups/FINAL_SYSTEM_BACKUP_3_20260612_054242/backups/FINAL_SYSTEM_BACKUP_3_20260612_054242/backups/FINAL_SYSTEM_BACKUP_3_20260612_054242/backups/FINAL_SYSTEM_BACKUP_3_20260612_054242/backups/FINAL_SYSTEM_BACKUP_3_20260612_054242/backups/FINAL_SYSTEM_BACKUP_3_20260612_054242/backups/FINAL_SYSTEM_BACKUP_3_20260612_054242/backups/FINAL_SYSTEM_BACKUP_3_20260612_054242/backups/FINAL_SYSTEM_BACKUP_3_20260612_054242/backups/FINAL_SYSTEM_BACKUP_3_20260612_054242/backups/FINAL_SYSTEM_BACKUP_3_20260612_054242/backups/FINAL_SYSTEM_BACKUP_3_20260612_054242/backups/FINAL_SYSTEM_BACKUP_3_20260612_054242/backups/FINAL_SYSTEM_BACKUP_3_20260612_054242/backups/FINAL_SYSTEM_BACKUP_3_20260612_054242/backups/FINAL_SYSTEM_BACKUP_3_20260612_054242/backups/FINAL_SYSTEM_BACKUP_3_20260612_054242/backups/FINAL_SYSTEM_BACKUP_3_20260612_054242/backups/FINAL_SYSTEM_BACKUP_3_20260612_054242/backups/FINAL_SYSTEM_BACKUP_3_20260612_054242/backups/FINAL_SYSTEM_BACKUP_3_20260612_054242/backups/full_backup_20260608_225815/secrets,secrets,application/vnd.google-apps.folder,,2026-06-08T21:02:21.000Z
1boMXw53sTCZszD0Jslgvnk5HiR8l_ISE,ROOT/backups/FINAL_SYSTEM_BACKUP_3_20260612_054242/backups/FINAL_SYSTEM_BACKUP_3_20260612_054242/backups/FINAL_SYSTEM_BACKUP_3_20260612_054242/backups/FINAL_SYSTEM_BACKUP_3_20260612_054242/backups/FINAL_SYSTEM_BACKUP_3_20260612_054242/backups/FINAL_SYSTEM_BACKUP_3_20260612_054242/backups/FINAL_SYSTEM_BACKUP_3_20260612_054242/backups/FINAL_SYSTEM_BACKUP_3_20260612_054242/backups/FINAL_SYSTEM_BACKUP_3_20260612_054242/backups/FINAL_SYSTEM_BACKUP_3_20260612_054242/backups/FINAL_SYSTEM_BACKUP_3_20260612_054242/backups/FINAL_SYSTEM_BACKUP_3_20260612_054242/backups/FINAL_SYSTEM_BACKUP_3_20260612_054242/backups/FINAL_SYSTEM_BACKUP_3_20260612_054242/backups/FINAL_SYSTEM_BACKUP_3_20260612_054242/backups/FINAL_SYSTEM_BACKUP_3_20260612_054242/backups/FINAL_SYSTEM_BACKUP_3_20260612_054242/backups/FINAL_SYSTEM_BACKUP_3_20260612_054242/backups/FINAL_SYSTEM_BACKUP_3_20260612_054242/backups/FINAL_SYSTEM_BACKUP_3_20260612_054242/backups/FINAL_SYSTEM_BACKUP_3_20260612_054242/backups/FINAL_SYSTEM_BACKUP_3_20260612_054242/backups/FINAL_SYSTEM_BACKUP_3_20260612_054242/backups/FINAL_SYSTEM_BACKUP_3_20260612_054242/backups/FINAL_SYSTEM_BACKUP_3_20260612_054242/backups/FINAL_SYSTEM_BACKUP_3_20260612_054242/backups/FINAL_SYSTEM_BACKUP_3_20260612_054242/backups/FINAL_SYSTEM_BACKUP_3_20260612_054242/backups/FINAL_SYSTEM_BACKUP_3_20260612_054242/backups/FINAL_SYSTEM_BACKUP_3_20260612_054242/backups/FINAL_SYSTEM_BACKUP_3_20260612_054242/backups/FINAL_SYSTEM_BACKUP_3_20260612_054242/backups/FINAL_SYSTEM_BACKUP_3_20260612_054242/backups/FINAL_SYSTEM_BACKUP_3_20260612_054242/backups/FINAL_SYSTEM_BACKUP_3_20260612_054242/backups/FINAL_SYSTEM_BACKUP_3_20260612_054242/backups/FINAL_SYSTEM_BACKUP_3_20260612_054242/backups/FINAL_SYSTEM_BACKUP_3_20260612_054242/backups/FINAL_SYSTEM_BACKUP_3_20260612_054242/backups/FINAL_SYSTEM_BACKUP_3_20260612_054242/backups/full_backup_20260608_225815/bilder,bilder,application/vnd.google-apps.folder,,2026-06-08T05:51:42.000Z
11eOthmLsCG6WEBV3Et01_fgRJ4toMJXU,ROOT/backups/FINAL_SYSTEM_BACKUP_3_20260612_054242/backups/FINAL_SYSTEM_BACKUP_3_20260612_054242/backups/FINAL_SYSTEM_BACKUP_3_20260612_054242/backups/FINAL_SYSTEM_BACKUP_3_20260612_054242/backups/FINAL_SYSTEM_BACKUP_3_20260612_054242/backups/FINAL_SYSTEM_BACKUP_3_20260612_054242/backups/FINAL_SYSTEM_BACKUP_3_20260612_054242/backups/FINAL_SYSTEM_BACKUP_3_20260612_054242/backups/FINAL_SYSTEM_BACKUP_3_20260612_054242/backups/FINAL_SYSTEM_BACKUP_3_20260612_054242/backups/FINAL_SYSTEM_BACKUP_3_20260612_054242/backups/FINAL_SYSTEM_BACKUP_3_20260612_054242/backups/FINAL_SYSTEM_BACKUP_3_20260612_054242/backups/FINAL_SYSTEM_BACKUP_3_20260612_054242/backups/FINAL_SYSTEM_BACKUP_3_20260612_054242/backups/FINAL_SYSTEM_BACKUP_3_20260612_054242/backups/FINAL_SYSTEM_BACKUP_3_20260612_054242/backups/FINAL_SYSTEM_BACKUP_3_20260612_054242/backups/FINAL_SYSTEM_BACKUP_3_20260612_054242/backups/FINAL_SYSTEM_BACKUP_3_20260612_054242/backups/FINAL_SYSTEM_BACKUP_3_20260612_054242/backups/FINAL_SYSTEM_BACKUP_3_20260612_054242/backups/FINAL_SYSTEM_BACKUP_3_20260612_054242/backups/FINAL_SYSTEM_BACKUP_3_20260612_054242/backups/FINAL_SYSTEM_BACKUP_3_20260612_054242/backups/FINAL_SYSTEM_BACKUP_3_20260612_054242/backups/FINAL_SYSTEM_BACKUP_3_20260612_054242/backups/FINAL_SYSTEM_BACKUP_3_20260612_054242/backups/FINAL_SYSTEM_BACKUP_3_20260612_054242/backups/FINAL_SYSTEM_BACKUP_3_20260612_054242/backups/FINAL_SYSTEM_BACKUP_3_20260612_054242/backups/FINAL_SYSTEM_BACKUP_3_20260612_054242/backups/FINAL_SYSTEM_BACKUP_3_20260612_054242/backups/FINAL_SYSTEM_BACKUP_3_20260612_054242/backups/FINAL_SYSTEM_BACKUP_3_20260612_054242/backups/FINAL_SYSTEM_BACKUP_3_20260612_054242/backups/FINAL_SYSTEM_BACKUP_3_20260612_054242/backups/FINAL_SYSTEM_BACKUP_3_20260612_054242/backups/FINAL_SYSTEM_BACKUP_3_20260612_054242/backups/FINAL_SYSTEM_BACKUP_3_20260612_054242/bilder,bilder,application/vnd.google-apps.folder,,2026-06-12T05:42:43.000Z
1rziB0NF0o4xvy4GzUNtzKTZqrERhLb-D,ROOT/backups/FINAL_SYSTEM_BACKUP_3_20260612_054242/backups/FINAL_SYSTEM_BACKUP_3_20260612_054242/backups/FINAL_SYSTEM_BACKUP_3_20260612_054242/backups/FINAL_SYSTEM_BACKUP_3_20260612_054242/backups/FINAL_SYSTEM_BACKUP_3_20260612_054242/backups/FINAL_SYSTEM_BACKUP_3_20260612_054242/backups/FINAL_SYSTEM_BACKUP_3_20260612_054242/backups/FINAL_SYSTEM_BACKUP_3_20260612_054242/backups/FINAL_SYSTEM_BACKUP_3_20260612_054242/backups/FINAL_SYSTEM_BACKUP_3_20260612_054242/backups/FINAL_SYSTEM_BACKUP_3_20260612_054242/backups/FINAL_SYSTEM_BACKUP_3_20260612_054242/backups/FINAL_SYSTEM_BACKUP_3_20260612_054242/backups/FINAL_SYSTEM_BACKUP_3_20260612_054242/backups/FINAL_SYSTEM_BACKUP_3_20260612_054242/backups/FINAL_SYSTEM_BACKUP_3_20260612_054242/backups/FINAL_SYSTEM_BACKUP_3_20260612_054242/backups/FINAL_SYSTEM_BACKUP_3_20260612_054242/backups/FINAL_SYSTEM_BACKUP_3_20260612_054242/backups/FINAL_SYSTEM_BACKUP_3_20260612_054242/backups/FINAL_SYSTEM_BACKUP_3_20260612_054242/backups/FINAL_SYSTEM_BACKUP_3_20260612_054242/backups/FINAL_SYSTEM_BACKUP_3_20260612_054242/backups/FINAL_SYSTEM_BACKUP_3_20260612_054242/backups/FINAL_SYSTEM_BACKUP_3_20260612_054242/backups/FINAL_SYSTEM_BACKUP_3_20260612_054242/backups/FINAL_SYSTEM_BACKUP_3_20260612_054242/backups/FINAL_SYSTEM_BACKUP_3_20260612_054242/backups/FINAL_SYSTEM_BACKUP_3_20260612_054242/backups/FINAL_SYSTEM_BACKUP_3_20260612_054242/backups/FINAL_SYSTEM_BACKUP_3_20260612_054242/backups/FINAL_SYSTEM_BACKUP_3_20260612_054242/backups/FINAL_SYSTEM_BACKUP_3_20260612_054242/backups/FINAL_SYSTEM_BACKUP_3_20260612_054242/backups/FINAL_SYSTEM_BACKUP_3_20260612_054242/backups/FINAL_SYSTEM_BACKUP_3_20260612_054242/backups/FINAL_SYSTEM_BACKUP_3_20260612_054242/backups/FINAL_SYSTEM_BACKUP_3_20260612_054242/backups/FINAL_SYSTEM_BACKUP_3_20260612_054242/backups/FINAL_SYSTEM_BACKUP_3_20260612_054242/bilder/produkte,produkte,application/vnd.google-apps.folder,,2026-06-09T07:10:29.000Z
1c_2mEALzHI-nN17hGttk3ZE5YSpxDYqx,ROOT/backups/FINAL_SYSTEM_BACKUP_3_20260612_054242/backups/FINAL_SYSTEM_BACKUP_3_20260612_054242/backups/FINAL_SYSTEM_BACKUP_3_20260612_054242/backups/FINAL_SYSTEM_BACKUP_3_20260612_054242/backups/FINAL_SYSTEM_BACKUP_3_20260612_054242/backups/FINAL_SYSTEM_BACKUP_3_20260612_054242/backups/FINAL_SYSTEM_BACKUP_3_20260612_054242/backups/FINAL_SYSTEM_BACKUP_3_20260612_054242/backups/FINAL_SYSTEM_BACKUP_3_20260612_054242/backups/FINAL_SYSTEM_BACKUP_3_20260612_054242/backups/FINAL_SYSTEM_BACKUP_3_20260612_054242/backups/FINAL_SYSTEM_BACKUP_3_20260612_054242/backups/FINAL_SYSTEM_BACKUP_3_20260612_054242/backups/FINAL_SYSTEM_BACKUP_3_20260612_054242/backups/FINAL_SYSTEM_BACKUP_3_20260612_054242/backups/FINAL_SYSTEM_BACKUP_3_20260612_054242/backups/FINAL_SYSTEM_BACKUP_3_20260612_054242/backups/FINAL_SYSTEM_BACKUP_3_20260612_054242/backups/FINAL_SYSTEM_BACKUP_3_20260612_054242/backups/FINAL_SYSTEM_BACKUP_3_20260612_054242/backups/FINAL_SYSTEM_BACKUP_3_20260612_054242/backups/FINAL_SYSTEM_BACKUP_3_20260612_054242/backups/FINAL_SYSTEM_BACKUP_3_20260612_054242/backups/FINAL_SYSTEM_BACKUP_3_20260612_054242/backups/FINAL_SYSTEM_BACKUP_3_20260612_054242/backups/FINAL_SYSTEM_BACKUP_3_20260612_054242/backups/FINAL_SYSTEM_BACKUP_3_20260612_054242/backups/FINAL_SYSTEM_BACKUP_3_20260612_054242/backups/FINAL_SYSTEM_BACKUP_3_20260612_054242/backups/FINAL_SYSTEM_BACKUP_3_20260612_054242/backups/FINAL_SYSTEM_BACKUP_3_20260612_054242/backups/FINAL_SYSTEM_BACKUP_3_20260612_054242/backups/FINAL_SYSTEM_BACKUP_3_20260612_054242/backups/FINAL_SYSTEM_BACKUP_3_20260612_054242/backups/FINAL_SYSTEM_BACKUP_3_20260612_054242/backups/FINAL_SYSTEM_BACKUP_3_20260612_054242/backups/FINAL_SYSTEM_BACKUP_3_20260612_054242/backups/FINAL_SYSTEM_BACKUP_3_20260612_054242/backups/FINAL_SYSTEM_BACKUP_3_20260612_054242/backups/old_images_20260609_071029,old_images_20260609_071029,application/vnd.google-apps.folder,,2026-06-09T07:10:29.000Z
1FtIL7_x1iy5f3qYYd7vkpU4IL27KRrC-,ROOT/backups/FINAL_SYSTEM_BACKUP_3_20260612_054242/backups/FINAL_SYSTEM_BACKUP_3_20260612_054242/backups/FINAL_SYSTEM_BACKUP_3_20260612_054242/backups/FINAL_SYSTEM_BACKUP_3_20260612_054242/backups/FINAL_SYSTEM_BACKUP_3_20260612_054242/backups/FINAL_SYSTEM_BACKUP_3_20260612_054242/backups/FINAL_SYSTEM_BACKUP_3_20260612_054242/backups/FINAL_SYSTEM_BACKUP_3_20260612_054242/backups/FINAL_SYSTEM_BACKUP_3_20260612_054242/backups/FINAL_SYSTEM_BACKUP_3_20260612_054242/backups/FINAL_SYSTEM_BACKUP_3_20260612_054242/backups/FINAL_SYSTEM_BACKUP_3_20260612_054242/backups/FINAL_SYSTEM_BACKUP_3_20260612_054242/backups/FINAL_SYSTEM_BACKUP_3_20260612_054242/backups/FINAL_SYSTEM_BACKUP_3_20260612_054242/backups/FINAL_SYSTEM_BACKUP_3_20260612_054242/backups/FINAL_SYSTEM_BACKUP_3_20260612_054242/backups/FINAL_SYSTEM_BACKUP_3_20260612_054242/backups/FINAL_SYSTEM_BACKUP_3_20260612_054242/backups/FINAL_SYSTEM_BACKUP_3_20260612_054242/backups/FINAL_SYSTEM_BACKUP_3_20260612_054242/backups/FINAL_SYSTEM_BACKUP_3_20260612_054242/backups/FINAL_SYSTEM_BACKUP_3_20260612_054242/backups/FINAL_SYSTEM_BACKUP_3_20260612_054242/backups/FINAL_SYSTEM_BACKUP_3_20260612_054242/backups/FINAL_SYSTEM_BACKUP_3_20260612_054242/backups/FINAL_SYSTEM_BACKUP_3_20260612_054242/backups/FINAL_SYSTEM_BACKUP_3_20260612_054242/backups/FINAL_SYSTEM_BACKUP_3_20260612_054242/backups/FINAL_SYSTEM_BACKUP_3_20260612_054242/backups/FINAL_SYSTEM_BACKUP_3_20260612_054242/backups/FINAL_SYSTEM_BACKUP_3_20260612_054242/backups/FINAL_SYSTEM_BACKUP_3_20260612_054242/backups/FINAL_SYSTEM_BACKUP_3_20260612_054242/backups/FINAL_SYSTEM_BACKUP_3_20260612_054242/backups/FINAL_SYSTEM_BACKUP_3_20260612_054242/backups/FINAL_SYSTEM_BACKUP_3_20260612_054242/backups/FINAL_SYSTEM_BACKUP_3_20260612_054242/backups/FINAL_SYSTEM_BACKUP_3_20260612_054242/backups/full_backup_20260608_225815,full_backup_20260608_225815,application/vnd.google-apps.folder,,2026-06-08T22:58:15.000Z
1RasRq5LvvRAsq-gLdJ_zTQxEXJDh63I0,ROOT/backups/FINAL_SYSTEM_BACKUP_3_20260612_054242/backups/FINAL_SYSTEM_BACKUP_3_20260612_054242/backups/FINAL_SYSTEM_BACKUP_3_20260612_054242/backups/FINAL_SYSTEM_BACKUP_3_20260612_054242/backups/FINAL_SYSTEM_BACKUP_3_20260612_054242/backups/FINAL_SYSTEM_BACKUP_3_20260612_054242/backups/FINAL_SYSTEM_BACKUP_3_20260612_054242/backups/FINAL_SYSTEM_BACKUP_3_20260612_054242/backups/FINAL_SYSTEM_BACKUP_3_20260612_054242/backups/FINAL_SYSTEM_BACKUP_3_20260612_054242/backups/FINAL_SYSTEM_BACKUP_3_20260612_054242/backups/FINAL_SYSTEM_BACKUP_3_20260612_054242/backups/FINAL_SYSTEM_BACKUP_3_20260612_054242/backups/FINAL_SYSTEM_BACKUP_3_20260612_054242/backups/FINAL_SYSTEM_BACKUP_3_20260612_054242/backups/FINAL_SYSTEM_BACKUP_3_20260612_054242/backups/FINAL_SYSTEM_BACKUP_3_20260612_054242/backups/FINAL_SYSTEM_BACKUP_3_20260612_054242/backups/FINAL_SYSTEM_BACKUP_3_20260612_054242/backups/FINAL_SYSTEM_BACKUP_3_20260612_054242/backups/FINAL_SYSTEM_BACKUP_3_20260612_054242/backups/FINAL_SYSTEM_BACKUP_3_20260612_054242/backups/FINAL_SYSTEM_BACKUP_3_20260612_054242/backups/FINAL_SYSTEM_BACKUP_3_20260612_054242/backups/FINAL_SYSTEM_BACKUP_3_20260612_054242/backups/FINAL_SYSTEM_BACKUP_3_20260612_054242/backups/FINAL_SYSTEM_BACKUP_3_20260612_054242/backups/FINAL_SYSTEM_BACKUP_3_20260612_054242/backups/FINAL_SYSTEM_BACKUP_3_20260612_054242/backups/FINAL_SYSTEM_BACKUP_3_20260612_054242/backups/FINAL_SYSTEM_BACKUP_3_20260612_054242/backups/FINAL_SYSTEM_BACKUP_3_20260612_054242/backups/FINAL_SYSTEM_BACKUP_3_20260612_054242/backups/FINAL_SYSTEM_BACKUP_3_20260612_054242/backups/FINAL_SYSTEM_BACKUP_3_20260612_054242/backups/FINAL_SYSTEM_BACKUP_3_20260612_054242/backups/FINAL_SYSTEM_BACKUP_3_20260612_054242/backups/FINAL_SYSTEM_BACKUP_3_20260612_054242/backups/FINAL_SYSTEM_BACKUP_3_20260612_054242/backups/full_backup_20260608_225815/secrets,secrets,application/vnd.google-apps.folder,,2026-06-08T21:02:21.000Z
1I8HKMa6jOxRubwfzjPtPqDgwDPLxwGxY,ROOT/backups/FINAL_SYSTEM_BACKUP_3_20260612_054242/backups/FINAL_SYSTEM_BACKUP_3_20260612_054242/backups/FINAL_SYSTEM_BACKUP_3_20260612_054242/backups/FINAL_SYSTEM_BACKUP_3_20260612_054242/backups/FINAL_SYSTEM_BACKUP_3_20260612_054242/backups/FINAL_SYSTEM_BACKUP_3_20260612_054242/backups/FINAL_SYSTEM_BACKUP_3_20260612_054242/backups/FINAL_SYSTEM_BACKUP_3_20260612_054242/backups/FINAL_SYSTEM_BACKUP_3_20260612_054242/backups/FINAL_SYSTEM_BACKUP_3_20260612_054242/backups/FINAL_SYSTEM_BACKUP_3_20260612_054242/backups/FINAL_SYSTEM_BACKUP_3_20260612_054242/backups/FINAL_SYSTEM_BACKUP_3_20260612_054242/backups/FINAL_SYSTEM_BACKUP_3_20260612_054242/backups/FINAL_SYSTEM_BACKUP_3_20260612_054242/backups/FINAL_SYSTEM_BACKUP_3_20260612_054242/backups/FINAL_SYSTEM_BACKUP_3_20260612_054242/backups/FINAL_SYSTEM_BACKUP_3_20260612_054242/backups/FINAL_SYSTEM_BACKUP_3_20260612_054242/backups/FINAL_SYSTEM_BACKUP_3_20260612_054242/backups/FINAL_SYSTEM_BACKUP_3_20260612_054242/backups/FINAL_SYSTEM_BACKUP_3_20260612_054242/backups/FINAL_SYSTEM_BACKUP_3_20260612_054242/backups/FINAL_SYSTEM_BACKUP_3_20260612_054242/backups/FINAL_SYSTEM_BACKUP_3_20260612_054242/backups/FINAL_SYSTEM_BACKUP_3_20260612_054242/backups/FINAL_SYSTEM_BACKUP_3_20260612_054242/backups/FINAL_SYSTEM_BACKUP_3_20260612_054242/backups/FINAL_SYSTEM_BACKUP_3_20260612_054242/backups/FINAL_SYSTEM_BACKUP_3_20260612_054242/backups/FINAL_SYSTEM_BACKUP_3_20260612_054242/backups/FINAL_SYSTEM_BACKUP_3_20260612_054242/backups/FINAL_SYSTEM_BACKUP_3_20260612_054242/backups/FINAL_SYSTEM_BACKUP_3_20260612_054242/backups/FINAL_SYSTEM_BACKUP_3_20260612_054242/backups/FINAL_SYSTEM_BACKUP_3_20260612_054242/backups/FINAL_SYSTEM_BACKUP_3_20260612_054242/backups/FINAL_SYSTEM_BACKUP_3_20260612_054242/backups/FINAL_SYSTEM_BACKUP_3_20260612_054242/backups/full_backup_20260608_225815/bilder,bilder,application/vnd.google-apps.folder,,2026-06-08T05:51:42.000Z
13-mSnESMswQUbi9pONiLUks-wvw5IPPj,ROOT/backups/FINAL_SYSTEM_BACKUP_3_20260612_054242/backups/FINAL_SYSTEM_BACKUP_3_20260612_054242/backups/FINAL_SYSTEM_BACKUP_3_20260612_054242/backups/FINAL_SYSTEM_BACKUP_3_20260612_054242/backups/FINAL_SYSTEM_BACKUP_3_20260612_054242/backups/FINAL_SYSTEM_BACKUP_3_20260612_054242/backups/FINAL_SYSTEM_BACKUP_3_20260612_054242/backups/FINAL_SYSTEM_BACKUP_3_20260612_054242/backups/FINAL_SYSTEM_BACKUP_3_20260612_054242/backups/FINAL_SYSTEM_BACKUP_3_20260612_054242/backups/FINAL_SYSTEM_BACKUP_3_20260612_054242/backups/FINAL_SYSTEM_BACKUP_3_20260612_054242/backups/FINAL_SYSTEM_BACKUP_3_20260612_054242/backups/FINAL_SYSTEM_BACKUP_3_20260612_054242/backups/FINAL_SYSTEM_BACKUP_3_20260612_054242/backups/FINAL_SYSTEM_BACKUP_3_20260612_054242/backups/FINAL_SYSTEM_BACKUP_3_20260612_054242/backups/FINAL_SYSTEM_BACKUP_3_20260612_054242/backups/FINAL_SYSTEM_BACKUP_3_20260612_054242/backups/FINAL_SYSTEM_BACKUP_3_20260612_054242/backups/FINAL_SYSTEM_BACKUP_3_20260612_054242/backups/FINAL_SYSTEM_BACKUP_3_20260612_054242/backups/FINAL_SYSTEM_BACKUP_3_20260612_054242/backups/FINAL_SYSTEM_BACKUP_3_20260612_054242/backups/FINAL_SYSTEM_BACKUP_3_20260612_054242/backups/FINAL_SYSTEM_BACKUP_3_20260612_054242/backups/FINAL_SYSTEM_BACKUP_3_20260612_054242/backups/FINAL_SYSTEM_BACKUP_3_20260612_054242/backups/FINAL_SYSTEM_BACKUP_3_20260612_054242/backups/FINAL_SYSTEM_BACKUP_3_20260612_054242/backups/FINAL_SYSTEM_BACKUP_3_20260612_054242/backups/FINAL_SYSTEM_BACKUP_3_20260612_054242/backups/FINAL_SYSTEM_BACKUP_3_20260612_054242/backups/FINAL_SYSTEM_BACKUP_3_20260612_054242/backups/FINAL_SYSTEM_BACKUP_3_20260612_054242/backups/FINAL_SYSTEM_BACKUP_3_20260612_054242/backups/FINAL_SYSTEM_BACKUP_3_20260612_054242/backups/FINAL_SYSTEM_BACKUP_3_20260612_054242/backups/FINAL_SYSTEM_BACKUP_3_20260612_054242/bilder,bilder,application/vnd.google-apps.folder,,2026-06-12T05:42:43.000Z
1jSO8ftJY99T4-Mja7PXY7nAJ1UHaOKn3,ROOT/backups/FINAL_SYSTEM_BACKUP_3_20260612_054242/backups/FINAL_SYSTEM_BACKUP_3_20260612_054242/backups/FINAL_SYSTEM_BACKUP_3_20260612_054242/backups/FINAL_SYSTEM_BACKUP_3_20260612_054242/backups/FINAL_SYSTEM_BACKUP_3_20260612_054242/backups/FINAL_SYSTEM_BACKUP_3_20260612_054242/backups/FINAL_SYSTEM_BACKUP_3_20260612_054242/backups/FINAL_SYSTEM_BACKUP_3_20260612_054242/backups/FINAL_SYSTEM_BACKUP_3_20260612_054242/backups/FINAL_SYSTEM_BACKUP_3_20260612_054242/backups/FINAL_SYSTEM_BACKUP_3_20260612_054242/backups/FINAL_SYSTEM_BACKUP_3_20260612_054242/backups/FINAL_SYSTEM_BACKUP_3_20260612_054242/backups/FINAL_SYSTEM_BACKUP_3_20260612_054242/backups/FINAL_SYSTEM_BACKUP_3_20260612_054242/backups/FINAL_SYSTEM_BACKUP_3_20260612_054242/backups/FINAL_SYSTEM_BACKUP_3_20260612_054242/backups/FINAL_SYSTEM_BACKUP_3_20260612_054242/backups/FINAL_SYSTEM_BACKUP_3_20260612_054242/backups/FINAL_SYSTEM_BACKUP_3_20260612_054242/backups/FINAL_SYSTEM_BACKUP_3_20260612_054242/backups/FINAL_SYSTEM_BACKUP_3_20260612_054242/backups/FINAL_SYSTEM_BACKUP_3_20260612_054242/backups/FINAL_SYSTEM_BACKUP_3_20260612_054242/backups/FINAL_SYSTEM_BACKUP_3_20260612_054242/backups/FINAL_SYSTEM_BACKUP_3_20260612_054242/backups/FINAL_SYSTEM_BACKUP_3_20260612_054242/backups/FINAL_SYSTEM_BACKUP_3_20260612_054242/backups/FINAL_SYSTEM_BACKUP_3_20260612_054242/backups/FINAL_SYSTEM_BACKUP_3_20260612_054242/backups/FINAL_SYSTEM_BACKUP_3_20260612_054242/backups/FINAL_SYSTEM_BACKUP_3_20260612_054242/backups/FINAL_SYSTEM_BACKUP_3_20260612_054242/backups/FINAL_SYSTEM_BACKUP_3_20260612_054242/backups/FINAL_SYSTEM_BACKUP_3_20260612_054242/backups/FINAL_SYSTEM_BACKUP_3_20260612_054242/backups/FINAL_SYSTEM_BACKUP_3_20260612_054242/backups/FINAL_SYSTEM_BACKUP_3_20260612_054242/backups/FINAL_SYSTEM_BACKUP_3_20260612_054242/bilder/produkte,produkte,application/vnd.google-apps.folder,,2026-06-09T07:10:29.000Z
1YSCSE_kEpmpAE6TdFKCbeYqrUYcChNcD,ROOT/backups/FINAL_SYSTEM_BACKUP_3_20260612_054242/backups/FINAL_SYSTEM_BACKUP_3_20260612_054242/backups/FINAL_SYSTEM_BACKUP_3_20260612_054242/backups/FINAL_SYSTEM_BACKUP_3_20260612_054242/backups/FINAL_SYSTEM_BACKUP_3_20260612_054242/backups/FINAL_SYSTEM_BACKUP_3_20260612_054242/backups/FINAL_SYSTEM_BACKUP_3_20260612_054242/backups/FINAL_SYSTEM_BACKUP_3_20260612_054242/backups/FINAL_SYSTEM_BACKUP_3_20260612_054242/backups/FINAL_SYSTEM_BACKUP_3_20260612_054242/backups/FINAL_SYSTEM_BACKUP_3_20260612_054242/backups/FINAL_SYSTEM_BACKUP_3_20260612_054242/backups/FINAL_SYSTEM_BACKUP_3_20260612_054242/backups/FINAL_SYSTEM_BACKUP_3_20260612_054242/backups/FINAL_SYSTEM_BACKUP_3_20260612_054242/backups/FINAL_SYSTEM_BACKUP_3_20260612_054242/backups/FINAL_SYSTEM_BACKUP_3_20260612_054242/backups/FINAL_SYSTEM_BACKUP_3_20260612_054242/backups/FINAL_SYSTEM_BACKUP_3_20260612_054242/backups/FINAL_SYSTEM_BACKUP_3_20260612_054242/backups/FINAL_SYSTEM_BACKUP_3_20260612_054242/backups/FINAL_SYSTEM_BACKUP_3_20260612_054242/backups/FINAL_SYSTEM_BACKUP_3_20260612_054242/backups/FINAL_SYSTEM_BACKUP_3_20260612_054242/backups/FINAL_SYSTEM_BACKUP_3_20260612_054242/backups/FINAL_SYSTEM_BACKUP_3_20260612_054242/backups/FINAL_SYSTEM_BACKUP_3_20260612_054242/backups/FINAL_SYSTEM_BACKUP_3_20260612_054242/backups/FINAL_SYSTEM_BACKUP_3_20260612_054242/backups/FINAL_SYSTEM_BACKUP_3_20260612_054242/backups/FINAL_SYSTEM_BACKUP_3_20260612_054242/backups/FINAL_SYSTEM_BACKUP_3_20260612_054242/backups/FINAL_SYSTEM_BACKUP_3_20260612_054242/backups/FINAL_SYSTEM_BACKUP_3_20260612_054242/backups/FINAL_SYSTEM_BACKUP_3_20260612_054242/backups/FINAL_SYSTEM_BACKUP_3_20260612_054242/backups/FINAL_SYSTEM_BACKUP_3_20260612_054242/backups/FINAL_SYSTEM_BACKUP_3_20260612_054242/backups/old_images_20260609_071029,old_images_20260609_071029,application/vnd.google-apps.folder,,2026-06-09T07:10:29.000Z
11gzNGUdJCRQaUGYz21yn9REYZajT_-Yk,ROOT/backups/FINAL_SYSTEM_BACKUP_3_20260612_054242/backups/FINAL_SYSTEM_BACKUP_3_20260612_054242/backups/FINAL_SYSTEM_BACKUP_3_20260612_054242/backups/FINAL_SYSTEM_BACKUP_3_20260612_054242/backups/FINAL_SYSTEM_BACKUP_3_20260612_054242/backups/FINAL_SYSTEM_BACKUP_3_20260612_054242/backups/FINAL_SYSTEM_BACKUP_3_20260612_054242/backups/FINAL_SYSTEM_BACKUP_3_20260612_054242/backups/FINAL_SYSTEM_BACKUP_3_20260612_054242/backups/FINAL_SYSTEM_BACKUP_3_20260612_054242/backups/FINAL_SYSTEM_BACKUP_3_20260612_054242/backups/FINAL_SYSTEM_BACKUP_3_20260612_054242/backups/FINAL_SYSTEM_BACKUP_3_20260612_054242/backups/FINAL_SYSTEM_BACKUP_3_20260612_054242/backups/FINAL_SYSTEM_BACKUP_3_20260612_054242/backups/FINAL_SYSTEM_BACKUP_3_20260612_054242/backups/FINAL_SYSTEM_BACKUP_3_20260612_054242/backups/FINAL_SYSTEM_BACKUP_3_20260612_054242/backups/FINAL_SYSTEM_BACKUP_3_20260612_054242/backups/FINAL_SYSTEM_BACKUP_3_20260612_054242/backups/FINAL_SYSTEM_BACKUP_3_20260612_054242/backups/FINAL_SYSTEM_BACKUP_3_20260612_054242/backups/FINAL_SYSTEM_BACKUP_3_20260612_054242/backups/FINAL_SYSTEM_BACKUP_3_20260612_054242/backups/FINAL_SYSTEM_BACKUP_3_20260612_054242/backups/FINAL_SYSTEM_BACKUP_3_20260612_054242/backups/FINAL_SYSTEM_BACKUP_3_20260612_054242/backups/FINAL_SYSTEM_BACKUP_3_20260612_054242/backups/FINAL_SYSTEM_BACKUP_3_20260612_054242/backups/FINAL_SYSTEM_BACKUP_3_20260612_054242/backups/FINAL_SYSTEM_BACKUP_3_20260612_054242/backups/FINAL_SYSTEM_BACKUP_3_20260612_054242/backups/FINAL_SYSTEM_BACKUP_3_20260612_054242/backups/FINAL_SYSTEM_BACKUP_3_20260612_054242/backups/FINAL_SYSTEM_BACKUP_3_20260612_054242/backups/FINAL_SYSTEM_BACKUP_3_20260612_054242/backups/FINAL_SYSTEM_BACKUP_3_20260612_054242/backups/FINAL_SYSTEM_BACKUP_3_20260612_054242/backups/full_backup_20260608_225815,full_backup_20260608_225815,application/vnd.google-apps.folder,,2026-06-08T22:58:15.000Z
1lmlobdrQAOsWE86muvA-ZDTsgSTgnvtT,ROOT/backups/FINAL_SYSTEM_BACKUP_3_20260612_054242/backups/FINAL_SYSTEM_BACKUP_3_20260612_054242/backups/FINAL_SYSTEM_BACKUP_3_20260612_054242/backups/FINAL_SYSTEM_BACKUP_3_20260612_054242/backups/FINAL_SYSTEM_BACKUP_3_20260612_054242/backups/FINAL_SYSTEM_BACKUP_3_20260612_054242/backups/FINAL_SYSTEM_BACKUP_3_20260612_054242/backups/FINAL_SYSTEM_BACKUP_3_20260612_054242/backups/FINAL_SYSTEM_BACKUP_3_20260612_054242/backups/FINAL_SYSTEM_BACKUP_3_20260612_054242/backups/FINAL_SYSTEM_BACKUP_3_20260612_054242/backups/FINAL_SYSTEM_BACKUP_3_20260612_054242/backups/FINAL_SYSTEM_BACKUP_3_20260612_054242/backups/FINAL_SYSTEM_BACKUP_3_20260612_054242/backups/FINAL_SYSTEM_BACKUP_3_20260612_054242/backups/FINAL_SYSTEM_BACKUP_3_20260612_054242/backups/FINAL_SYSTEM_BACKUP_3_20260612_054242/backups/FINAL_SYSTEM_BACKUP_3_20260612_054242/backups/FINAL_SYSTEM_BACKUP_3_20260612_054242/backups/FINAL_SYSTEM_BACKUP_3_20260612_054242/backups/FINAL_SYSTEM_BACKUP_3_20260612_054242/backups/FINAL_SYSTEM_BACKUP_3_20260612_054242/backups/FINAL_SYSTEM_BACKUP_3_20260612_054242/backups/FINAL_SYSTEM_BACKUP_3_20260612_054242/backups/FINAL_SYSTEM_BACKUP_3_20260612_054242/backups/FINAL_SYSTEM_BACKUP_3_20260612_054242/backups/FINAL_SYSTEM_BACKUP_3_20260612_054242/backups/FINAL_SYSTEM_BACKUP_3_20260612_054242/backups/FINAL_SYSTEM_BACKUP_3_20260612_054242/backups/FINAL_SYSTEM_BACKUP_3_20260612_054242/backups/FINAL_SYSTEM_BACKUP_3_20260612_054242/backups/FINAL_SYSTEM_BACKUP_3_20260612_054242/backups/FINAL_SYSTEM_BACKUP_3_20260612_054242/backups/FINAL_SYSTEM_BACKUP_3_20260612_054242/backups/FINAL_SYSTEM_BACKUP_3_20260612_054242/backups/FINAL_SYSTEM_BACKUP_3_20260612_054242/backups/FINAL_SYSTEM_BACKUP_3_20260612_054242/backups/FINAL_SYSTEM_BACKUP_3_20260612_054242/backups/full_backup_20260608_225815/secrets,secrets,application/vnd.google-apps.folder,,2026-06-08T21:02:21.000Z
1xGXXs9QLVq3gWHRLYhOtGg5ancCW5bBi,ROOT/backups/FINAL_SYSTEM_BACKUP_3_20260612_054242/backups/FINAL_SYSTEM_BACKUP_3_20260612_054242/backups/FINAL_SYSTEM_BACKUP_3_20260612_054242/backups/FINAL_SYSTEM_BACKUP_3_20260612_054242/backups/FINAL_SYSTEM_BACKUP_3_20260612_054242/backups/FINAL_SYSTEM_BACKUP_3_20260612_054242/backups/FINAL_SYSTEM_BACKUP_3_20260612_054242/backups/FINAL_SYSTEM_BACKUP_3_20260612_054242/backups/FINAL_SYSTEM_BACKUP_3_20260612_054242/backups/FINAL_SYSTEM_BACKUP_3_20260612_054242/backups/FINAL_SYSTEM_BACKUP_3_20260612_054242/backups/FINAL_SYSTEM_BACKUP_3_20260612_054242/backups/FINAL_SYSTEM_BACKUP_3_20260612_054242/backups/FINAL_SYSTEM_BACKUP_3_20260612_054242/backups/FINAL_SYSTEM_BACKUP_3_20260612_054242/backups/FINAL_SYSTEM_BACKUP_3_20260612_054242/backups/FINAL_SYSTEM_BACKUP_3_20260612_054242/backups/FINAL_SYSTEM_BACKUP_3_20260612_054242/backups/FINAL_SYSTEM_BACKUP_3_20260612_054242/backups/FINAL_SYSTEM_BACKUP_3_20260612_054242/backups/FINAL_SYSTEM_BACKUP_3_20260612_054242/backups/FINAL_SYSTEM_BACKUP_3_20260612_054242/backups/FINAL_SYSTEM_BACKUP_3_20260612_054242/backups/FINAL_SYSTEM_BACKUP_3_20260612_054242/backups/FINAL_SYSTEM_BACKUP_3_20260612_054242/backups/FINAL_SYSTEM_BACKUP_3_20260612_054242/backups/FINAL_SYSTEM_BACKUP_3_20260612_054242/backups/FINAL_SYSTEM_BACKUP_3_20260612_054242/backups/FINAL_SYSTEM_BACKUP_3_20260612_054242/backups/FINAL_SYSTEM_BACKUP_3_20260612_054242/backups/FINAL_SYSTEM_BACKUP_3_20260612_054242/backups/FINAL_SYSTEM_BACKUP_3_20260612_054242/backups/FINAL_SYSTEM_BACKUP_3_20260612_054242/backups/FINAL_SYSTEM_BACKUP_3_20260612_054242/backups/FINAL_SYSTEM_BACKUP_3_20260612_054242/backups/FINAL_SYSTEM_BACKUP_3_20260612_054242/backups/FINAL_SYSTEM_BACKUP_3_20260612_054242/backups/FINAL_SYSTEM_BACKUP_3_20260612_054242/backups/full_backup_20260608_225815/bilder,bilder,application/vnd.google-apps.folder,,2026-06-08T05:51:42.000Z
1yMnt68cajG_RnmdWNuruWewEFKEtLhNw,ROOT/backups/FINAL_SYSTEM_BACKUP_3_20260612_054242/backups/FINAL_SYSTEM_BACKUP_3_20260612_054242/backups/FINAL_SYSTEM_BACKUP_3_20260612_054242/backups/FINAL_SYSTEM_BACKUP_3_20260612_054242/backups/FINAL_SYSTEM_BACKUP_3_20260612_054242/backups/FINAL_SYSTEM_BACKUP_3_20260612_054242/backups/FINAL_SYSTEM_BACKUP_3_20260612_054242/backups/FINAL_SYSTEM_BACKUP_3_20260612_054242/backups/FINAL_SYSTEM_BACKUP_3_20260612_054242/backups/FINAL_SYSTEM_BACKUP_3_20260612_054242/backups/FINAL_SYSTEM_BACKUP_3_20260612_054242/backups/FINAL_SYSTEM_BACKUP_3_20260612_054242/backups/FINAL_SYSTEM_BACKUP_3_20260612_054242/backups/FINAL_SYSTEM_BACKUP_3_20260612_054242/backups/FINAL_SYSTEM_BACKUP_3_20260612_054242/backups/FINAL_SYSTEM_BACKUP_3_20260612_054242/backups/FINAL_SYSTEM_BACKUP_3_20260612_054242/backups/FINAL_SYSTEM_BACKUP_3_20260612_054242/backups/FINAL_SYSTEM_BACKUP_3_20260612_054242/backups/FINAL_SYSTEM_BACKUP_3_20260612_054242/backups/FINAL_SYSTEM_BACKUP_3_20260612_054242/backups/FINAL_SYSTEM_BACKUP_3_20260612_054242/backups/FINAL_SYSTEM_BACKUP_3_20260612_054242/backups/FINAL_SYSTEM_BACKUP_3_20260612_054242/backups/FINAL_SYSTEM_BACKUP_3_20260612_054242/backups/FINAL_SYSTEM_BACKUP_3_20260612_054242/backups/FINAL_SYSTEM_BACKUP_3_20260612_054242/backups/FINAL_SYSTEM_BACKUP_3_20260612_054242/backups/FINAL_SYSTEM_BACKUP_3_20260612_054242/backups/FINAL_SYSTEM_BACKUP_3_20260612_054242/backups/FINAL_SYSTEM_BACKUP_3_20260612_054242/backups/FINAL_SYSTEM_BACKUP_3_20260612_054242/backups/FINAL_SYSTEM_BACKUP_3_20260612_054242/backups/FINAL_SYSTEM_BACKUP_3_20260612_054242/backups/FINAL_SYSTEM_BACKUP_3_20260612_054242/backups/FINAL_SYSTEM_BACKUP_3_20260612_054242/backups/FINAL_SYSTEM_BACKUP_3_20260612_054242/backups/FINAL_SYSTEM_BACKUP_3_20260612_054242/bilder,bilder,application/vnd.google-apps.folder,,2026-06-12T05:42:43.000Z
1ks0wx4bb9qi0nUtboxU8clMZVh9DeBSH,ROOT/backups/FINAL_SYSTEM_BACKUP_3_20260612_054242/backups/FINAL_SYSTEM_BACKUP_3_20260612_054242/backups/FINAL_SYSTEM_BACKUP_3_20260612_054242/backups/FINAL_SYSTEM_BACKUP_3_20260612_054242/backups/FINAL_SYSTEM_BACKUP_3_20260612_054242/backups/FINAL_SYSTEM_BACKUP_3_20260612_054242/backups/FINAL_SYSTEM_BACKUP_3_20260612_054242/backups/FINAL_SYSTEM_BACKUP_3_20260612_054242/backups/FINAL_SYSTEM_BACKUP_3_20260612_054242/backups/FINAL_SYSTEM_BACKUP_3_20260612_054242/backups/FINAL_SYSTEM_BACKUP_3_20260612_054242/backups/FINAL_SYSTEM_BACKUP_3_20260612_054242/backups/FINAL_SYSTEM_BACKUP_3_20260612_054242/backups/FINAL_SYSTEM_BACKUP_3_20260612_054242/backups/FINAL_SYSTEM_BACKUP_3_20260612_054242/backups/FINAL_SYSTEM_BACKUP_3_20260612_054242/backups/FINAL_SYSTEM_BACKUP_3_20260612_054242/backups/FINAL_SYSTEM_BACKUP_3_20260612_054242/backups/FINAL_SYSTEM_BACKUP_3_20260612_054242/backups/FINAL_SYSTEM_BACKUP_3_20260612_054242/backups/FINAL_SYSTEM_BACKUP_3_20260612_054242/backups/FINAL_SYSTEM_BACKUP_3_20260612_054242/backups/FINAL_SYSTEM_BACKUP_3_20260612_054242/backups/FINAL_SYSTEM_BACKUP_3_20260612_054242/backups/FINAL_SYSTEM_BACKUP_3_20260612_054242/backups/FINAL_SYSTEM_BACKUP_3_20260612_054242/backups/FINAL_SYSTEM_BACKUP_3_20260612_054242/backups/FINAL_SYSTEM_BACKUP_3_20260612_054242/backups/FINAL_SYSTEM_BACKUP_3_20260612_054242/backups/FINAL_SYSTEM_BACKUP_3_20260612_054242/backups/FINAL_SYSTEM_BACKUP_3_20260612_054242/backups/FINAL_SYSTEM_BACKUP_3_20260612_054242/backups/FINAL_SYSTEM_BACKUP_3_20260612_054242/backups/FINAL_SYSTEM_BACKUP_3_20260612_054242/backups/FINAL_SYSTEM_BACKUP_3_20260612_054242/backups/FINAL_SYSTEM_BACKUP_3_20260612_054242/backups/FINAL_SYSTEM_BACKUP_3_20260612_054242/backups/FINAL_SYSTEM_BACKUP_3_20260612_054242/bilder/produkte,produkte,application/vnd.google-apps.folder,,2026-06-09T07:10:29.000Z
15UkeL3tcbtHBgKviMt_2uYVEcVXf_U9h,ROOT/backups/FINAL_SYSTEM_BACKUP_3_20260612_054242/backups/FINAL_SYSTEM_BACKUP_3_20260612_054242/backups/FINAL_SYSTEM_BACKUP_3_20260612_054242/backups/FINAL_SYSTEM_BACKUP_3_20260612_054242/backups/FINAL_SYSTEM_BACKUP_3_20260612_054242/backups/FINAL_SYSTEM_BACKUP_3_20260612_054242/backups/FINAL_SYSTEM_BACKUP_3_20260612_054242/backups/FINAL_SYSTEM_BACKUP_3_20260612_054242/backups/FINAL_SYSTEM_BACKUP_3_20260612_054242/backups/FINAL_SYSTEM_BACKUP_3_20260612_054242/backups/FINAL_SYSTEM_BACKUP_3_20260612_054242/backups/FINAL_SYSTEM_BACKUP_3_20260612_054242/backups/FINAL_SYSTEM_BACKUP_3_20260612_054242/backups/FINAL_SYSTEM_BACKUP_3_20260612_054242/backups/FINAL_SYSTEM_BACKUP_3_20260612_054242/backups/FINAL_SYSTEM_BACKUP_3_20260612_054242/backups/FINAL_SYSTEM_BACKUP_3_20260612_054242/backups/FINAL_SYSTEM_BACKUP_3_20260612_054242/backups/FINAL_SYSTEM_BACKUP_3_20260612_054242/backups/FINAL_SYSTEM_BACKUP_3_20260612_054242/backups/FINAL_SYSTEM_BACKUP_3_20260612_054242/backups/FINAL_SYSTEM_BACKUP_3_20260612_054242/backups/FINAL_SYSTEM_BACKUP_3_20260612_054242/backups/FINAL_SYSTEM_BACKUP_3_20260612_054242/backups/FINAL_SYSTEM_BACKUP_3_20260612_054242/backups/FINAL_SYSTEM_BACKUP_3_20260612_054242/backups/FINAL_SYSTEM_BACKUP_3_20260612_054242/backups/FINAL_SYSTEM_BACKUP_3_20260612_054242/backups/FINAL_SYSTEM_BACKUP_3_20260612_054242/backups/FINAL_SYSTEM_BACKUP_3_20260612_054242/backups/FINAL_SYSTEM_BACKUP_3_20260612_054242/backups/FINAL_SYSTEM_BACKUP_3_20260612_054242/backups/FINAL_SYSTEM_BACKUP_3_20260612_054242/backups/FINAL_SYSTEM_BACKUP_3_20260612_054242/backups/FINAL_SYSTEM_BACKUP_3_20260612_054242/backups/FINAL_SYSTEM_BACKUP_3_20260612_054242/backups/FINAL_SYSTEM_BACKUP_3_20260612_054242/backups/old_images_20260609_071029,old_images_20260609_071029,application/vnd.google-apps.folder,,2026-06-09T07:10:29.000Z
1aVE2vl26p_WkxY268pkVVDdNe1h-Eocq,ROOT/backups/FINAL_SYSTEM_BACKUP_3_20260612_054242/backups/FINAL_SYSTEM_BACKUP_3_20260612_054242/backups/FINAL_SYSTEM_BACKUP_3_20260612_054242/backups/FINAL_SYSTEM_BACKUP_3_20260612_054242/backups/FINAL_SYSTEM_BACKUP_3_20260612_054242/backups/FINAL_SYSTEM_BACKUP_3_20260612_054242/backups/FINAL_SYSTEM_BACKUP_3_20260612_054242/backups/FINAL_SYSTEM_BACKUP_3_20260612_054242/backups/FINAL_SYSTEM_BACKUP_3_20260612_054242/backups/FINAL_SYSTEM_BACKUP_3_20260612_054242/backups/FINAL_SYSTEM_BACKUP_3_20260612_054242/backups/FINAL_SYSTEM_BACKUP_3_20260612_054242/backups/FINAL_SYSTEM_BACKUP_3_20260612_054242/backups/FINAL_SYSTEM_BACKUP_3_20260612_054242/backups/FINAL_SYSTEM_BACKUP_3_20260612_054242/backups/FINAL_SYSTEM_BACKUP_3_20260612_054242/backups/FINAL_SYSTEM_BACKUP_3_20260612_054242/backups/FINAL_SYSTEM_BACKUP_3_20260612_054242/backups/FINAL_SYSTEM_BACKUP_3_20260612_054242/backups/FINAL_SYSTEM_BACKUP_3_20260612_054242/backups/FINAL_SYSTEM_BACKUP_3_20260612_054242/backups/FINAL_SYSTEM_BACKUP_3_20260612_054242/backups/FINAL_SYSTEM_BACKUP_3_20260612_054242/backups/FINAL_SYSTEM_BACKUP_3_20260612_054242/backups/FINAL_SYSTEM_BACKUP_3_20260612_054242/backups/FINAL_SYSTEM_BACKUP_3_20260612_054242/backups/FINAL_SYSTEM_BACKUP_3_20260612_054242/backups/FINAL_SYSTEM_BACKUP_3_20260612_054242/backups/FINAL_SYSTEM_BACKUP_3_20260612_054242/backups/FINAL_SYSTEM_BACKUP_3_20260612_054242/backups/FINAL_SYSTEM_BACKUP_3_20260612_054242/backups/FINAL_SYSTEM_BACKUP_3_20260612_054242/backups/FINAL_SYSTEM_BACKUP_3_20260612_054242/backups/FINAL_SYSTEM_BACKUP_3_20260612_054242/backups/FINAL_SYSTEM_BACKUP_3_20260612_054242/backups/FINAL_SYSTEM_BACKUP_3_20260612_054242/backups/FINAL_SYSTEM_BACKUP_3_20260612_054242/backups/full_backup_20260608_225815,full_backup_20260608_225815,application/vnd.google-apps.folder,,2026-06-08T22:58:15.000Z
1nPuxBUUb_kkOgGPIv9M5mdNjUyoMIVvJ,ROOT/backups/FINAL_SYSTEM_BACKUP_3_20260612_054242/backups/FINAL_SYSTEM_BACKUP_3_20260612_054242/backups/FINAL_SYSTEM_BACKUP_3_20260612_054242/backups/FINAL_SYSTEM_BACKUP_3_20260612_054242/backups/FINAL_SYSTEM_BACKUP_3_20260612_054242/backups/FINAL_SYSTEM_BACKUP_3_20260612_054242/backups/FINAL_SYSTEM_BACKUP_3_20260612_054242/backups/FINAL_SYSTEM_BACKUP_3_20260612_054242/backups/FINAL_SYSTEM_BACKUP_3_20260612_054242/backups/FINAL_SYSTEM_BACKUP_3_20260612_054242/backups/FINAL_SYSTEM_BACKUP_3_20260612_054242/backups/FINAL_SYSTEM_BACKUP_3_20260612_054242/backups/FINAL_SYSTEM_BACKUP_3_20260612_054242/backups/FINAL_SYSTEM_BACKUP_3_20260612_054242/backups/FINAL_SYSTEM_BACKUP_3_20260612_054242/backups/FINAL_SYSTEM_BACKUP_3_20260612_054242/backups/FINAL_SYSTEM_BACKUP_3_20260612_054242/backups/FINAL_SYSTEM_BACKUP_3_20260612_054242/backups/FINAL_SYSTEM_BACKUP_3_20260612_054242/backups/FINAL_SYSTEM_BACKUP_3_20260612_054242/backups/FINAL_SYSTEM_BACKUP_3_20260612_054242/backups/FINAL_SYSTEM_BACKUP_3_20260612_054242/backups/FINAL_SYSTEM_BACKUP_3_20260612_054242/backups/FINAL_SYSTEM_BACKUP_3_20260612_054242/backups/FINAL_SYSTEM_BACKUP_3_20260612_054242/backups/FINAL_SYSTEM_BACKUP_3_20260612_054242/backups/FINAL_SYSTEM_BACKUP_3_20260612_054242/backups/FINAL_SYSTEM_BACKUP_3_20260612_054242/backups/FINAL_SYSTEM_BACKUP_3_20260612_054242/backups/FINAL_SYSTEM_BACKUP_3_20260612_054242/backups/FINAL_SYSTEM_BACKUP_3_20260612_054242/backups/FINAL_SYSTEM_BACKUP_3_20260612_054242/backups/FINAL_SYSTEM_BACKUP_3_20260612_054242/backups/FINAL_SYSTEM_BACKUP_3_20260612_054242/backups/FINAL_SYSTEM_BACKUP_3_20260612_054242/backups/FINAL_SYSTEM_BACKUP_3_20260612_054242/backups/FINAL_SYSTEM_BACKUP_3_20260612_054242/backups/full_backup_20260608_225815/secrets,secrets,application/vnd.google-apps.folder,,2026-06-08T21:02:21.000Z
1-S7nnGpoxAOmiHz3t3kgjlK5IUY0gdSw,ROOT/backups/FINAL_SYSTEM_BACKUP_3_20260612_054242/backups/FINAL_SYSTEM_BACKUP_3_20260612_054242/backups/FINAL_SYSTEM_BACKUP_3_20260612_054242/backups/FINAL_SYSTEM_BACKUP_3_20260612_054242/backups/FINAL_SYSTEM_BACKUP_3_20260612_054242/backups/FINAL_SYSTEM_BACKUP_3_20260612_054242/backups/FINAL_SYSTEM_BACKUP_3_20260612_054242/backups/FINAL_SYSTEM_BACKUP_3_20260612_054242/backups/FINAL_SYSTEM_BACKUP_3_20260612_054242/backups/FINAL_SYSTEM_BACKUP_3_20260612_054242/backups/FINAL_SYSTEM_BACKUP_3_20260612_054242/backups/FINAL_SYSTEM_BACKUP_3_20260612_054242/backups/FINAL_SYSTEM_BACKUP_3_20260612_054242/backups/FINAL_SYSTEM_BACKUP_3_20260612_054242/backups/FINAL_SYSTEM_BACKUP_3_20260612_054242/backups/FINAL_SYSTEM_BACKUP_3_20260612_054242/backups/FINAL_SYSTEM_BACKUP_3_20260612_054242/backups/FINAL_SYSTEM_BACKUP_3_20260612_054242/backups/FINAL_SYSTEM_BACKUP_3_20260612_054242/backups/FINAL_SYSTEM_BACKUP_3_20260612_054242/backups/FINAL_SYSTEM_BACKUP_3_20260612_054242/backups/FINAL_SYSTEM_BACKUP_3_20260612_054242/backups/FINAL_SYSTEM_BACKUP_3_20260612_054242/backups/FINAL_SYSTEM_BACKUP_3_20260612_054242/backups/FINAL_SYSTEM_BACKUP_3_20260612_054242/backups/FINAL_SYSTEM_BACKUP_3_20260612_054242/backups/FINAL_SYSTEM_BACKUP_3_20260612_054242/backups/FINAL_SYSTEM_BACKUP_3_20260612_054242/backups/FINAL_SYSTEM_BACKUP_3_20260612_054242/backups/FINAL_SYSTEM_BACKUP_3_20260612_054242/backups/FINAL_SYSTEM_BACKUP_3_20260612_054242/backups/FINAL_SYSTEM_BACKUP_3_20260612_054242/backups/FINAL_SYSTEM_BACKUP_3_20260612_054242/backups/FINAL_SYSTEM_BACKUP_3_20260612_054242/backups/FINAL_SYSTEM_BACKUP_3_20260612_054242/backups/FINAL_SYSTEM_BACKUP_3_20260612_054242/backups/FINAL_SYSTEM_BACKUP_3_20260612_054242/backups/full_backup_20260608_225815/bilder,bilder,application/vnd.google-apps.folder,,2026-06-08T05:51:42.000Z
1GUd57JOcuspv4vBsIX0xmUIMuG0z6yX3,ROOT/backups/FINAL_SYSTEM_BACKUP_3_20260612_054242/backups/FINAL_SYSTEM_BACKUP_3_20260612_054242/backups/FINAL_SYSTEM_BACKUP_3_20260612_054242/backups/FINAL_SYSTEM_BACKUP_3_20260612_054242/backups/FINAL_SYSTEM_BACKUP_3_20260612_054242/backups/FINAL_SYSTEM_BACKUP_3_20260612_054242/backups/FINAL_SYSTEM_BACKUP_3_20260612_054242/backups/FINAL_SYSTEM_BACKUP_3_20260612_054242/backups/FINAL_SYSTEM_BACKUP_3_20260612_054242/backups/FINAL_SYSTEM_BACKUP_3_20260612_054242/backups/FINAL_SYSTEM_BACKUP_3_20260612_054242/backups/FINAL_SYSTEM_BACKUP_3_20260612_054242/backups/FINAL_SYSTEM_BACKUP_3_20260612_054242/backups/FINAL_SYSTEM_BACKUP_3_20260612_054242/backups/FINAL_SYSTEM_BACKUP_3_20260612_054242/backups/FINAL_SYSTEM_BACKUP_3_20260612_054242/backups/FINAL_SYSTEM_BACKUP_3_20260612_054242/backups/FINAL_SYSTEM_BACKUP_3_20260612_054242/backups/FINAL_SYSTEM_BACKUP_3_20260612_054242/backups/FINAL_SYSTEM_BACKUP_3_20260612_054242/backups/FINAL_SYSTEM_BACKUP_3_20260612_054242/backups/FINAL_SYSTEM_BACKUP_3_20260612_054242/backups/FINAL_SYSTEM_BACKUP_3_20260612_054242/backups/FINAL_SYSTEM_BACKUP_3_20260612_054242/backups/FINAL_SYSTEM_BACKUP_3_20260612_054242/backups/FINAL_SYSTEM_BACKUP_3_20260612_054242/backups/FINAL_SYSTEM_BACKUP_3_20260612_054242/backups/FINAL_SYSTEM_BACKUP_3_20260612_054242/backups/FINAL_SYSTEM_BACKUP_3_20260612_054242/backups/FINAL_SYSTEM_BACKUP_3_20260612_054242/backups/FINAL_SYSTEM_BACKUP_3_20260612_054242/backups/FINAL_SYSTEM_BACKUP_3_20260612_054242/backups/FINAL_SYSTEM_BACKUP_3_20260612_054242/backups/FINAL_SYSTEM_BACKUP_3_20260612_054242/backups/FINAL_SYSTEM_BACKUP_3_20260612_054242/backups/FINAL_SYSTEM_BACKUP_3_20260612_054242/backups/FINAL_SYSTEM_BACKUP_3_20260612_054242/bilder,bilder,application/vnd.google-apps.folder,,2026-06-12T05:42:43.000Z
18SNbpP5fmwv_XU6nYbKgTstNq5_KOPXw,ROOT/backups/FINAL_SYSTEM_BACKUP_3_20260612_054242/backups/FINAL_SYSTEM_BACKUP_3_20260612_054242/backups/FINAL_SYSTEM_BACKUP_3_20260612_054242/backups/FINAL_SYSTEM_BACKUP_3_20260612_054242/backups/FINAL_SYSTEM_BACKUP_3_20260612_054242/backups/FINAL_SYSTEM_BACKUP_3_20260612_054242/backups/FINAL_SYSTEM_BACKUP_3_20260612_054242/backups/FINAL_SYSTEM_BACKUP_3_20260612_054242/backups/FINAL_SYSTEM_BACKUP_3_20260612_054242/backups/FINAL_SYSTEM_BACKUP_3_20260612_054242/backups/FINAL_SYSTEM_BACKUP_3_20260612_054242/backups/FINAL_SYSTEM_BACKUP_3_20260612_054242/backups/FINAL_SYSTEM_BACKUP_3_20260612_054242/backups/FINAL_SYSTEM_BACKUP_3_20260612_054242/backups/FINAL_SYSTEM_BACKUP_3_20260612_054242/backups/FINAL_SYSTEM_BACKUP_3_20260612_054242/backups/FINAL_SYSTEM_BACKUP_3_20260612_054242/backups/FINAL_SYSTEM_BACKUP_3_20260612_054242/backups/FINAL_SYSTEM_BACKUP_3_20260612_054242/backups/FINAL_SYSTEM_BACKUP_3_20260612_054242/backups/FINAL_SYSTEM_BACKUP_3_20260612_054242/backups/FINAL_SYSTEM_BACKUP_3_20260612_054242/backups/FINAL_SYSTEM_BACKUP_3_20260612_054242/backups/FINAL_SYSTEM_BACKUP_3_20260612_054242/backups/FINAL_SYSTEM_BACKUP_3_20260612_054242/backups/FINAL_SYSTEM_BACKUP_3_20260612_054242/backups/FINAL_SYSTEM_BACKUP_3_20260612_054242/backups/FINAL_SYSTEM_BACKUP_3_20260612_054242/backups/FINAL_SYSTEM_BACKUP_3_20260612_054242/backups/FINAL_SYSTEM_BACKUP_3_20260612_054242/backups/FINAL_SYSTEM_BACKUP_3_20260612_054242/backups/FINAL_SYSTEM_BACKUP_3_20260612_054242/backups/FINAL_SYSTEM_BACKUP_3_20260612_054242/backups/FINAL_SYSTEM_BACKUP_3_20260612_054242/backups/FINAL_SYSTEM_BACKUP_3_20260612_054242/backups/FINAL_SYSTEM_BACKUP_3_20260612_054242/backups/FINAL_SYSTEM_BACKUP_3_20260612_054242/bilder/produkte,produkte,application/vnd.google-apps.folder,,2026-06-09T07:10:29.000Z
1JQMyusgqGYv9H114tfBgQU3TEbM6SR8J,ROOT/backups/FINAL_SYSTEM_BACKUP_3_20260612_054242/backups/FINAL_SYSTEM_BACKUP_3_20260612_054242/backups/FINAL_SYSTEM_BACKUP_3_20260612_054242/backups/FINAL_SYSTEM_BACKUP_3_20260612_054242/backups/FINAL_SYSTEM_BACKUP_3_20260612_054242/backups/FINAL_SYSTEM_BACKUP_3_20260612_054242/backups/FINAL_SYSTEM_BACKUP_3_20260612_054242/backups/FINAL_SYSTEM_BACKUP_3_20260612_054242/backups/FINAL_SYSTEM_BACKUP_3_20260612_054242/backups/FINAL_SYSTEM_BACKUP_3_20260612_054242/backups/FINAL_SYSTEM_BACKUP_3_20260612_054242/backups/FINAL_SYSTEM_BACKUP_3_20260612_054242/backups/FINAL_SYSTEM_BACKUP_3_20260612_054242/backups/FINAL_SYSTEM_BACKUP_3_20260612_054242/backups/FINAL_SYSTEM_BACKUP_3_20260612_054242/backups/FINAL_SYSTEM_BACKUP_3_20260612_054242/backups/FINAL_SYSTEM_BACKUP_3_20260612_054242/backups/FINAL_SYSTEM_BACKUP_3_20260612_054242/backups/FINAL_SYSTEM_BACKUP_3_20260612_054242/backups/FINAL_SYSTEM_BACKUP_3_20260612_054242/backups/FINAL_SYSTEM_BACKUP_3_20260612_054242/backups/FINAL_SYSTEM_BACKUP_3_20260612_054242/backups/FINAL_SYSTEM_BACKUP_3_20260612_054242/backups/FINAL_SYSTEM_BACKUP_3_20260612_054242/backups/FINAL_SYSTEM_BACKUP_3_20260612_054242/backups/FINAL_SYSTEM_BACKUP_3_20260612_054242/backups/FINAL_SYSTEM_BACKUP_3_20260612_054242/backups/FINAL_SYSTEM_BACKUP_3_20260612_054242/backups/FINAL_SYSTEM_BACKUP_3_20260612_054242/backups/FINAL_SYSTEM_BACKUP_3_20260612_054242/backups/FINAL_SYSTEM_BACKUP_3_20260612_054242/backups/FINAL_SYSTEM_BACKUP_3_20260612_054242/backups/FINAL_SYSTEM_BACKUP_3_20260612_054242/backups/FINAL_SYSTEM_BACKUP_3_20260612_054242/backups/FINAL_SYSTEM_BACKUP_3_20260612_054242/backups/FINAL_SYSTEM_BACKUP_3_20260612_054242/backups/old_images_20260609_071029,old_images_20260609_071029,application/vnd.google-apps.folder,,2026-06-09T07:10:29.000Z
1HOih_YD_S04h5-3vpKs50dYdC8apGQon,ROOT/backups/FINAL_SYSTEM_BACKUP_3_20260612_054242/backups/FINAL_SYSTEM_BACKUP_3_20260612_054242/backups/FINAL_SYSTEM_BACKUP_3_20260612_054242/backups/FINAL_SYSTEM_BACKUP_3_20260612_054242/backups/FINAL_SYSTEM_BACKUP_3_20260612_054242/backups/FINAL_SYSTEM_BACKUP_3_20260612_054242/backups/FINAL_SYSTEM_BACKUP_3_20260612_054242/backups/FINAL_SYSTEM_BACKUP_3_20260612_054242/backups/FINAL_SYSTEM_BACKUP_3_20260612_054242/backups/FINAL_SYSTEM_BACKUP_3_20260612_054242/backups/FINAL_SYSTEM_BACKUP_3_20260612_054242/backups/FINAL_SYSTEM_BACKUP_3_20260612_054242/backups/FINAL_SYSTEM_BACKUP_3_20260612_054242/backups/FINAL_SYSTEM_BACKUP_3_20260612_054242/backups/FINAL_SYSTEM_BACKUP_3_20260612_054242/backups/FINAL_SYSTEM_BACKUP_3_20260612_054242/backups/FINAL_SYSTEM_BACKUP_3_20260612_054242/backups/FINAL_SYSTEM_BACKUP_3_20260612_054242/backups/FINAL_SYSTEM_BACKUP_3_20260612_054242/backups/FINAL_SYSTEM_BACKUP_3_20260612_054242/backups/FINAL_SYSTEM_BACKUP_3_20260612_054242/backups/FINAL_SYSTEM_BACKUP_3_20260612_054242/backups/FINAL_SYSTEM_BACKUP_3_20260612_054242/backups/FINAL_SYSTEM_BACKUP_3_20260612_054242/backups/FINAL_SYSTEM_BACKUP_3_20260612_054242/backups/FINAL_SYSTEM_BACKUP_3_20260612_054242/backups/FINAL_SYSTEM_BACKUP_3_20260612_054242/backups/FINAL_SYSTEM_BACKUP_3_20260612_054242/backups/FINAL_SYSTEM_BACKUP_3_20260612_054242/backups/FINAL_SYSTEM_BACKUP_3_20260612_054242/backups/FINAL_SYSTEM_BACKUP_3_20260612_054242/backups/FINAL_SYSTEM_BACKUP_3_20260612_054242/backups/FINAL_SYSTEM_BACKUP_3_20260612_054242/backups/FINAL_SYSTEM_BACKUP_3_20260612_054242/backups/FINAL_SYSTEM_BACKUP_3_20260612_054242/backups/FINAL_SYSTEM_BACKUP_3_20260612_054242/backups/full_backup_20260608_225815,full_backup_20260608_225815,application/vnd.google-apps.folder,,2026-06-08T22:58:15.000Z
1DmEJN31zVB8571m03XGC-S1dXXVQ9OOl,ROOT/backups/FINAL_SYSTEM_BACKUP_3_20260612_054242/backups/FINAL_SYSTEM_BACKUP_3_20260612_054242/backups/FINAL_SYSTEM_BACKUP_3_20260612_054242/backups/FINAL_SYSTEM_BACKUP_3_20260612_054242/backups/FINAL_SYSTEM_BACKUP_3_20260612_054242/backups/FINAL_SYSTEM_BACKUP_3_20260612_054242/backups/FINAL_SYSTEM_BACKUP_3_20260612_054242/backups/FINAL_SYSTEM_BACKUP_3_20260612_054242/backups/FINAL_SYSTEM_BACKUP_3_20260612_054242/backups/FINAL_SYSTEM_BACKUP_3_20260612_054242/backups/FINAL_SYSTEM_BACKUP_3_20260612_054242/backups/FINAL_SYSTEM_BACKUP_3_20260612_054242/backups/FINAL_SYSTEM_BACKUP_3_20260612_054242/backups/FINAL_SYSTEM_BACKUP_3_20260612_054242/backups/FINAL_SYSTEM_BACKUP_3_20260612_054242/backups/FINAL_SYSTEM_BACKUP_3_20260612_054242/backups/FINAL_SYSTEM_BACKUP_3_20260612_054242/backups/FINAL_SYSTEM_BACKUP_3_20260612_054242/backups/FINAL_SYSTEM_BACKUP_3_20260612_054242/backups/FINAL_SYSTEM_BACKUP_3_20260612_054242/backups/FINAL_SYSTEM_BACKUP_3_20260612_054242/backups/FINAL_SYSTEM_BACKUP_3_20260612_054242/backups/FINAL_SYSTEM_BACKUP_3_20260612_054242/backups/FINAL_SYSTEM_BACKUP_3_20260612_054242/backups/FINAL_SYSTEM_BACKUP_3_20260612_054242/backups/FINAL_SYSTEM_BACKUP_3_20260612_054242/backups/FINAL_SYSTEM_BACKUP_3_20260612_054242/backups/FINAL_SYSTEM_BACKUP_3_20260612_054242/backups/FINAL_SYSTEM_BACKUP_3_20260612_054242/backups/FINAL_SYSTEM_BACKUP_3_20260612_054242/backups/FINAL_SYSTEM_BACKUP_3_20260612_054242/backups/FINAL_SYSTEM_BACKUP_3_20260612_054242/backups/FINAL_SYSTEM_BACKUP_3_20260612_054242/backups/FINAL_SYSTEM_BACKUP_3_20260612_054242/backups/FINAL_SYSTEM_BACKUP_3_20260612_054242/backups/FINAL_SYSTEM_BACKUP_3_20260612_054242/backups/full_backup_20260608_225815/secrets,secrets,application/vnd.google-apps.folder,,2026-06-08T21:02:21.000Z
1PTJsDacXKHn9nNvbt7RXPg2gls8bduzy,ROOT/backups/FINAL_SYSTEM_BACKUP_3_20260612_054242/backups/FINAL_SYSTEM_BACKUP_3_20260612_054242/backups/FINAL_SYSTEM_BACKUP_3_20260612_054242/backups/FINAL_SYSTEM_BACKUP_3_20260612_054242/backups/FINAL_SYSTEM_BACKUP_3_20260612_054242/backups/FINAL_SYSTEM_BACKUP_3_20260612_054242/backups/FINAL_SYSTEM_BACKUP_3_20260612_054242/backups/FINAL_SYSTEM_BACKUP_3_20260612_054242/backups/FINAL_SYSTEM_BACKUP_3_20260612_054242/backups/FINAL_SYSTEM_BACKUP_3_20260612_054242/backups/FINAL_SYSTEM_BACKUP_3_20260612_054242/backups/FINAL_SYSTEM_BACKUP_3_20260612_054242/backups/FINAL_SYSTEM_BACKUP_3_20260612_054242/backups/FINAL_SYSTEM_BACKUP_3_20260612_054242/backups/FINAL_SYSTEM_BACKUP_3_20260612_054242/backups/FINAL_SYSTEM_BACKUP_3_20260612_054242/backups/FINAL_SYSTEM_BACKUP_3_20260612_054242/backups/FINAL_SYSTEM_BACKUP_3_20260612_054242/backups/FINAL_SYSTEM_BACKUP_3_20260612_054242/backups/FINAL_SYSTEM_BACKUP_3_20260612_054242/backups/FINAL_SYSTEM_BACKUP_3_20260612_054242/backups/FINAL_SYSTEM_BACKUP_3_20260612_054242/backups/FINAL_SYSTEM_BACKUP_3_20260612_054242/backups/FINAL_SYSTEM_BACKUP_3_20260612_054242/backups/FINAL_SYSTEM_BACKUP_3_20260612_054242/backups/FINAL_SYSTEM_BACKUP_3_20260612_054242/backups/FINAL_SYSTEM_BACKUP_3_20260612_054242/backups/FINAL_SYSTEM_BACKUP_3_20260612_054242/backups/FINAL_SYSTEM_BACKUP_3_20260612_054242/backups/FINAL_SYSTEM_BACKUP_3_20260612_054242/backups/FINAL_SYSTEM_BACKUP_3_20260612_054242/backups/FINAL_SYSTEM_BACKUP_3_20260612_054242/backups/FINAL_SYSTEM_BACKUP_3_20260612_054242/backups/FINAL_SYSTEM_BACKUP_3_20260612_054242/backups/FINAL_SYSTEM_BACKUP_3_20260612_054242/backups/FINAL_SYSTEM_BACKUP_3_20260612_054242/backups/full_backup_20260608_225815/bilder,bilder,application/vnd.google-apps.folder,,2026-06-08T05:51:42.000Z
1LTVV8fBrgFDQk1pnU0otzd_nVmfSj5Tn,ROOT/backups/FINAL_SYSTEM_BACKUP_3_20260612_054242/backups/FINAL_SYSTEM_BACKUP_3_20260612_054242/backups/FINAL_SYSTEM_BACKUP_3_20260612_054242/backups/FINAL_SYSTEM_BACKUP_3_20260612_054242/backups/FINAL_SYSTEM_BACKUP_3_20260612_054242/backups/FINAL_SYSTEM_BACKUP_3_20260612_054242/backups/FINAL_SYSTEM_BACKUP_3_20260612_054242/backups/FINAL_SYSTEM_BACKUP_3_20260612_054242/backups/FINAL_SYSTEM_BACKUP_3_20260612_054242/backups/FINAL_SYSTEM_BACKUP_3_20260612_054242/backups/FINAL_SYSTEM_BACKUP_3_20260612_054242/backups/FINAL_SYSTEM_BACKUP_3_20260612_054242/backups/FINAL_SYSTEM_BACKUP_3_20260612_054242/backups/FINAL_SYSTEM_BACKUP_3_20260612_054242/backups/FINAL_SYSTEM_BACKUP_3_20260612_054242/backups/FINAL_SYSTEM_BACKUP_3_20260612_054242/backups/FINAL_SYSTEM_BACKUP_3_20260612_054242/backups/FINAL_SYSTEM_BACKUP_3_20260612_054242/backups/FINAL_SYSTEM_BACKUP_3_20260612_054242/backups/FINAL_SYSTEM_BACKUP_3_20260612_054242/backups/FINAL_SYSTEM_BACKUP_3_20260612_054242/backups/FINAL_SYSTEM_BACKUP_3_20260612_054242/backups/FINAL_SYSTEM_BACKUP_3_20260612_054242/backups/FINAL_SYSTEM_BACKUP_3_20260612_054242/backups/FINAL_SYSTEM_BACKUP_3_20260612_054242/backups/FINAL_SYSTEM_BACKUP_3_20260612_054242/backups/FINAL_SYSTEM_BACKUP_3_20260612_054242/backups/FINAL_SYSTEM_BACKUP_3_20260612_054242/backups/FINAL_SYSTEM_BACKUP_3_20260612_054242/backups/FINAL_SYSTEM_BACKUP_3_20260612_054242/backups/FINAL_SYSTEM_BACKUP_3_20260612_054242/backups/FINAL_SYSTEM_BACKUP_3_20260612_054242/backups/FINAL_SYSTEM_BACKUP_3_20260612_054242/backups/FINAL_SYSTEM_BACKUP_3_20260612_054242/backups/FINAL_SYSTEM_BACKUP_3_20260612_054242/backups/FINAL_SYSTEM_BACKUP_3_20260612_054242/bilder,bilder,application/vnd.google-apps.folder,,2026-06-12T05:42:43.000Z
1pQ89MwCfe8nJy_p-7bVoebtayX-P59MS,ROOT/backups/FINAL_SYSTEM_BACKUP_3_20260612_054242/backups/FINAL_SYSTEM_BACKUP_3_20260612_054242/backups/FINAL_SYSTEM_BACKUP_3_20260612_054242/backups/FINAL_SYSTEM_BACKUP_3_20260612_054242/backups/FINAL_SYSTEM_BACKUP_3_20260612_054242/backups/FINAL_SYSTEM_BACKUP_3_20260612_054242/backups/FINAL_SYSTEM_BACKUP_3_20260612_054242/backups/FINAL_SYSTEM_BACKUP_3_20260612_054242/backups/FINAL_SYSTEM_BACKUP_3_20260612_054242/backups/FINAL_SYSTEM_BACKUP_3_20260612_054242/backups/FINAL_SYSTEM_BACKUP_3_20260612_054242/backups/FINAL_SYSTEM_BACKUP_3_20260612_054242/backups/FINAL_SYSTEM_BACKUP_3_20260612_054242/backups/FINAL_SYSTEM_BACKUP_3_20260612_054242/backups/FINAL_SYSTEM_BACKUP_3_20260612_054242/backups/FINAL_SYSTEM_BACKUP_3_20260612_054242/backups/FINAL_SYSTEM_BACKUP_3_20260612_054242/backups/FINAL_SYSTEM_BACKUP_3_20260612_054242/backups/FINAL_SYSTEM_BACKUP_3_20260612_054242/backups/FINAL_SYSTEM_BACKUP_3_20260612_054242/backups/FINAL_SYSTEM_BACKUP_3_20260612_054242/backups/FINAL_SYSTEM_BACKUP_3_20260612_054242/backups/FINAL_SYSTEM_BACKUP_3_20260612_054242/backups/FINAL_SYSTEM_BACKUP_3_20260612_054242/backups/FINAL_SYSTEM_BACKUP_3_20260612_054242/backups/FINAL_SYSTEM_BACKUP_3_20260612_054242/backups/FINAL_SYSTEM_BACKUP_3_20260612_054242/backups/FINAL_SYSTEM_BACKUP_3_20260612_054242/backups/FINAL_SYSTEM_BACKUP_3_20260612_054242/backups/FINAL_SYSTEM_BACKUP_3_20260612_054242/backups/FINAL_SYSTEM_BACKUP_3_20260612_054242/backups/FINAL_SYSTEM_BACKUP_3_20260612_054242/backups/FINAL_SYSTEM_BACKUP_3_20260612_054242/backups/FINAL_SYSTEM_BACKUP_3_20260612_054242/backups/FINAL_SYSTEM_BACKUP_3_20260612_054242/backups/FINAL_SYSTEM_BACKUP_3_20260612_054242/bilder/produkte,produkte,application/vnd.google-apps.folder,,2026-06-09T07:10:29.000Z
1G4uvEN5OuzbE5nl2gsz8dFVfK_s34fFt,ROOT/backups/FINAL_SYSTEM_BACKUP_3_20260612_054242/backups/FINAL_SYSTEM_BACKUP_3_20260612_054242/backups/FINAL_SYSTEM_BACKUP_3_20260612_054242/backups/FINAL_SYSTEM_BACKUP_3_20260612_054242/backups/FINAL_SYSTEM_BACKUP_3_20260612_054242/backups/FINAL_SYSTEM_BACKUP_3_20260612_054242/backups/FINAL_SYSTEM_BACKUP_3_20260612_054242/backups/FINAL_SYSTEM_BACKUP_3_20260612_054242/backups/FINAL_SYSTEM_BACKUP_3_20260612_054242/backups/FINAL_SYSTEM_BACKUP_3_20260612_054242/backups/FINAL_SYSTEM_BACKUP_3_20260612_054242/backups/FINAL_SYSTEM_BACKUP_3_20260612_054242/backups/FINAL_SYSTEM_BACKUP_3_20260612_054242/backups/FINAL_SYSTEM_BACKUP_3_20260612_054242/backups/FINAL_SYSTEM_BACKUP_3_20260612_054242/backups/FINAL_SYSTEM_BACKUP_3_20260612_054242/backups/FINAL_SYSTEM_BACKUP_3_20260612_054242/backups/FINAL_SYSTEM_BACKUP_3_20260612_054242/backups/FINAL_SYSTEM_BACKUP_3_20260612_054242/backups/FINAL_SYSTEM_BACKUP_3_20260612_054242/backups/FINAL_SYSTEM_BACKUP_3_20260612_054242/backups/FINAL_SYSTEM_BACKUP_3_20260612_054242/backups/FINAL_SYSTEM_BACKUP_3_20260612_054242/backups/FINAL_SYSTEM_BACKUP_3_20260612_054242/backups/FINAL_SYSTEM_BACKUP_3_20260612_054242/backups/FINAL_SYSTEM_BACKUP_3_20260612_054242/backups/FINAL_SYSTEM_BACKUP_3_20260612_054242/backups/FINAL_SYSTEM_BACKUP_3_20260612_054242/backups/FINAL_SYSTEM_BACKUP_3_20260612_054242/backups/FINAL_SYSTEM_BACKUP_3_20260612_054242/backups/FINAL_SYSTEM_BACKUP_3_20260612_054242/backups/FINAL_SYSTEM_BACKUP_3_20260612_054242/backups/FINAL_SYSTEM_BACKUP_3_20260612_054242/backups/FINAL_SYSTEM_BACKUP_3_20260612_054242/backups/FINAL_SYSTEM_BACKUP_3_20260612_054242/backups/old_images_20260609_071029,old_images_20260609_071029,application/vnd.google-apps.folder,,2026-06-09T07:10:29.000Z
1JxeNYd4vWyFBgZuKZen7jgqPh11oeXGD,ROOT/backups/FINAL_SYSTEM_BACKUP_3_20260612_054242/backups/FINAL_SYSTEM_BACKUP_3_20260612_054242/backups/FINAL_SYSTEM_BACKUP_3_20260612_054242/backups/FINAL_SYSTEM_BACKUP_3_20260612_054242/backups/FINAL_SYSTEM_BACKUP_3_20260612_054242/backups/FINAL_SYSTEM_BACKUP_3_20260612_054242/backups/FINAL_SYSTEM_BACKUP_3_20260612_054242/backups/FINAL_SYSTEM_BACKUP_3_20260612_054242/backups/FINAL_SYSTEM_BACKUP_3_20260612_054242/backups/FINAL_SYSTEM_BACKUP_3_20260612_054242/backups/FINAL_SYSTEM_BACKUP_3_20260612_054242/backups/FINAL_SYSTEM_BACKUP_3_20260612_054242/backups/FINAL_SYSTEM_BACKUP_3_20260612_054242/backups/FINAL_SYSTEM_BACKUP_3_20260612_054242/backups/FINAL_SYSTEM_BACKUP_3_20260612_054242/backups/FINAL_SYSTEM_BACKUP_3_20260612_054242/backups/FINAL_SYSTEM_BACKUP_3_20260612_054242/backups/FINAL_SYSTEM_BACKUP_3_20260612_054242/backups/FINAL_SYSTEM_BACKUP_3_20260612_054242/backups/FINAL_SYSTEM_BACKUP_3_20260612_054242/backups/FINAL_SYSTEM_BACKUP_3_20260612_054242/backups/FINAL_SYSTEM_BACKUP_3_20260612_054242/backups/FINAL_SYSTEM_BACKUP_3_20260612_054242/backups/FINAL_SYSTEM_BACKUP_3_20260612_054242/backups/FINAL_SYSTEM_BACKUP_3_20260612_054242/backups/FINAL_SYSTEM_BACKUP_3_20260612_054242/backups/FINAL_SYSTEM_BACKUP_3_20260612_054242/backups/FINAL_SYSTEM_BACKUP_3_20260612_054242/backups/FINAL_SYSTEM_BACKUP_3_20260612_054242/backups/FINAL_SYSTEM_BACKUP_3_20260612_054242/backups/FINAL_SYSTEM_BACKUP_3_20260612_054242/backups/FINAL_SYSTEM_BACKUP_3_20260612_054242/backups/FINAL_SYSTEM_BACKUP_3_20260612_054242/backups/FINAL_SYSTEM_BACKUP_3_20260612_054242/backups/FINAL_SYSTEM_BACKUP_3_20260612_054242/backups/full_backup_20260608_225815,full_backup_20260608_225815,application/vnd.google-apps.folder,,2026-06-08T22:58:15.000Z
12vpMGD9tIgB1Ba2v6CiXiRq2TGCWD8eI,ROOT/backups/FINAL_SYSTEM_BACKUP_3_20260612_054242/backups/FINAL_SYSTEM_BACKUP_3_20260612_054242/backups/FINAL_SYSTEM_BACKUP_3_20260612_054242/backups/FINAL_SYSTEM_BACKUP_3_20260612_054242/backups/FINAL_SYSTEM_BACKUP_3_20260612_054242/backups/FINAL_SYSTEM_BACKUP_3_20260612_054242/backups/FINAL_SYSTEM_BACKUP_3_20260612_054242/backups/FINAL_SYSTEM_BACKUP_3_20260612_054242/backups/FINAL_SYSTEM_BACKUP_3_20260612_054242/backups/FINAL_SYSTEM_BACKUP_3_20260612_054242/backups/FINAL_SYSTEM_BACKUP_3_20260612_054242/backups/FINAL_SYSTEM_BACKUP_3_20260612_054242/backups/FINAL_SYSTEM_BACKUP_3_20260612_054242/backups/FINAL_SYSTEM_BACKUP_3_20260612_054242/backups/FINAL_SYSTEM_BACKUP_3_20260612_054242/backups/FINAL_SYSTEM_BACKUP_3_20260612_054242/backups/FINAL_SYSTEM_BACKUP_3_20260612_054242/backups/FINAL_SYSTEM_BACKUP_3_20260612_054242/backups/FINAL_SYSTEM_BACKUP_3_20260612_054242/backups/FINAL_SYSTEM_BACKUP_3_20260612_054242/backups/FINAL_SYSTEM_BACKUP_3_20260612_054242/backups/FINAL_SYSTEM_BACKUP_3_20260612_054242/backups/FINAL_SYSTEM_BACKUP_3_20260612_054242/backups/FINAL_SYSTEM_BACKUP_3_20260612_054242/backups/FINAL_SYSTEM_BACKUP_3_20260612_054242/backups/FINAL_SYSTEM_BACKUP_3_20260612_054242/backups/FINAL_SYSTEM_BACKUP_3_20260612_054242/backups/FINAL_SYSTEM_BACKUP_3_20260612_054242/backups/FINAL_SYSTEM_BACKUP_3_20260612_054242/backups/FINAL_SYSTEM_BACKUP_3_20260612_054242/backups/FINAL_SYSTEM_BACKUP_3_20260612_054242/backups/FINAL_SYSTEM_BACKUP_3_20260612_054242/backups/FINAL_SYSTEM_BACKUP_3_20260612_054242/backups/FINAL_SYSTEM_BACKUP_3_20260612_054242/backups/FINAL_SYSTEM_BACKUP_3_20260612_054242/backups/full_backup_20260608_225815/secrets,secrets,application/vnd.google-apps.folder,,2026-06-08T21:02:21.000Z
16NXo0MeNIvePEXbS0u4xT1T2eW7dq17y,ROOT/backups/FINAL_SYSTEM_BACKUP_3_20260612_054242/backups/FINAL_SYSTEM_BACKUP_3_20260612_054242/backups/FINAL_SYSTEM_BACKUP_3_20260612_054242/backups/FINAL_SYSTEM_BACKUP_3_20260612_054242/backups/FINAL_SYSTEM_BACKUP_3_20260612_054242/backups/FINAL_SYSTEM_BACKUP_3_20260612_054242/backups/FINAL_SYSTEM_BACKUP_3_20260612_054242/backups/FINAL_SYSTEM_BACKUP_3_20260612_054242/backups/FINAL_SYSTEM_BACKUP_3_20260612_054242/backups/FINAL_SYSTEM_BACKUP_3_20260612_054242/backups/FINAL_SYSTEM_BACKUP_3_20260612_054242/backups/FINAL_SYSTEM_BACKUP_3_20260612_054242/backups/FINAL_SYSTEM_BACKUP_3_20260612_054242/backups/FINAL_SYSTEM_BACKUP_3_20260612_054242/backups/FINAL_SYSTEM_BACKUP_3_20260612_054242/backups/FINAL_SYSTEM_BACKUP_3_20260612_054242/backups/FINAL_SYSTEM_BACKUP_3_20260612_054242/backups/FINAL_SYSTEM_BACKUP_3_20260612_054242/backups/FINAL_SYSTEM_BACKUP_3_20260612_054242/backups/FINAL_SYSTEM_BACKUP_3_20260612_054242/backups/FINAL_SYSTEM_BACKUP_3_20260612_054242/backups/FINAL_SYSTEM_BACKUP_3_20260612_054242/backups/FINAL_SYSTEM_BACKUP_3_20260612_054242/backups/FINAL_SYSTEM_BACKUP_3_20260612_054242/backups/FINAL_SYSTEM_BACKUP_3_20260612_054242/backups/FINAL_SYSTEM_BACKUP_3_20260612_054242/backups/FINAL_SYSTEM_BACKUP_3_20260612_054242/backups/FINAL_SYSTEM_BACKUP_3_20260612_054242/backups/FINAL_SYSTEM_BACKUP_3_20260612_054242/backups/FINAL_SYSTEM_BACKUP_3_20260612_054242/backups/FINAL_SYSTEM_BACKUP_3_20260612_054242/backups/FINAL_SYSTEM_BACKUP_3_20260612_054242/backups/FINAL_SYSTEM_BACKUP_3_20260612_054242/backups/FINAL_SYSTEM_BACKUP_3_20260612_054242/backups/FINAL_SYSTEM_BACKUP_3_20260612_054242/backups/full_backup_20260608_225815/bilder,bilder,application/vnd.google-apps.folder,,2026-06-08T05:51:42.000Z
19eRw9UTXrp0pMg3kYEHcQOnW943ZYKQV,ROOT/backups/FINAL_SYSTEM_BACKUP_3_20260612_054242/backups/FINAL_SYSTEM_BACKUP_3_20260612_054242/backups/FINAL_SYSTEM_BACKUP_3_20260612_054242/backups/FINAL_SYSTEM_BACKUP_3_20260612_054242/backups/FINAL_SYSTEM_BACKUP_3_20260612_054242/backups/FINAL_SYSTEM_BACKUP_3_20260612_054242/backups/FINAL_SYSTEM_BACKUP_3_20260612_054242/backups/FINAL_SYSTEM_BACKUP_3_20260612_054242/backups/FINAL_SYSTEM_BACKUP_3_20260612_054242/backups/FINAL_SYSTEM_BACKUP_3_20260612_054242/backups/FINAL_SYSTEM_BACKUP_3_20260612_054242/backups/FINAL_SYSTEM_BACKUP_3_20260612_054242/backups/FINAL_SYSTEM_BACKUP_3_20260612_054242/backups/FINAL_SYSTEM_BACKUP_3_20260612_054242/backups/FINAL_SYSTEM_BACKUP_3_20260612_054242/backups/FINAL_SYSTEM_BACKUP_3_20260612_054242/backups/FINAL_SYSTEM_BACKUP_3_20260612_054242/backups/FINAL_SYSTEM_BACKUP_3_20260612_054242/backups/FINAL_SYSTEM_BACKUP_3_20260612_054242/backups/FINAL_SYSTEM_BACKUP_3_20260612_054242/backups/FINAL_SYSTEM_BACKUP_3_20260612_054242/backups/FINAL_SYSTEM_BACKUP_3_20260612_054242/backups/FINAL_SYSTEM_BACKUP_3_20260612_054242/backups/FINAL_SYSTEM_BACKUP_3_20260612_054242/backups/FINAL_SYSTEM_BACKUP_3_20260612_054242/backups/FINAL_SYSTEM_BACKUP_3_20260612_054242/backups/FINAL_SYSTEM_BACKUP_3_20260612_054242/backups/FINAL_SYSTEM_BACKUP_3_20260612_054242/backups/FINAL_SYSTEM_BACKUP_3_20260612_054242/backups/FINAL_SYSTEM_BACKUP_3_20260612_054242/backups/FINAL_SYSTEM_BACKUP_3_20260612_054242/backups/FINAL_SYSTEM_BACKUP_3_20260612_054242/backups/FINAL_SYSTEM_BACKUP_3_20260612_054242/backups/FINAL_SYSTEM_BACKUP_3_20260612_054242/backups/FINAL_SYSTEM_BACKUP_3_20260612_054242/bilder,bilder,application/vnd.google-apps.folder,,2026-06-12T05:42:43.000Z
1lqHWnR2LFqHN4fH3t5dDW9ClaWOjbrUC,ROOT/backups/FINAL_SYSTEM_BACKUP_3_20260612_054242/backups/FINAL_SYSTEM_BACKUP_3_20260612_054242/backups/FINAL_SYSTEM_BACKUP_3_20260612_054242/backups/FINAL_SYSTEM_BACKUP_3_20260612_054242/backups/FINAL_SYSTEM_BACKUP_3_20260612_054242/backups/FINAL_SYSTEM_BACKUP_3_20260612_054242/backups/FINAL_SYSTEM_BACKUP_3_20260612_054242/backups/FINAL_SYSTEM_BACKUP_3_20260612_054242/backups/FINAL_SYSTEM_BACKUP_3_20260612_054242/backups/FINAL_SYSTEM_BACKUP_3_20260612_054242/backups/FINAL_SYSTEM_BACKUP_3_20260612_054242/backups/FINAL_SYSTEM_BACKUP_3_20260612_054242/backups/FINAL_SYSTEM_BACKUP_3_20260612_054242/backups/FINAL_SYSTEM_BACKUP_3_20260612_054242/backups/FINAL_SYSTEM_BACKUP_3_20260612_054242/backups/FINAL_SYSTEM_BACKUP_3_20260612_054242/backups/FINAL_SYSTEM_BACKUP_3_20260612_054242/backups/FINAL_SYSTEM_BACKUP_3_20260612_054242/backups/FINAL_SYSTEM_BACKUP_3_20260612_054242/backups/FINAL_SYSTEM_BACKUP_3_20260612_054242/backups/FINAL_SYSTEM_BACKUP_3_20260612_054242/backups/FINAL_SYSTEM_BACKUP_3_20260612_054242/backups/FINAL_SYSTEM_BACKUP_3_20260612_054242/backups/FINAL_SYSTEM_BACKUP_3_20260612_054242/backups/FINAL_SYSTEM_BACKUP_3_20260612_054242/backups/FINAL_SYSTEM_BACKUP_3_20260612_054242/backups/FINAL_SYSTEM_BACKUP_3_20260612_054242/backups/FINAL_SYSTEM_BACKUP_3_20260612_054242/backups/FINAL_SYSTEM_BACKUP_3_20260612_054242/backups/FINAL_SYSTEM_BACKUP_3_20260612_054242/backups/FINAL_SYSTEM_BACKUP_3_20260612_054242/backups/FINAL_SYSTEM_BACKUP_3_20260612_054242/backups/FINAL_SYSTEM_BACKUP_3_20260612_054242/backups/FINAL_SYSTEM_BACKUP_3_20260612_054242/backups/FINAL_SYSTEM_BACKUP_3_20260612_054242/bilder/produkte,produkte,application/vnd.google-apps.folder,,2026-06-09T07:10:29.000Z
1BR0acz57e_u9kcYdxPzkC_1lEktRKO__,ROOT/backups/FINAL_SYSTEM_BACKUP_3_20260612_054242/backups/FINAL_SYSTEM_BACKUP_3_20260612_054242/backups/FINAL_SYSTEM_BACKUP_3_20260612_054242/backups/FINAL_SYSTEM_BACKUP_3_20260612_054242/backups/FINAL_SYSTEM_BACKUP_3_20260612_054242/backups/FINAL_SYSTEM_BACKUP_3_20260612_054242/backups/FINAL_SYSTEM_BACKUP_3_20260612_054242/backups/FINAL_SYSTEM_BACKUP_3_20260612_054242/backups/FINAL_SYSTEM_BACKUP_3_20260612_054242/backups/FINAL_SYSTEM_BACKUP_3_20260612_054242/backups/FINAL_SYSTEM_BACKUP_3_20260612_054242/backups/FINAL_SYSTEM_BACKUP_3_20260612_054242/backups/FINAL_SYSTEM_BACKUP_3_20260612_054242/backups/FINAL_SYSTEM_BACKUP_3_20260612_054242/backups/FINAL_SYSTEM_BACKUP_3_20260612_054242/backups/FINAL_SYSTEM_BACKUP_3_20260612_054242/backups/FINAL_SYSTEM_BACKUP_3_20260612_054242/backups/FINAL_SYSTEM_BACKUP_3_20260612_054242/backups/FINAL_SYSTEM_BACKUP_3_20260612_054242/backups/FINAL_SYSTEM_BACKUP_3_20260612_054242/backups/FINAL_SYSTEM_BACKUP_3_20260612_054242/backups/FINAL_SYSTEM_BACKUP_3_20260612_054242/backups/FINAL_SYSTEM_BACKUP_3_20260612_054242/backups/FINAL_SYSTEM_BACKUP_3_20260612_054242/backups/FINAL_SYSTEM_BACKUP_3_20260612_054242/backups/FINAL_SYSTEM_BACKUP_3_20260612_054242/backups/FINAL_SYSTEM_BACKUP_3_20260612_054242/backups/FINAL_SYSTEM_BACKUP_3_20260612_054242/backups/FINAL_SYSTEM_BACKUP_3_20260612_054242/backups/FINAL_SYSTEM_BACKUP_3_20260612_054242/backups/FINAL_SYSTEM_BACKUP_3_20260612_054242/backups/FINAL_SYSTEM_BACKUP_3_20260612_054242/backups/FINAL_SYSTEM_BACKUP_3_20260612_054242/backups/FINAL_SYSTEM_BACKUP_3_20260612_054242/backups/old_images_20260609_071029,old_images_20260609_071029,application/vnd.google-apps.folder,,2026-06-09T07:10:29.000Z
18LN5o7AW5fdFKsN8yYzVofxixzao_OOl,ROOT/backups/FINAL_SYSTEM_BACKUP_3_20260612_054242/backups/FINAL_SYSTEM_BACKUP_3_20260612_054242/backups/FINAL_SYSTEM_BACKUP_3_20260612_054242/backups/FINAL_SYSTEM_BACKUP_3_20260612_054242/backups/FINAL_SYSTEM_BACKUP_3_20260612_054242/backups/FINAL_SYSTEM_BACKUP_3_20260612_054242/backups/FINAL_SYSTEM_BACKUP_3_20260612_054242/backups/FINAL_SYSTEM_BACKUP_3_20260612_054242/backups/FINAL_SYSTEM_BACKUP_3_20260612_054242/backups/FINAL_SYSTEM_BACKUP_3_20260612_054242/backups/FINAL_SYSTEM_BACKUP_3_20260612_054242/backups/FINAL_SYSTEM_BACKUP_3_20260612_054242/backups/FINAL_SYSTEM_BACKUP_3_20260612_054242/backups/FINAL_SYSTEM_BACKUP_3_20260612_054242/backups/FINAL_SYSTEM_BACKUP_3_20260612_054242/backups/FINAL_SYSTEM_BACKUP_3_20260612_054242/backups/FINAL_SYSTEM_BACKUP_3_20260612_054242/backups/FINAL_SYSTEM_BACKUP_3_20260612_054242/backups/FINAL_SYSTEM_BACKUP_3_20260612_054242/backups/FINAL_SYSTEM_BACKUP_3_20260612_054242/backups/FINAL_SYSTEM_BACKUP_3_20260612_054242/backups/FINAL_SYSTEM_BACKUP_3_20260612_054242/backups/FINAL_SYSTEM_BACKUP_3_20260612_054242/backups/FINAL_SYSTEM_BACKUP_3_20260612_054242/backups/FINAL_SYSTEM_BACKUP_3_20260612_054242/backups/FINAL_SYSTEM_BACKUP_3_20260612_054242/backups/FINAL_SYSTEM_BACKUP_3_20260612_054242/backups/FINAL_SYSTEM_BACKUP_3_20260612_054242/backups/FINAL_SYSTEM_BACKUP_3_20260612_054242/backups/FINAL_SYSTEM_BACKUP_3_20260612_054242/backups/FINAL_SYSTEM_BACKUP_3_20260612_054242/backups/FINAL_SYSTEM_BACKUP_3_20260612_054242/backups/FINAL_SYSTEM_BACKUP_3_20260612_054242/backups/FINAL_SYSTEM_BACKUP_3_20260612_054242/backups/full_backup_20260608_225815,full_backup_20260608_225815,application/vnd.google-apps.folder,,2026-06-08T22:58:15.000Z
13_H3R4Qlr_igJmUfZh3CX14mTWZhMWa4,ROOT/backups/FINAL_SYSTEM_BACKUP_3_20260612_054242/backups/FINAL_SYSTEM_BACKUP_3_20260612_054242/backups/FINAL_SYSTEM_BACKUP_3_20260612_054242/backups/FINAL_SYSTEM_BACKUP_3_20260612_054242/backups/FINAL_SYSTEM_BACKUP_3_20260612_054242/backups/FINAL_SYSTEM_BACKUP_3_20260612_054242/backups/FINAL_SYSTEM_BACKUP_3_20260612_054242/backups/FINAL_SYSTEM_BACKUP_3_20260612_054242/backups/FINAL_SYSTEM_BACKUP_3_20260612_054242/backups/FINAL_SYSTEM_BACKUP_3_20260612_054242/backups/FINAL_SYSTEM_BACKUP_3_20260612_054242/backups/FINAL_SYSTEM_BACKUP_3_20260612_054242/backups/FINAL_SYSTEM_BACKUP_3_20260612_054242/backups/FINAL_SYSTEM_BACKUP_3_20260612_054242/backups/FINAL_SYSTEM_BACKUP_3_20260612_054242/backups/FINAL_SYSTEM_BACKUP_3_20260612_054242/backups/FINAL_SYSTEM_BACKUP_3_20260612_054242/backups/FINAL_SYSTEM_BACKUP_3_20260612_054242/backups/FINAL_SYSTEM_BACKUP_3_20260612_054242/backups/FINAL_SYSTEM_BACKUP_3_20260612_054242/backups/FINAL_SYSTEM_BACKUP_3_20260612_054242/backups/FINAL_SYSTEM_BACKUP_3_20260612_054242/backups/FINAL_SYSTEM_BACKUP_3_20260612_054242/backups/FINAL_SYSTEM_BACKUP_3_20260612_054242/backups/FINAL_SYSTEM_BACKUP_3_20260612_054242/backups/FINAL_SYSTEM_BACKUP_3_20260612_054242/backups/FINAL_SYSTEM_BACKUP_3_20260612_054242/backups/FINAL_SYSTEM_BACKUP_3_20260612_054242/backups/FINAL_SYSTEM_BACKUP_3_20260612_054242/backups/FINAL_SYSTEM_BACKUP_3_20260612_054242/backups/FINAL_SYSTEM_BACKUP_3_20260612_054242/backups/FINAL_SYSTEM_BACKUP_3_20260612_054242/backups/FINAL_SYSTEM_BACKUP_3_20260612_054242/backups/FINAL_SYSTEM_BACKUP_3_20260612_054242/backups/full_backup_20260608_225815/secrets,secrets,application/vnd.google-apps.folder,,2026-06-08T21:02:21.000Z
1uLMtQLyBQksthrix4P9M2Rulb7oLcnpr,ROOT/backups/FINAL_SYSTEM_BACKUP_3_20260612_054242/backups/FINAL_SYSTEM_BACKUP_3_20260612_054242/backups/FINAL_SYSTEM_BACKUP_3_20260612_054242/backups/FINAL_SYSTEM_BACKUP_3_20260612_054242/backups/FINAL_SYSTEM_BACKUP_3_20260612_054242/backups/FINAL_SYSTEM_BACKUP_3_20260612_054242/backups/FINAL_SYSTEM_BACKUP_3_20260612_054242/backups/FINAL_SYSTEM_BACKUP_3_20260612_054242/backups/FINAL_SYSTEM_BACKUP_3_20260612_054242/backups/FINAL_SYSTEM_BACKUP_3_20260612_054242/backups/FINAL_SYSTEM_BACKUP_3_20260612_054242/backups/FINAL_SYSTEM_BACKUP_3_20260612_054242/backups/FINAL_SYSTEM_BACKUP_3_20260612_054242/backups/FINAL_SYSTEM_BACKUP_3_20260612_054242/backups/FINAL_SYSTEM_BACKUP_3_20260612_054242/backups/FINAL_SYSTEM_BACKUP_3_20260612_054242/backups/FINAL_SYSTEM_BACKUP_3_20260612_054242/backups/FINAL_SYSTEM_BACKUP_3_20260612_054242/backups/FINAL_SYSTEM_BACKUP_3_20260612_054242/backups/FINAL_SYSTEM_BACKUP_3_20260612_054242/backups/FINAL_SYSTEM_BACKUP_3_20260612_054242/backups/FINAL_SYSTEM_BACKUP_3_20260612_054242/backups/FINAL_SYSTEM_BACKUP_3_20260612_054242/backups/FINAL_SYSTEM_BACKUP_3_20260612_054242/backups/FINAL_SYSTEM_BACKUP_3_20260612_054242/backups/FINAL_SYSTEM_BACKUP_3_20260612_054242/backups/FINAL_SYSTEM_BACKUP_3_20260612_054242/backups/FINAL_SYSTEM_BACKUP_3_20260612_054242/backups/FINAL_SYSTEM_BACKUP_3_20260612_054242/backups/FINAL_SYSTEM_BACKUP_3_20260612_054242/backups/FINAL_SYSTEM_BACKUP_3_20260612_054242/backups/FINAL_SYSTEM_BACKUP_3_20260612_054242/backups/FINAL_SYSTEM_BACKUP_3_20260612_054242/backups/FINAL_SYSTEM_BACKUP_3_20260612_054242/backups/full_backup_20260608_225815/bilder,bilder,application/vnd.google-apps.folder,,2026-06-08T05:51:42.000Z
1nrdMllug2T7TN4Ql9fedRzl3uFTNa1ub,ROOT/backups/FINAL_SYSTEM_BACKUP_3_20260612_054242/backups/FINAL_SYSTEM_BACKUP_3_20260612_054242/backups/FINAL_SYSTEM_BACKUP_3_20260612_054242/backups/FINAL_SYSTEM_BACKUP_3_20260612_054242/backups/FINAL_SYSTEM_BACKUP_3_20260612_054242/backups/FINAL_SYSTEM_BACKUP_3_20260612_054242/backups/FINAL_SYSTEM_BACKUP_3_20260612_054242/backups/FINAL_SYSTEM_BACKUP_3_20260612_054242/backups/FINAL_SYSTEM_BACKUP_3_20260612_054242/backups/FINAL_SYSTEM_BACKUP_3_20260612_054242/backups/FINAL_SYSTEM_BACKUP_3_20260612_054242/backups/FINAL_SYSTEM_BACKUP_3_20260612_054242/backups/FINAL_SYSTEM_BACKUP_3_20260612_054242/backups/FINAL_SYSTEM_BACKUP_3_20260612_054242/backups/FINAL_SYSTEM_BACKUP_3_20260612_054242/backups/FINAL_SYSTEM_BACKUP_3_20260612_054242/backups/FINAL_SYSTEM_BACKUP_3_20260612_054242/backups/FINAL_SYSTEM_BACKUP_3_20260612_054242/backups/FINAL_SYSTEM_BACKUP_3_20260612_054242/backups/FINAL_SYSTEM_BACKUP_3_20260612_054242/backups/FINAL_SYSTEM_BACKUP_3_20260612_054242/backups/FINAL_SYSTEM_BACKUP_3_20260612_054242/backups/FINAL_SYSTEM_BACKUP_3_20260612_054242/backups/FINAL_SYSTEM_BACKUP_3_20260612_054242/backups/FINAL_SYSTEM_BACKUP_3_20260612_054242/backups/FINAL_SYSTEM_BACKUP_3_20260612_054242/backups/FINAL_SYSTEM_BACKUP_3_20260612_054242/backups/FINAL_SYSTEM_BACKUP_3_20260612_054242/backups/FINAL_SYSTEM_BACKUP_3_20260612_054242/backups/FINAL_SYSTEM_BACKUP_3_20260612_054242/backups/FINAL_SYSTEM_BACKUP_3_20260612_054242/backups/FINAL_SYSTEM_BACKUP_3_20260612_054242/backups/FINAL_SYSTEM_BACKUP_3_20260612_054242/backups/FINAL_SYSTEM_BACKUP_3_20260612_054242/bilder,bilder,application/vnd.google-apps.folder,,2026-06-12T05:42:43.000Z
1XjLT_rwxOUWVWsyedSAmkIrtbsMwuHYF,ROOT/backups/FINAL_SYSTEM_BACKUP_3_20260612_054242/backups/FINAL_SYSTEM_BACKUP_3_20260612_054242/backups/FINAL_SYSTEM_BACKUP_3_20260612_054242/backups/FINAL_SYSTEM_BACKUP_3_20260612_054242/backups/FINAL_SYSTEM_BACKUP_3_20260612_054242/backups/FINAL_SYSTEM_BACKUP_3_20260612_054242/backups/FINAL_SYSTEM_BACKUP_3_20260612_054242/backups/FINAL_SYSTEM_BACKUP_3_20260612_054242/backups/FINAL_SYSTEM_BACKUP_3_20260612_054242/backups/FINAL_SYSTEM_BACKUP_3_20260612_054242/backups/FINAL_SYSTEM_BACKUP_3_20260612_054242/backups/FINAL_SYSTEM_BACKUP_3_20260612_054242/backups/FINAL_SYSTEM_BACKUP_3_20260612_054242/backups/FINAL_SYSTEM_BACKUP_3_20260612_054242/backups/FINAL_SYSTEM_BACKUP_3_20260612_054242/backups/FINAL_SYSTEM_BACKUP_3_20260612_054242/backups/FINAL_SYSTEM_BACKUP_3_20260612_054242/backups/FINAL_SYSTEM_BACKUP_3_20260612_054242/backups/FINAL_SYSTEM_BACKUP_3_20260612_054242/backups/FINAL_SYSTEM_BACKUP_3_20260612_054242/backups/FINAL_SYSTEM_BACKUP_3_20260612_054242/backups/FINAL_SYSTEM_BACKUP_3_20260612_054242/backups/FINAL_SYSTEM_BACKUP_3_20260612_054242/backups/FINAL_SYSTEM_BACKUP_3_20260612_054242/backups/FINAL_SYSTEM_BACKUP_3_20260612_054242/backups/FINAL_SYSTEM_BACKUP_3_20260612_054242/backups/FINAL_SYSTEM_BACKUP_3_20260612_054242/backups/FINAL_SYSTEM_BACKUP_3_20260612_054242/backups/FINAL_SYSTEM_BACKUP_3_20260612_054242/backups/FINAL_SYSTEM_BACKUP_3_20260612_054242/backups/FINAL_SYSTEM_BACKUP_3_20260612_054242/backups/FINAL_SYSTEM_BACKUP_3_20260612_054242/backups/FINAL_SYSTEM_BACKUP_3_20260612_054242/backups/FINAL_SYSTEM_BACKUP_3_20260612_054242/bilder/produkte,produkte,application/vnd.google-apps.folder,,2026-06-09T07:10:29.000Z
1UI1KAl_oU0VEOPsRL1Imxe_byLDUsrsA,ROOT/backups/FINAL_SYSTEM_BACKUP_3_20260612_054242/backups/FINAL_SYSTEM_BACKUP_3_20260612_054242/backups/FINAL_SYSTEM_BACKUP_3_20260612_054242/backups/FINAL_SYSTEM_BACKUP_3_20260612_054242/backups/FINAL_SYSTEM_BACKUP_3_20260612_054242/backups/FINAL_SYSTEM_BACKUP_3_20260612_054242/backups/FINAL_SYSTEM_BACKUP_3_20260612_054242/backups/FINAL_SYSTEM_BACKUP_3_20260612_054242/backups/FINAL_SYSTEM_BACKUP_3_20260612_054242/backups/FINAL_SYSTEM_BACKUP_3_20260612_054242/backups/FINAL_SYSTEM_BACKUP_3_20260612_054242/backups/FINAL_SYSTEM_BACKUP_3_20260612_054242/backups/FINAL_SYSTEM_BACKUP_3_20260612_054242/backups/FINAL_SYSTEM_BACKUP_3_20260612_054242/backups/FINAL_SYSTEM_BACKUP_3_20260612_054242/backups/FINAL_SYSTEM_BACKUP_3_20260612_054242/backups/FINAL_SYSTEM_BACKUP_3_20260612_054242/backups/FINAL_SYSTEM_BACKUP_3_20260612_054242/backups/FINAL_SYSTEM_BACKUP_3_20260612_054242/backups/FINAL_SYSTEM_BACKUP_3_20260612_054242/backups/FINAL_SYSTEM_BACKUP_3_20260612_054242/backups/FINAL_SYSTEM_BACKUP_3_20260612_054242/backups/FINAL_SYSTEM_BACKUP_3_20260612_054242/backups/FINAL_SYSTEM_BACKUP_3_20260612_054242/backups/FINAL_SYSTEM_BACKUP_3_20260612_054242/backups/FINAL_SYSTEM_BACKUP_3_20260612_054242/backups/FINAL_SYSTEM_BACKUP_3_20260612_054242/backups/FINAL_SYSTEM_BACKUP_3_20260612_054242/backups/FINAL_SYSTEM_BACKUP_3_20260612_054242/backups/FINAL_SYSTEM_BACKUP_3_20260612_054242/backups/FINAL_SYSTEM_BACKUP_3_20260612_054242/backups/FINAL_SYSTEM_BACKUP_3_20260612_054242/backups/FINAL_SYSTEM_BACKUP_3_20260612_054242/backups/old_images_20260609_071029,old_images_20260609_071029,application/vnd.google-apps.folder,,2026-06-09T07:10:29.000Z
1hLXFfczyv2LQ60HlG7JOJ6Fg96zpNKMu,ROOT/backups/FINAL_SYSTEM_BACKUP_3_20260612_054242/backups/FINAL_SYSTEM_BACKUP_3_20260612_054242/backups/FINAL_SYSTEM_BACKUP_3_20260612_054242/backups/FINAL_SYSTEM_BACKUP_3_20260612_054242/backups/FINAL_SYSTEM_BACKUP_3_20260612_054242/backups/FINAL_SYSTEM_BACKUP_3_20260612_054242/backups/FINAL_SYSTEM_BACKUP_3_20260612_054242/backups/FINAL_SYSTEM_BACKUP_3_20260612_054242/backups/FINAL_SYSTEM_BACKUP_3_20260612_054242/backups/FINAL_SYSTEM_BACKUP_3_20260612_054242/backups/FINAL_SYSTEM_BACKUP_3_20260612_054242/backups/FINAL_SYSTEM_BACKUP_3_20260612_054242/backups/FINAL_SYSTEM_BACKUP_3_20260612_054242/backups/FINAL_SYSTEM_BACKUP_3_20260612_054242/backups/FINAL_SYSTEM_BACKUP_3_20260612_054242/backups/FINAL_SYSTEM_BACKUP_3_20260612_054242/backups/FINAL_SYSTEM_BACKUP_3_20260612_054242/backups/FINAL_SYSTEM_BACKUP_3_20260612_054242/backups/FINAL_SYSTEM_BACKUP_3_20260612_054242/backups/FINAL_SYSTEM_BACKUP_3_20260612_054242/backups/FINAL_SYSTEM_BACKUP_3_20260612_054242/backups/FINAL_SYSTEM_BACKUP_3_20260612_054242/backups/FINAL_SYSTEM_BACKUP_3_20260612_054242/backups/FINAL_SYSTEM_BACKUP_3_20260612_054242/backups/FINAL_SYSTEM_BACKUP_3_20260612_054242/backups/FINAL_SYSTEM_BACKUP_3_20260612_054242/backups/FINAL_SYSTEM_BACKUP_3_20260612_054242/backups/FINAL_SYSTEM_BACKUP_3_20260612_054242/backups/FINAL_SYSTEM_BACKUP_3_20260612_054242/backups/FINAL_SYSTEM_BACKUP_3_20260612_054242/backups/FINAL_SYSTEM_BACKUP_3_20260612_054242/backups/FINAL_SYSTEM_BACKUP_3_20260612_054242/backups/FINAL_SYSTEM_BACKUP_3_20260612_054242/backups/full_backup_20260608_225815,full_backup_20260608_225815,application/vnd.google-apps.folder,,2026-06-08T22:58:15.000Z
152kgf_GTVaBsE6m-_mJngOxnRdbwbLkp,ROOT/backups/FINAL_SYSTEM_BACKUP_3_20260612_054242/backups/FINAL_SYSTEM_BACKUP_3_20260612_054242/backups/FINAL_SYSTEM_BACKUP_3_20260612_054242/backups/FINAL_SYSTEM_BACKUP_3_20260612_054242/backups/FINAL_SYSTEM_BACKUP_3_20260612_054242/backups/FINAL_SYSTEM_BACKUP_3_20260612_054242/backups/FINAL_SYSTEM_BACKUP_3_20260612_054242/backups/FINAL_SYSTEM_BACKUP_3_20260612_054242/backups/FINAL_SYSTEM_BACKUP_3_20260612_054242/backups/FINAL_SYSTEM_BACKUP_3_20260612_054242/backups/FINAL_SYSTEM_BACKUP_3_20260612_054242/backups/FINAL_SYSTEM_BACKUP_3_20260612_054242/backups/FINAL_SYSTEM_BACKUP_3_20260612_054242/backups/FINAL_SYSTEM_BACKUP_3_20260612_054242/backups/FINAL_SYSTEM_BACKUP_3_20260612_054242/backups/FINAL_SYSTEM_BACKUP_3_20260612_054242/backups/FINAL_SYSTEM_BACKUP_3_20260612_054242/backups/FINAL_SYSTEM_BACKUP_3_20260612_054242/backups/FINAL_SYSTEM_BACKUP_3_20260612_054242/backups/FINAL_SYSTEM_BACKUP_3_20260612_054242/backups/FINAL_SYSTEM_BACKUP_3_20260612_054242/backups/FINAL_SYSTEM_BACKUP_3_20260612_054242/backups/FINAL_SYSTEM_BACKUP_3_20260612_054242/backups/FINAL_SYSTEM_BACKUP_3_20260612_054242/backups/FINAL_SYSTEM_BACKUP_3_20260612_054242/backups/FINAL_SYSTEM_BACKUP_3_20260612_054242/backups/FINAL_SYSTEM_BACKUP_3_20260612_054242/backups/FINAL_SYSTEM_BACKUP_3_20260612_054242/backups/FINAL_SYSTEM_BACKUP_3_20260612_054242/backups/FINAL_SYSTEM_BACKUP_3_20260612_054242/backups/FINAL_SYSTEM_BACKUP_3_20260612_054242/backups/FINAL_SYSTEM_BACKUP_3_20260612_054242/backups/FINAL_SYSTEM_BACKUP_3_20260612_054242/backups/full_backup_20260608_225815/secrets,secrets,application/vnd.google-apps.folder,,2026-06-08T21:02:21.000Z
1zulru7Q4C4oJyUxX2NYPTLpZ3YewMRgP,ROOT/backups/FINAL_SYSTEM_BACKUP_3_20260612_054242/backups/FINAL_SYSTEM_BACKUP_3_20260612_054242/backups/FINAL_SYSTEM_BACKUP_3_20260612_054242/backups/FINAL_SYSTEM_BACKUP_3_20260612_054242/backups/FINAL_SYSTEM_BACKUP_3_20260612_054242/backups/FINAL_SYSTEM_BACKUP_3_20260612_054242/backups/FINAL_SYSTEM_BACKUP_3_20260612_054242/backups/FINAL_SYSTEM_BACKUP_3_20260612_054242/backups/FINAL_SYSTEM_BACKUP_3_20260612_054242/backups/FINAL_SYSTEM_BACKUP_3_20260612_054242/backups/FINAL_SYSTEM_BACKUP_3_20260612_054242/backups/FINAL_SYSTEM_BACKUP_3_20260612_054242/backups/FINAL_SYSTEM_BACKUP_3_20260612_054242/backups/FINAL_SYSTEM_BACKUP_3_20260612_054242/backups/FINAL_SYSTEM_BACKUP_3_20260612_054242/backups/FINAL_SYSTEM_BACKUP_3_20260612_054242/backups/FINAL_SYSTEM_BACKUP_3_20260612_054242/backups/FINAL_SYSTEM_BACKUP_3_20260612_054242/backups/FINAL_SYSTEM_BACKUP_3_20260612_054242/backups/FINAL_SYSTEM_BACKUP_3_20260612_054242/backups/FINAL_SYSTEM_BACKUP_3_20260612_054242/backups/FINAL_SYSTEM_BACKUP_3_20260612_054242/backups/FINAL_SYSTEM_BACKUP_3_20260612_054242/backups/FINAL_SYSTEM_BACKUP_3_20260612_054242/backups/FINAL_SYSTEM_BACKUP_3_20260612_054242/backups/FINAL_SYSTEM_BACKUP_3_20260612_054242/backups/FINAL_SYSTEM_BACKUP_3_20260612_054242/backups/FINAL_SYSTEM_BACKUP_3_20260612_054242/backups/FINAL_SYSTEM_BACKUP_3_20260612_054242/backups/FINAL_SYSTEM_BACKUP_3_20260612_054242/backups/FINAL_SYSTEM_BACKUP_3_20260612_054242/backups/FINAL_SYSTEM_BACKUP_3_20260612_054242/backups/FINAL_SYSTEM_BACKUP_3_20260612_054242/backups/full_backup_20260608_225815/bilder,bilder,application/vnd.google-apps.folder,,2026-06-08T05:51:42.000Z
1v3VWVJYZyySLhcOFvaseyw9F0kQtyZLe,ROOT/backups/FINAL_SYSTEM_BACKUP_3_20260612_054242/backups/FINAL_SYSTEM_BACKUP_3_20260612_054242/backups/FINAL_SYSTEM_BACKUP_3_20260612_054242/backups/FINAL_SYSTEM_BACKUP_3_20260612_054242/backups/FINAL_SYSTEM_BACKUP_3_20260612_054242/backups/FINAL_SYSTEM_BACKUP_3_20260612_054242/backups/FINAL_SYSTEM_BACKUP_3_20260612_054242/backups/FINAL_SYSTEM_BACKUP_3_20260612_054242/backups/FINAL_SYSTEM_BACKUP_3_20260612_054242/backups/FINAL_SYSTEM_BACKUP_3_20260612_054242/backups/FINAL_SYSTEM_BACKUP_3_20260612_054242/backups/FINAL_SYSTEM_BACKUP_3_20260612_054242/backups/FINAL_SYSTEM_BACKUP_3_20260612_054242/backups/FINAL_SYSTEM_BACKUP_3_20260612_054242/backups/FINAL_SYSTEM_BACKUP_3_20260612_054242/backups/FINAL_SYSTEM_BACKUP_3_20260612_054242/backups/FINAL_SYSTEM_BACKUP_3_20260612_054242/backups/FINAL_SYSTEM_BACKUP_3_20260612_054242/backups/FINAL_SYSTEM_BACKUP_3_20260612_054242/backups/FINAL_SYSTEM_BACKUP_3_20260612_054242/backups/FINAL_SYSTEM_BACKUP_3_20260612_054242/backups/FINAL_SYSTEM_BACKUP_3_20260612_054242/backups/FINAL_SYSTEM_BACKUP_3_20260612_054242/backups/FINAL_SYSTEM_BACKUP_3_20260612_054242/backups/FINAL_SYSTEM_BACKUP_3_20260612_054242/backups/FINAL_SYSTEM_BACKUP_3_20260612_054242/backups/FINAL_SYSTEM_BACKUP_3_20260612_054242/backups/FINAL_SYSTEM_BACKUP_3_20260612_054242/backups/FINAL_SYSTEM_BACKUP_3_20260612_054242/backups/FINAL_SYSTEM_BACKUP_3_20260612_054242/backups/FINAL_SYSTEM_BACKUP_3_20260612_054242/backups/FINAL_SYSTEM_BACKUP_3_20260612_054242/backups/FINAL_SYSTEM_BACKUP_3_20260612_054242/bilder,bilder,application/vnd.google-apps.folder,,2026-06-12T05:42:43.000Z
1qn9HDtq2UcYhsv7QgGjDvwUsNdwWxYfD,ROOT/backups/FINAL_SYSTEM_BACKUP_3_20260612_054242/backups/FINAL_SYSTEM_BACKUP_3_20260612_054242/backups/FINAL_SYSTEM_BACKUP_3_20260612_054242/backups/FINAL_SYSTEM_BACKUP_3_20260612_054242/backups/FINAL_SYSTEM_BACKUP_3_20260612_054242/backups/FINAL_SYSTEM_BACKUP_3_20260612_054242/backups/FINAL_SYSTEM_BACKUP_3_20260612_054242/backups/FINAL_SYSTEM_BACKUP_3_20260612_054242/backups/FINAL_SYSTEM_BACKUP_3_20260612_054242/backups/FINAL_SYSTEM_BACKUP_3_20260612_054242/backups/FINAL_SYSTEM_BACKUP_3_20260612_054242/backups/FINAL_SYSTEM_BACKUP_3_20260612_054242/backups/FINAL_SYSTEM_BACKUP_3_20260612_054242/backups/FINAL_SYSTEM_BACKUP_3_20260612_054242/backups/FINAL_SYSTEM_BACKUP_3_20260612_054242/backups/FINAL_SYSTEM_BACKUP_3_20260612_054242/backups/FINAL_SYSTEM_BACKUP_3_20260612_054242/backups/FINAL_SYSTEM_BACKUP_3_20260612_054242/backups/FINAL_SYSTEM_BACKUP_3_20260612_054242/backups/FINAL_SYSTEM_BACKUP_3_20260612_054242/backups/FINAL_SYSTEM_BACKUP_3_20260612_054242/backups/FINAL_SYSTEM_BACKUP_3_20260612_054242/backups/FINAL_SYSTEM_BACKUP_3_20260612_054242/backups/FINAL_SYSTEM_BACKUP_3_20260612_054242/backups/FINAL_SYSTEM_BACKUP_3_20260612_054242/backups/FINAL_SYSTEM_BACKUP_3_20260612_054242/backups/FINAL_SYSTEM_BACKUP_3_20260612_054242/backups/FINAL_SYSTEM_BACKUP_3_20260612_054242/backups/FINAL_SYSTEM_BACKUP_3_20260612_054242/backups/FINAL_SYSTEM_BACKUP_3_20260612_054242/backups/FINAL_SYSTEM_BACKUP_3_20260612_054242/backups/FINAL_SYSTEM_BACKUP_3_20260612_054242/backups/FINAL_SYSTEM_BACKUP_3_20260612_054242/bilder/produkte,produkte,application/vnd.google-apps.folder,,2026-06-09T07:10:29.000Z
1FS-hThZb4Mwlh7Qj3yAf-K_f_spfsxbR,ROOT/backups/FINAL_SYSTEM_BACKUP_3_20260612_054242/backups/FINAL_SYSTEM_BACKUP_3_20260612_054242/backups/FINAL_SYSTEM_BACKUP_3_20260612_054242/backups/FINAL_SYSTEM_BACKUP_3_20260612_054242/backups/FINAL_SYSTEM_BACKUP_3_20260612_054242/backups/FINAL_SYSTEM_BACKUP_3_20260612_054242/backups/FINAL_SYSTEM_BACKUP_3_20260612_054242/backups/FINAL_SYSTEM_BACKUP_3_20260612_054242/backups/FINAL_SYSTEM_BACKUP_3_20260612_054242/backups/FINAL_SYSTEM_BACKUP_3_20260612_054242/backups/FINAL_SYSTEM_BACKUP_3_20260612_054242/backups/FINAL_SYSTEM_BACKUP_3_20260612_054242/backups/FINAL_SYSTEM_BACKUP_3_20260612_054242/backups/FINAL_SYSTEM_BACKUP_3_20260612_054242/backups/FINAL_SYSTEM_BACKUP_3_20260612_054242/backups/FINAL_SYSTEM_BACKUP_3_20260612_054242/backups/FINAL_SYSTEM_BACKUP_3_20260612_054242/backups/FINAL_SYSTEM_BACKUP_3_20260612_054242/backups/FINAL_SYSTEM_BACKUP_3_20260612_054242/backups/FINAL_SYSTEM_BACKUP_3_20260612_054242/backups/FINAL_SYSTEM_BACKUP_3_20260612_054242/backups/FINAL_SYSTEM_BACKUP_3_20260612_054242/backups/FINAL_SYSTEM_BACKUP_3_20260612_054242/backups/FINAL_SYSTEM_BACKUP_3_20260612_054242/backups/FINAL_SYSTEM_BACKUP_3_20260612_054242/backups/FINAL_SYSTEM_BACKUP_3_20260612_054242/backups/FINAL_SYSTEM_BACKUP_3_20260612_054242/backups/FINAL_SYSTEM_BACKUP_3_20260612_054242/backups/FINAL_SYSTEM_BACKUP_3_20260612_054242/backups/FINAL_SYSTEM_BACKUP_3_20260612_054242/backups/FINAL_SYSTEM_BACKUP_3_20260612_054242/backups/FINAL_SYSTEM_BACKUP_3_20260612_054242/backups/old_images_20260609_071029,old_images_20260609_071029,application/vnd.google-apps.folder,,2026-06-09T07:10:29.000Z
1eQblMpNPUT16fnTCN4AqnC0NGVGfLWsH,ROOT/backups/FINAL_SYSTEM_BACKUP_3_20260612_054242/backups/FINAL_SYSTEM_BACKUP_3_20260612_054242/backups/FINAL_SYSTEM_BACKUP_3_20260612_054242/backups/FINAL_SYSTEM_BACKUP_3_20260612_054242/backups/FINAL_SYSTEM_BACKUP_3_20260612_054242/backups/FINAL_SYSTEM_BACKUP_3_20260612_054242/backups/FINAL_SYSTEM_BACKUP_3_20260612_054242/backups/FINAL_SYSTEM_BACKUP_3_20260612_054242/backups/FINAL_SYSTEM_BACKUP_3_20260612_054242/backups/FINAL_SYSTEM_BACKUP_3_20260612_054242/backups/FINAL_SYSTEM_BACKUP_3_20260612_054242/backups/FINAL_SYSTEM_BACKUP_3_20260612_054242/backups/FINAL_SYSTEM_BACKUP_3_20260612_054242/backups/FINAL_SYSTEM_BACKUP_3_20260612_054242/backups/FINAL_SYSTEM_BACKUP_3_20260612_054242/backups/FINAL_SYSTEM_BACKUP_3_20260612_054242/backups/FINAL_SYSTEM_BACKUP_3_20260612_054242/backups/FINAL_SYSTEM_BACKUP_3_20260612_054242/backups/FINAL_SYSTEM_BACKUP_3_20260612_054242/backups/FINAL_SYSTEM_BACKUP_3_20260612_054242/backups/FINAL_SYSTEM_BACKUP_3_20260612_054242/backups/FINAL_SYSTEM_BACKUP_3_20260612_054242/backups/FINAL_SYSTEM_BACKUP_3_20260612_054242/backups/FINAL_SYSTEM_BACKUP_3_20260612_054242/backups/FINAL_SYSTEM_BACKUP_3_20260612_054242/backups/FINAL_SYSTEM_BACKUP_3_20260612_054242/backups/FINAL_SYSTEM_BACKUP_3_20260612_054242/backups/FINAL_SYSTEM_BACKUP_3_20260612_054242/backups/FINAL_SYSTEM_BACKUP_3_20260612_054242/backups/FINAL_SYSTEM_BACKUP_3_20260612_054242/backups/FINAL_SYSTEM_BACKUP_3_20260612_054242/backups/FINAL_SYSTEM_BACKUP_3_20260612_054242/backups/full_backup_20260608_225815,full_backup_20260608_225815,application/vnd.google-apps.folder,,2026-06-08T22:58:15.000Z
1xUJi3Tz0YW2htIb3jYIQ4uyYWz1kMtTB,ROOT/backups/FINAL_SYSTEM_BACKUP_3_20260612_054242/backups/FINAL_SYSTEM_BACKUP_3_20260612_054242/backups/FINAL_SYSTEM_BACKUP_3_20260612_054242/backups/FINAL_SYSTEM_BACKUP_3_20260612_054242/backups/FINAL_SYSTEM_BACKUP_3_20260612_054242/backups/FINAL_SYSTEM_BACKUP_3_20260612_054242/backups/FINAL_SYSTEM_BACKUP_3_20260612_054242/backups/FINAL_SYSTEM_BACKUP_3_20260612_054242/backups/FINAL_SYSTEM_BACKUP_3_20260612_054242/backups/FINAL_SYSTEM_BACKUP_3_20260612_054242/backups/FINAL_SYSTEM_BACKUP_3_20260612_054242/backups/FINAL_SYSTEM_BACKUP_3_20260612_054242/backups/FINAL_SYSTEM_BACKUP_3_20260612_054242/backups/FINAL_SYSTEM_BACKUP_3_20260612_054242/backups/FINAL_SYSTEM_BACKUP_3_20260612_054242/backups/FINAL_SYSTEM_BACKUP_3_20260612_054242/backups/FINAL_SYSTEM_BACKUP_3_20260612_054242/backups/FINAL_SYSTEM_BACKUP_3_20260612_054242/backups/FINAL_SYSTEM_BACKUP_3_20260612_054242/backups/FINAL_SYSTEM_BACKUP_3_20260612_054242/backups/FINAL_SYSTEM_BACKUP_3_20260612_054242/backups/FINAL_SYSTEM_BACKUP_3_20260612_054242/backups/FINAL_SYSTEM_BACKUP_3_20260612_054242/backups/FINAL_SYSTEM_BACKUP_3_20260612_054242/backups/FINAL_SYSTEM_BACKUP_3_20260612_054242/backups/FINAL_SYSTEM_BACKUP_3_20260612_054242/backups/FINAL_SYSTEM_BACKUP_3_20260612_054242/backups/FINAL_SYSTEM_BACKUP_3_20260612_054242/backups/FINAL_SYSTEM_BACKUP_3_20260612_054242/backups/FINAL_SYSTEM_BACKUP_3_20260612_054242/backups/FINAL_SYSTEM_BACKUP_3_20260612_054242/backups/FINAL_SYSTEM_BACKUP_3_20260612_054242/backups/full_backup_20260608_225815/secrets,secrets,application/vnd.google-apps.folder,,2026-06-08T21:02:21.000Z
1jv0sA7HV0t17ERMHQHINN0w4MOj8R_tn,ROOT/backups/FINAL_SYSTEM_BACKUP_3_20260612_054242/backups/FINAL_SYSTEM_BACKUP_3_20260612_054242/backups/FINAL_SYSTEM_BACKUP_3_20260612_054242/backups/FINAL_SYSTEM_BACKUP_3_20260612_054242/backups/FINAL_SYSTEM_BACKUP_3_20260612_054242/backups/FINAL_SYSTEM_BACKUP_3_20260612_054242/backups/FINAL_SYSTEM_BACKUP_3_20260612_054242/backups/FINAL_SYSTEM_BACKUP_3_20260612_054242/backups/FINAL_SYSTEM_BACKUP_3_20260612_054242/backups/FINAL_SYSTEM_BACKUP_3_20260612_054242/backups/FINAL_SYSTEM_BACKUP_3_20260612_054242/backups/FINAL_SYSTEM_BACKUP_3_20260612_054242/backups/FINAL_SYSTEM_BACKUP_3_20260612_054242/backups/FINAL_SYSTEM_BACKUP_3_20260612_054242/backups/FINAL_SYSTEM_BACKUP_3_20260612_054242/backups/FINAL_SYSTEM_BACKUP_3_20260612_054242/backups/FINAL_SYSTEM_BACKUP_3_20260612_054242/backups/FINAL_SYSTEM_BACKUP_3_20260612_054242/backups/FINAL_SYSTEM_BACKUP_3_20260612_054242/backups/FINAL_SYSTEM_BACKUP_3_20260612_054242/backups/FINAL_SYSTEM_BACKUP_3_20260612_054242/backups/FINAL_SYSTEM_BACKUP_3_20260612_054242/backups/FINAL_SYSTEM_BACKUP_3_20260612_054242/backups/FINAL_SYSTEM_BACKUP_3_20260612_054242/backups/FINAL_SYSTEM_BACKUP_3_20260612_054242/backups/FINAL_SYSTEM_BACKUP_3_20260612_054242/backups/FINAL_SYSTEM_BACKUP_3_20260612_054242/backups/FINAL_SYSTEM_BACKUP_3_20260612_054242/backups/FINAL_SYSTEM_BACKUP_3_20260612_054242/backups/FINAL_SYSTEM_BACKUP_3_20260612_054242/backups/FINAL_SYSTEM_BACKUP_3_20260612_054242/backups/FINAL_SYSTEM_BACKUP_3_20260612_054242/backups/full_backup_20260608_225815/bilder,bilder,application/vnd.google-apps.folder,,2026-06-08T05:51:42.000Z
12KNLVkaqyiSvIzg7QzSV7Gm0Wt2VEUBL,ROOT/backups/FINAL_SYSTEM_BACKUP_3_20260612_054242/backups/FINAL_SYSTEM_BACKUP_3_20260612_054242/backups/FINAL_SYSTEM_BACKUP_3_20260612_054242/backups/FINAL_SYSTEM_BACKUP_3_20260612_054242/backups/FINAL_SYSTEM_BACKUP_3_20260612_054242/backups/FINAL_SYSTEM_BACKUP_3_20260612_054242/backups/FINAL_SYSTEM_BACKUP_3_20260612_054242/backups/FINAL_SYSTEM_BACKUP_3_20260612_054242/backups/FINAL_SYSTEM_BACKUP_3_20260612_054242/backups/FINAL_SYSTEM_BACKUP_3_20260612_054242/backups/FINAL_SYSTEM_BACKUP_3_20260612_054242/backups/FINAL_SYSTEM_BACKUP_3_20260612_054242/backups/FINAL_SYSTEM_BACKUP_3_20260612_054242/backups/FINAL_SYSTEM_BACKUP_3_20260612_054242/backups/FINAL_SYSTEM_BACKUP_3_20260612_054242/backups/FINAL_SYSTEM_BACKUP_3_20260612_054242/backups/FINAL_SYSTEM_BACKUP_3_20260612_054242/backups/FINAL_SYSTEM_BACKUP_3_20260612_054242/backups/FINAL_SYSTEM_BACKUP_3_20260612_054242/backups/FINAL_SYSTEM_BACKUP_3_20260612_054242/backups/FINAL_SYSTEM_BACKUP_3_20260612_054242/backups/FINAL_SYSTEM_BACKUP_3_20260612_054242/backups/FINAL_SYSTEM_BACKUP_3_20260612_054242/backups/FINAL_SYSTEM_BACKUP_3_20260612_054242/backups/FINAL_SYSTEM_BACKUP_3_20260612_054242/backups/FINAL_SYSTEM_BACKUP_3_20260612_054242/backups/FINAL_SYSTEM_BACKUP_3_20260612_054242/backups/FINAL_SYSTEM_BACKUP_3_20260612_054242/backups/FINAL_SYSTEM_BACKUP_3_20260612_054242/backups/FINAL_SYSTEM_BACKUP_3_20260612_054242/backups/FINAL_SYSTEM_BACKUP_3_20260612_054242/backups/FINAL_SYSTEM_BACKUP_3_20260612_054242/bilder,bilder,application/vnd.google-apps.folder,,2026-06-12T05:42:43.000Z
1m_pjhni0OZBQeVuYdmfEzkAiKg4ZngWb,ROOT/backups/FINAL_SYSTEM_BACKUP_3_20260612_054242/backups/FINAL_SYSTEM_BACKUP_3_20260612_054242/backups/FINAL_SYSTEM_BACKUP_3_20260612_054242/backups/FINAL_SYSTEM_BACKUP_3_20260612_054242/backups/FINAL_SYSTEM_BACKUP_3_20260612_054242/backups/FINAL_SYSTEM_BACKUP_3_20260612_054242/backups/FINAL_SYSTEM_BACKUP_3_20260612_054242/backups/FINAL_SYSTEM_BACKUP_3_20260612_054242/backups/FINAL_SYSTEM_BACKUP_3_20260612_054242/backups/FINAL_SYSTEM_BACKUP_3_20260612_054242/backups/FINAL_SYSTEM_BACKUP_3_20260612_054242/backups/FINAL_SYSTEM_BACKUP_3_20260612_054242/backups/FINAL_SYSTEM_BACKUP_3_20260612_054242/backups/FINAL_SYSTEM_BACKUP_3_20260612_054242/backups/FINAL_SYSTEM_BACKUP_3_20260612_054242/backups/FINAL_SYSTEM_BACKUP_3_20260612_054242/backups/FINAL_SYSTEM_BACKUP_3_20260612_054242/backups/FINAL_SYSTEM_BACKUP_3_20260612_054242/backups/FINAL_SYSTEM_BACKUP_3_20260612_054242/backups/FINAL_SYSTEM_BACKUP_3_20260612_054242/backups/FINAL_SYSTEM_BACKUP_3_20260612_054242/backups/FINAL_SYSTEM_BACKUP_3_20260612_054242/backups/FINAL_SYSTEM_BACKUP_3_20260612_054242/backups/FINAL_SYSTEM_BACKUP_3_20260612_054242/backups/FINAL_SYSTEM_BACKUP_3_20260612_054242/backups/FINAL_SYSTEM_BACKUP_3_20260612_054242/backups/FINAL_SYSTEM_BACKUP_3_20260612_054242/backups/FINAL_SYSTEM_BACKUP_3_20260612_054242/backups/FINAL_SYSTEM_BACKUP_3_20260612_054242/backups/FINAL_SYSTEM_BACKUP_3_20260612_054242/backups/FINAL_SYSTEM_BACKUP_3_20260612_054242/backups/FINAL_SYSTEM_BACKUP_3_20260612_054242/bilder/produkte,produkte,application/vnd.google-apps.folder,,2026-06-09T07:10:29.000Z
1b8y-WV6CCoXfp3yB_ebF5nYYmD4x2JVM,ROOT/backups/FINAL_SYSTEM_BACKUP_3_20260612_054242/backups/FINAL_SYSTEM_BACKUP_3_20260612_054242/backups/FINAL_SYSTEM_BACKUP_3_20260612_054242/backups/FINAL_SYSTEM_BACKUP_3_20260612_054242/backups/FINAL_SYSTEM_BACKUP_3_20260612_054242/backups/FINAL_SYSTEM_BACKUP_3_20260612_054242/backups/FINAL_SYSTEM_BACKUP_3_20260612_054242/backups/FINAL_SYSTEM_BACKUP_3_20260612_054242/backups/FINAL_SYSTEM_BACKUP_3_20260612_054242/backups/FINAL_SYSTEM_BACKUP_3_20260612_054242/backups/FINAL_SYSTEM_BACKUP_3_20260612_054242/backups/FINAL_SYSTEM_BACKUP_3_20260612_054242/backups/FINAL_SYSTEM_BACKUP_3_20260612_054242/backups/FINAL_SYSTEM_BACKUP_3_20260612_054242/backups/FINAL_SYSTEM_BACKUP_3_20260612_054242/backups/FINAL_SYSTEM_BACKUP_3_20260612_054242/backups/FINAL_SYSTEM_BACKUP_3_20260612_054242/backups/FINAL_SYSTEM_BACKUP_3_20260612_054242/backups/FINAL_SYSTEM_BACKUP_3_20260612_054242/backups/FINAL_SYSTEM_BACKUP_3_20260612_054242/backups/FINAL_SYSTEM_BACKUP_3_20260612_054242/backups/FINAL_SYSTEM_BACKUP_3_20260612_054242/backups/FINAL_SYSTEM_BACKUP_3_20260612_054242/backups/FINAL_SYSTEM_BACKUP_3_20260612_054242/backups/FINAL_SYSTEM_BACKUP_3_20260612_054242/backups/FINAL_SYSTEM_BACKUP_3_20260612_054242/backups/FINAL_SYSTEM_BACKUP_3_20260612_054242/backups/FINAL_SYSTEM_BACKUP_3_20260612_054242/backups/FINAL_SYSTEM_BACKUP_3_20260612_054242/backups/FINAL_SYSTEM_BACKUP_3_20260612_054242/backups/FINAL_SYSTEM_BACKUP_3_20260612_054242/backups/old_images_20260609_071029,old_images_20260609_071029,application/vnd.google-apps.folder,,2026-06-09T07:10:29.000Z
16jWef4cwJ8NfU9gbZ1tkBl2rrgKM-5Bf,ROOT/backups/FINAL_SYSTEM_BACKUP_3_20260612_054242/backups/FINAL_SYSTEM_BACKUP_3_20260612_054242/backups/FINAL_SYSTEM_BACKUP_3_20260612_054242/backups/FINAL_SYSTEM_BACKUP_3_20260612_054242/backups/FINAL_SYSTEM_BACKUP_3_20260612_054242/backups/FINAL_SYSTEM_BACKUP_3_20260612_054242/backups/FINAL_SYSTEM_BACKUP_3_20260612_054242/backups/FINAL_SYSTEM_BACKUP_3_20260612_054242/backups/FINAL_SYSTEM_BACKUP_3_20260612_054242/backups/FINAL_SYSTEM_BACKUP_3_20260612_054242/backups/FINAL_SYSTEM_BACKUP_3_20260612_054242/backups/FINAL_SYSTEM_BACKUP_3_20260612_054242/backups/FINAL_SYSTEM_BACKUP_3_20260612_054242/backups/FINAL_SYSTEM_BACKUP_3_20260612_054242/backups/FINAL_SYSTEM_BACKUP_3_20260612_054242/backups/FINAL_SYSTEM_BACKUP_3_20260612_054242/backups/FINAL_SYSTEM_BACKUP_3_20260612_054242/backups/FINAL_SYSTEM_BACKUP_3_20260612_054242/backups/FINAL_SYSTEM_BACKUP_3_20260612_054242/backups/FINAL_SYSTEM_BACKUP_3_20260612_054242/backups/FINAL_SYSTEM_BACKUP_3_20260612_054242/backups/FINAL_SYSTEM_BACKUP_3_20260612_054242/backups/FINAL_SYSTEM_BACKUP_3_20260612_054242/backups/FINAL_SYSTEM_BACKUP_3_20260612_054242/backups/FINAL_SYSTEM_BACKUP_3_20260612_054242/backups/FINAL_SYSTEM_BACKUP_3_20260612_054242/backups/FINAL_SYSTEM_BACKUP_3_20260612_054242/backups/FINAL_SYSTEM_BACKUP_3_20260612_054242/backups/FINAL_SYSTEM_BACKUP_3_20260612_054242/backups/FINAL_SYSTEM_BACKUP_3_20260612_054242/backups/FINAL_SYSTEM_BACKUP_3_20260612_054242/backups/full_backup_20260608_225815,full_backup_20260608_225815,application/vnd.google-apps.folder,,2026-06-08T22:58:15.000Z
126RfVtqYs4GaLexjBfQ3mSYg_k5qCKT2,ROOT/backups/FINAL_SYSTEM_BACKUP_3_20260612_054242/backups/FINAL_SYSTEM_BACKUP_3_20260612_054242/backups/FINAL_SYSTEM_BACKUP_3_20260612_054242/backups/FINAL_SYSTEM_BACKUP_3_20260612_054242/backups/FINAL_SYSTEM_BACKUP_3_20260612_054242/backups/FINAL_SYSTEM_BACKUP_3_20260612_054242/backups/FINAL_SYSTEM_BACKUP_3_20260612_054242/backups/FINAL_SYSTEM_BACKUP_3_20260612_054242/backups/FINAL_SYSTEM_BACKUP_3_20260612_054242/backups/FINAL_SYSTEM_BACKUP_3_20260612_054242/backups/FINAL_SYSTEM_BACKUP_3_20260612_054242/backups/FINAL_SYSTEM_BACKUP_3_20260612_054242/backups/FINAL_SYSTEM_BACKUP_3_20260612_054242/backups/FINAL_SYSTEM_BACKUP_3_20260612_054242/backups/FINAL_SYSTEM_BACKUP_3_20260612_054242/backups/FINAL_SYSTEM_BACKUP_3_20260612_054242/backups/FINAL_SYSTEM_BACKUP_3_20260612_054242/backups/FINAL_SYSTEM_BACKUP_3_20260612_054242/backups/FINAL_SYSTEM_BACKUP_3_20260612_054242/backups/FINAL_SYSTEM_BACKUP_3_20260612_054242/backups/FINAL_SYSTEM_BACKUP_3_20260612_054242/backups/FINAL_SYSTEM_BACKUP_3_20260612_054242/backups/FINAL_SYSTEM_BACKUP_3_20260612_054242/backups/FINAL_SYSTEM_BACKUP_3_20260612_054242/backups/FINAL_SYSTEM_BACKUP_3_20260612_054242/backups/FINAL_SYSTEM_BACKUP_3_20260612_054242/backups/FINAL_SYSTEM_BACKUP_3_20260612_054242/backups/FINAL_SYSTEM_BACKUP_3_20260612_054242/backups/FINAL_SYSTEM_BACKUP_3_20260612_054242/backups/FINAL_SYSTEM_BACKUP_3_20260612_054242/backups/FINAL_SYSTEM_BACKUP_3_20260612_054242/backups/full_backup_20260608_225815/secrets,secrets,application/vnd.google-apps.folder,,2026-06-08T21:02:21.000Z
1GfHJiaW4iHlP_VSQHoKBRrPvLR8Xdx2B,ROOT/backups/FINAL_SYSTEM_BACKUP_3_20260612_054242/backups/FINAL_SYSTEM_BACKUP_3_20260612_054242/backups/FINAL_SYSTEM_BACKUP_3_20260612_054242/backups/FINAL_SYSTEM_BACKUP_3_20260612_054242/backups/FINAL_SYSTEM_BACKUP_3_20260612_054242/backups/FINAL_SYSTEM_BACKUP_3_20260612_054242/backups/FINAL_SYSTEM_BACKUP_3_20260612_054242/backups/FINAL_SYSTEM_BACKUP_3_20260612_054242/backups/FINAL_SYSTEM_BACKUP_3_20260612_054242/backups/FINAL_SYSTEM_BACKUP_3_20260612_054242/backups/FINAL_SYSTEM_BACKUP_3_20260612_054242/backups/FINAL_SYSTEM_BACKUP_3_20260612_054242/backups/FINAL_SYSTEM_BACKUP_3_20260612_054242/backups/FINAL_SYSTEM_BACKUP_3_20260612_054242/backups/FINAL_SYSTEM_BACKUP_3_20260612_054242/backups/FINAL_SYSTEM_BACKUP_3_20260612_054242/backups/FINAL_SYSTEM_BACKUP_3_20260612_054242/backups/FINAL_SYSTEM_BACKUP_3_20260612_054242/backups/FINAL_SYSTEM_BACKUP_3_20260612_054242/backups/FINAL_SYSTEM_BACKUP_3_20260612_054242/backups/FINAL_SYSTEM_BACKUP_3_20260612_054242/backups/FINAL_SYSTEM_BACKUP_3_20260612_054242/backups/FINAL_SYSTEM_BACKUP_3_20260612_054242/backups/FINAL_SYSTEM_BACKUP_3_20260612_054242/backups/FINAL_SYSTEM_BACKUP_3_20260612_054242/backups/FINAL_SYSTEM_BACKUP_3_20260612_054242/backups/FINAL_SYSTEM_BACKUP_3_20260612_054242/backups/FINAL_SYSTEM_BACKUP_3_20260612_054242/backups/FINAL_SYSTEM_BACKUP_3_20260612_054242/backups/FINAL_SYSTEM_BACKUP_3_20260612_054242/backups/FINAL_SYSTEM_BACKUP_3_20260612_054242/backups/full_backup_20260608_225815/bilder,bilder,application/vnd.google-apps.folder,,2026-06-08T05:51:42.000Z
11TmhtQbwKyCwp09JWZGHmn09qi2l9KQf,ROOT/backups/FINAL_SYSTEM_BACKUP_3_20260612_054242/backups/FINAL_SYSTEM_BACKUP_3_20260612_054242/backups/FINAL_SYSTEM_BACKUP_3_20260612_054242/backups/FINAL_SYSTEM_BACKUP_3_20260612_054242/backups/FINAL_SYSTEM_BACKUP_3_20260612_054242/backups/FINAL_SYSTEM_BACKUP_3_20260612_054242/backups/FINAL_SYSTEM_BACKUP_3_20260612_054242/backups/FINAL_SYSTEM_BACKUP_3_20260612_054242/backups/FINAL_SYSTEM_BACKUP_3_20260612_054242/backups/FINAL_SYSTEM_BACKUP_3_20260612_054242/backups/FINAL_SYSTEM_BACKUP_3_20260612_054242/backups/FINAL_SYSTEM_BACKUP_3_20260612_054242/backups/FINAL_SYSTEM_BACKUP_3_20260612_054242/backups/FINAL_SYSTEM_BACKUP_3_20260612_054242/backups/FINAL_SYSTEM_BACKUP_3_20260612_054242/backups/FINAL_SYSTEM_BACKUP_3_20260612_054242/backups/FINAL_SYSTEM_BACKUP_3_20260612_054242/backups/FINAL_SYSTEM_BACKUP_3_20260612_054242/backups/FINAL_SYSTEM_BACKUP_3_20260612_054242/backups/FINAL_SYSTEM_BACKUP_3_20260612_054242/backups/FINAL_SYSTEM_BACKUP_3_20260612_054242/backups/FINAL_SYSTEM_BACKUP_3_20260612_054242/backups/FINAL_SYSTEM_BACKUP_3_20260612_054242/backups/FINAL_SYSTEM_BACKUP_3_20260612_054242/backups/FINAL_SYSTEM_BACKUP_3_20260612_054242/backups/FINAL_SYSTEM_BACKUP_3_20260612_054242/backups/FINAL_SYSTEM_BACKUP_3_20260612_054242/backups/FINAL_SYSTEM_BACKUP_3_20260612_054242/backups/FINAL_SYSTEM_BACKUP_3_20260612_054242/backups/FINAL_SYSTEM_BACKUP_3_20260612_054242/backups/FINAL_SYSTEM_BACKUP_3_20260612_054242/bilder,bilder,application/vnd.google-apps.folder,,2026-06-12T05:42:43.000Z
1Y8BBVfpmktNDJ6pD9arzDVC6CXW9uXEF,ROOT/backups/FINAL_SYSTEM_BACKUP_3_20260612_054242/backups/FINAL_SYSTEM_BACKUP_3_20260612_054242/backups/FINAL_SYSTEM_BACKUP_3_20260612_054242/backups/FINAL_SYSTEM_BACKUP_3_20260612_054242/backups/FINAL_SYSTEM_BACKUP_3_20260612_054242/backups/FINAL_SYSTEM_BACKUP_3_20260612_054242/backups/FINAL_SYSTEM_BACKUP_3_20260612_054242/backups/FINAL_SYSTEM_BACKUP_3_20260612_054242/backups/FINAL_SYSTEM_BACKUP_3_20260612_054242/backups/FINAL_SYSTEM_BACKUP_3_20260612_054242/backups/FINAL_SYSTEM_BACKUP_3_20260612_054242/backups/FINAL_SYSTEM_BACKUP_3_20260612_054242/backups/FINAL_SYSTEM_BACKUP_3_20260612_054242/backups/FINAL_SYSTEM_BACKUP_3_20260612_054242/backups/FINAL_SYSTEM_BACKUP_3_20260612_054242/backups/FINAL_SYSTEM_BACKUP_3_20260612_054242/backups/FINAL_SYSTEM_BACKUP_3_20260612_054242/backups/FINAL_SYSTEM_BACKUP_3_20260612_054242/backups/FINAL_SYSTEM_BACKUP_3_20260612_054242/backups/FINAL_SYSTEM_BACKUP_3_20260612_054242/backups/FINAL_SYSTEM_BACKUP_3_20260612_054242/backups/FINAL_SYSTEM_BACKUP_3_20260612_054242/backups/FINAL_SYSTEM_BACKUP_3_20260612_054242/backups/FINAL_SYSTEM_BACKUP_3_20260612_054242/backups/FINAL_SYSTEM_BACKUP_3_20260612_054242/backups/FINAL_SYSTEM_BACKUP_3_20260612_054242/backups/FINAL_SYSTEM_BACKUP_3_20260612_054242/backups/FINAL_SYSTEM_BACKUP_3_20260612_054242/backups/FINAL_SYSTEM_BACKUP_3_20260612_054242/backups/FINAL_SYSTEM_BACKUP_3_20260612_054242/backups/FINAL_SYSTEM_BACKUP_3_20260612_054242/bilder/produkte,produkte,application/vnd.google-apps.folder,,2026-06-09T07:10:29.000Z
1oDeqAqptFveNkI5LEQ106S0MkAVMx79H,ROOT/backups/FINAL_SYSTEM_BACKUP_3_20260612_054242/backups/FINAL_SYSTEM_BACKUP_3_20260612_054242/backups/FINAL_SYSTEM_BACKUP_3_20260612_054242/backups/FINAL_SYSTEM_BACKUP_3_20260612_054242/backups/FINAL_SYSTEM_BACKUP_3_20260612_054242/backups/FINAL_SYSTEM_BACKUP_3_20260612_054242/backups/FINAL_SYSTEM_BACKUP_3_20260612_054242/backups/FINAL_SYSTEM_BACKUP_3_20260612_054242/backups/FINAL_SYSTEM_BACKUP_3_20260612_054242/backups/FINAL_SYSTEM_BACKUP_3_20260612_054242/backups/FINAL_SYSTEM_BACKUP_3_20260612_054242/backups/FINAL_SYSTEM_BACKUP_3_20260612_054242/backups/FINAL_SYSTEM_BACKUP_3_20260612_054242/backups/FINAL_SYSTEM_BACKUP_3_20260612_054242/backups/FINAL_SYSTEM_BACKUP_3_20260612_054242/backups/FINAL_SYSTEM_BACKUP_3_20260612_054242/backups/FINAL_SYSTEM_BACKUP_3_20260612_054242/backups/FINAL_SYSTEM_BACKUP_3_20260612_054242/backups/FINAL_SYSTEM_BACKUP_3_20260612_054242/backups/FINAL_SYSTEM_BACKUP_3_20260612_054242/backups/FINAL_SYSTEM_BACKUP_3_20260612_054242/backups/FINAL_SYSTEM_BACKUP_3_20260612_054242/backups/FINAL_SYSTEM_BACKUP_3_20260612_054242/backups/FINAL_SYSTEM_BACKUP_3_20260612_054242/backups/FINAL_SYSTEM_BACKUP_3_20260612_054242/backups/FINAL_SYSTEM_BACKUP_3_20260612_054242/backups/FINAL_SYSTEM_BACKUP_3_20260612_054242/backups/FINAL_SYSTEM_BACKUP_3_20260612_054242/backups/FINAL_SYSTEM_BACKUP_3_20260612_054242/backups/FINAL_SYSTEM_BACKUP_3_20260612_054242/backups/old_images_20260609_071029,old_images_20260609_071029,application/vnd.google-apps.folder,,2026-06-09T07:10:29.000Z
1oYZ80eNZaTcP6RU7-gQA677572_DpatD,ROOT/backups/FINAL_SYSTEM_BACKUP_3_20260612_054242/backups/FINAL_SYSTEM_BACKUP_3_20260612_054242/backups/FINAL_SYSTEM_BACKUP_3_20260612_054242/backups/FINAL_SYSTEM_BACKUP_3_20260612_054242/backups/FINAL_SYSTEM_BACKUP_3_20260612_054242/backups/FINAL_SYSTEM_BACKUP_3_20260612_054242/backups/FINAL_SYSTEM_BACKUP_3_20260612_054242/backups/FINAL_SYSTEM_BACKUP_3_20260612_054242/backups/FINAL_SYSTEM_BACKUP_3_20260612_054242/backups/FINAL_SYSTEM_BACKUP_3_20260612_054242/backups/FINAL_SYSTEM_BACKUP_3_20260612_054242/backups/FINAL_SYSTEM_BACKUP_3_20260612_054242/backups/FINAL_SYSTEM_BACKUP_3_20260612_054242/backups/FINAL_SYSTEM_BACKUP_3_20260612_054242/backups/FINAL_SYSTEM_BACKUP_3_20260612_054242/backups/FINAL_SYSTEM_BACKUP_3_20260612_054242/backups/FINAL_SYSTEM_BACKUP_3_20260612_054242/backups/FINAL_SYSTEM_BACKUP_3_20260612_054242/backups/FINAL_SYSTEM_BACKUP_3_20260612_054242/backups/FINAL_SYSTEM_BACKUP_3_20260612_054242/backups/FINAL_SYSTEM_BACKUP_3_20260612_054242/backups/FINAL_SYSTEM_BACKUP_3_20260612_054242/backups/FINAL_SYSTEM_BACKUP_3_20260612_054242/backups/FINAL_SYSTEM_BACKUP_3_20260612_054242/backups/FINAL_SYSTEM_BACKUP_3_20260612_054242/backups/FINAL_SYSTEM_BACKUP_3_20260612_054242/backups/FINAL_SYSTEM_BACKUP_3_20260612_054242/backups/FINAL_SYSTEM_BACKUP_3_20260612_054242/backups/FINAL_SYSTEM_BACKUP_3_20260612_054242/backups/FINAL_SYSTEM_BACKUP_3_20260612_054242/backups/full_backup_20260608_225815,full_backup_20260608_225815,application/vnd.google-apps.folder,,2026-06-08T22:58:15.000Z
16ANiNCB_LeVSDOlFpIifg7ljN3sjOkZ2,ROOT/backups/FINAL_SYSTEM_BACKUP_3_20260612_054242/backups/FINAL_SYSTEM_BACKUP_3_20260612_054242/backups/FINAL_SYSTEM_BACKUP_3_20260612_054242/backups/FINAL_SYSTEM_BACKUP_3_20260612_054242/backups/FINAL_SYSTEM_BACKUP_3_20260612_054242/backups/FINAL_SYSTEM_BACKUP_3_20260612_054242/backups/FINAL_SYSTEM_BACKUP_3_20260612_054242/backups/FINAL_SYSTEM_BACKUP_3_20260612_054242/backups/FINAL_SYSTEM_BACKUP_3_20260612_054242/backups/FINAL_SYSTEM_BACKUP_3_20260612_054242/backups/FINAL_SYSTEM_BACKUP_3_20260612_054242/backups/FINAL_SYSTEM_BACKUP_3_20260612_054242/backups/FINAL_SYSTEM_BACKUP_3_20260612_054242/backups/FINAL_SYSTEM_BACKUP_3_20260612_054242/backups/FINAL_SYSTEM_BACKUP_3_20260612_054242/backups/FINAL_SYSTEM_BACKUP_3_20260612_054242/backups/FINAL_SYSTEM_BACKUP_3_20260612_054242/backups/FINAL_SYSTEM_BACKUP_3_20260612_054242/backups/FINAL_SYSTEM_BACKUP_3_20260612_054242/backups/FINAL_SYSTEM_BACKUP_3_20260612_054242/backups/FINAL_SYSTEM_BACKUP_3_20260612_054242/backups/FINAL_SYSTEM_BACKUP_3_20260612_054242/backups/FINAL_SYSTEM_BACKUP_3_20260612_054242/backups/FINAL_SYSTEM_BACKUP_3_20260612_054242/backups/FINAL_SYSTEM_BACKUP_3_20260612_054242/backups/FINAL_SYSTEM_BACKUP_3_20260612_054242/backups/FINAL_SYSTEM_BACKUP_3_20260612_054242/backups/FINAL_SYSTEM_BACKUP_3_20260612_054242/backups/FINAL_SYSTEM_BACKUP_3_20260612_054242/backups/FINAL_SYSTEM_BACKUP_3_20260612_054242/backups/full_backup_20260608_225815/secrets,secrets,application/vnd.google-apps.folder,,2026-06-08T21:02:21.000Z
17Y6lRxwlKz3N3PQLDaIEcvXxM47Z6vLJ,ROOT/backups/FINAL_SYSTEM_BACKUP_3_20260612_054242/backups/FINAL_SYSTEM_BACKUP_3_20260612_054242/backups/FINAL_SYSTEM_BACKUP_3_20260612_054242/backups/FINAL_SYSTEM_BACKUP_3_20260612_054242/backups/FINAL_SYSTEM_BACKUP_3_20260612_054242/backups/FINAL_SYSTEM_BACKUP_3_20260612_054242/backups/FINAL_SYSTEM_BACKUP_3_20260612_054242/backups/FINAL_SYSTEM_BACKUP_3_20260612_054242/backups/FINAL_SYSTEM_BACKUP_3_20260612_054242/backups/FINAL_SYSTEM_BACKUP_3_20260612_054242/backups/FINAL_SYSTEM_BACKUP_3_20260612_054242/backups/FINAL_SYSTEM_BACKUP_3_20260612_054242/backups/FINAL_SYSTEM_BACKUP_3_20260612_054242/backups/FINAL_SYSTEM_BACKUP_3_20260612_054242/backups/FINAL_SYSTEM_BACKUP_3_20260612_054242/backups/FINAL_SYSTEM_BACKUP_3_20260612_054242/backups/FINAL_SYSTEM_BACKUP_3_20260612_054242/backups/FINAL_SYSTEM_BACKUP_3_20260612_054242/backups/FINAL_SYSTEM_BACKUP_3_20260612_054242/backups/FINAL_SYSTEM_BACKUP_3_20260612_054242/backups/FINAL_SYSTEM_BACKUP_3_20260612_054242/backups/FINAL_SYSTEM_BACKUP_3_20260612_054242/backups/FINAL_SYSTEM_BACKUP_3_20260612_054242/backups/FINAL_SYSTEM_BACKUP_3_20260612_054242/backups/FINAL_SYSTEM_BACKUP_3_20260612_054242/backups/FINAL_SYSTEM_BACKUP_3_20260612_054242/backups/FINAL_SYSTEM_BACKUP_3_20260612_054242/backups/FINAL_SYSTEM_BACKUP_3_20260612_054242/backups/FINAL_SYSTEM_BACKUP_3_20260612_054242/backups/FINAL_SYSTEM_BACKUP_3_20260612_054242/backups/full_backup_20260608_225815/bilder,bilder,application/vnd.google-apps.folder,,2026-06-08T05:51:42.000Z
17Ku-Do6cMvfDaMczj1b7DySObA5Yx2wW,ROOT/backups/FINAL_SYSTEM_BACKUP_3_20260612_054242/backups/FINAL_SYSTEM_BACKUP_3_20260612_054242/backups/FINAL_SYSTEM_BACKUP_3_20260612_054242/backups/FINAL_SYSTEM_BACKUP_3_20260612_054242/backups/FINAL_SYSTEM_BACKUP_3_20260612_054242/backups/FINAL_SYSTEM_BACKUP_3_20260612_054242/backups/FINAL_SYSTEM_BACKUP_3_20260612_054242/backups/FINAL_SYSTEM_BACKUP_3_20260612_054242/backups/FINAL_SYSTEM_BACKUP_3_20260612_054242/backups/FINAL_SYSTEM_BACKUP_3_20260612_054242/backups/FINAL_SYSTEM_BACKUP_3_20260612_054242/backups/FINAL_SYSTEM_BACKUP_3_20260612_054242/backups/FINAL_SYSTEM_BACKUP_3_20260612_054242/backups/FINAL_SYSTEM_BACKUP_3_20260612_054242/backups/FINAL_SYSTEM_BACKUP_3_20260612_054242/backups/FINAL_SYSTEM_BACKUP_3_20260612_054242/backups/FINAL_SYSTEM_BACKUP_3_20260612_054242/backups/FINAL_SYSTEM_BACKUP_3_20260612_054242/backups/FINAL_SYSTEM_BACKUP_3_20260612_054242/backups/FINAL_SYSTEM_BACKUP_3_20260612_054242/backups/FINAL_SYSTEM_BACKUP_3_20260612_054242/backups/FINAL_SYSTEM_BACKUP_3_20260612_054242/backups/FINAL_SYSTEM_BACKUP_3_20260612_054242/backups/FINAL_SYSTEM_BACKUP_3_20260612_054242/backups/FINAL_SYSTEM_BACKUP_3_20260612_054242/backups/FINAL_SYSTEM_BACKUP_3_20260612_054242/backups/FINAL_SYSTEM_BACKUP_3_20260612_054242/backups/FINAL_SYSTEM_BACKUP_3_20260612_054242/backups/FINAL_SYSTEM_BACKUP_3_20260612_054242/backups/FINAL_SYSTEM_BACKUP_3_20260612_054242/bilder,bilder,application/vnd.google-apps.folder,,2026-06-12T05:42:43.000Z
1CaZBH1GO_E-6Wq7nKo2R_o0Rh4f65X_V,ROOT/backups/FINAL_SYSTEM_BACKUP_3_20260612_054242/backups/FINAL_SYSTEM_BACKUP_3_20260612_054242/backups/FINAL_SYSTEM_BACKUP_3_20260612_054242/backups/FINAL_SYSTEM_BACKUP_3_20260612_054242/backups/FINAL_SYSTEM_BACKUP_3_20260612_054242/backups/FINAL_SYSTEM_BACKUP_3_20260612_054242/backups/FINAL_SYSTEM_BACKUP_3_20260612_054242/backups/FINAL_SYSTEM_BACKUP_3_20260612_054242/backups/FINAL_SYSTEM_BACKUP_3_20260612_054242/backups/FINAL_SYSTEM_BACKUP_3_20260612_054242/backups/FINAL_SYSTEM_BACKUP_3_20260612_054242/backups/FINAL_SYSTEM_BACKUP_3_20260612_054242/backups/FINAL_SYSTEM_BACKUP_3_20260612_054242/backups/FINAL_SYSTEM_BACKUP_3_20260612_054242/backups/FINAL_SYSTEM_BACKUP_3_20260612_054242/backups/FINAL_SYSTEM_BACKUP_3_20260612_054242/backups/FINAL_SYSTEM_BACKUP_3_20260612_054242/backups/FINAL_SYSTEM_BACKUP_3_20260612_054242/backups/FINAL_SYSTEM_BACKUP_3_20260612_054242/backups/FINAL_SYSTEM_BACKUP_3_20260612_054242/backups/FINAL_SYSTEM_BACKUP_3_20260612_054242/backups/FINAL_SYSTEM_BACKUP_3_20260612_054242/backups/FINAL_SYSTEM_BACKUP_3_20260612_054242/backups/FINAL_SYSTEM_BACKUP_3_20260612_054242/backups/FINAL_SYSTEM_BACKUP_3_20260612_054242/backups/FINAL_SYSTEM_BACKUP_3_20260612_054242/backups/FINAL_SYSTEM_BACKUP_3_20260612_054242/backups/FINAL_SYSTEM_BACKUP_3_20260612_054242/backups/FINAL_SYSTEM_BACKUP_3_20260612_054242/backups/FINAL_SYSTEM_BACKUP_3_20260612_054242/bilder/produkte,produkte,application/vnd.google-apps.folder,,2026-06-09T07:10:29.000Z
1bXV3CoVLzY9D9mwLJ4ujf3hRbAtU8qKF,ROOT/backups/FINAL_SYSTEM_BACKUP_3_20260612_054242/backups/FINAL_SYSTEM_BACKUP_3_20260612_054242/backups/FINAL_SYSTEM_BACKUP_3_20260612_054242/backups/FINAL_SYSTEM_BACKUP_3_20260612_054242/backups/FINAL_SYSTEM_BACKUP_3_20260612_054242/backups/FINAL_SYSTEM_BACKUP_3_20260612_054242/backups/FINAL_SYSTEM_BACKUP_3_20260612_054242/backups/FINAL_SYSTEM_BACKUP_3_20260612_054242/backups/FINAL_SYSTEM_BACKUP_3_20260612_054242/backups/FINAL_SYSTEM_BACKUP_3_20260612_054242/backups/FINAL_SYSTEM_BACKUP_3_20260612_054242/backups/FINAL_SYSTEM_BACKUP_3_20260612_054242/backups/FINAL_SYSTEM_BACKUP_3_20260612_054242/backups/FINAL_SYSTEM_BACKUP_3_20260612_054242/backups/FINAL_SYSTEM_BACKUP_3_20260612_054242/backups/FINAL_SYSTEM_BACKUP_3_20260612_054242/backups/FINAL_SYSTEM_BACKUP_3_20260612_054242/backups/FINAL_SYSTEM_BACKUP_3_20260612_054242/backups/FINAL_SYSTEM_BACKUP_3_20260612_054242/backups/FINAL_SYSTEM_BACKUP_3_20260612_054242/backups/FINAL_SYSTEM_BACKUP_3_20260612_054242/backups/FINAL_SYSTEM_BACKUP_3_20260612_054242/backups/FINAL_SYSTEM_BACKUP_3_20260612_054242/backups/FINAL_SYSTEM_BACKUP_3_20260612_054242/backups/FINAL_SYSTEM_BACKUP_3_20260612_054242/backups/FINAL_SYSTEM_BACKUP_3_20260612_054242/backups/FINAL_SYSTEM_BACKUP_3_20260612_054242/backups/FINAL_SYSTEM_BACKUP_3_20260612_054242/backups/FINAL_SYSTEM_BACKUP_3_20260612_054242/backups/old_images_20260609_071029,old_images_20260609_071029,application/vnd.google-apps.folder,,2026-06-09T07:10:29.000Z
17PaEtgA-8ZMAATArH6906sStGaMYXNtY,ROOT/backups/FINAL_SYSTEM_BACKUP_3_20260612_054242/backups/FINAL_SYSTEM_BACKUP_3_20260612_054242/backups/FINAL_SYSTEM_BACKUP_3_20260612_054242/backups/FINAL_SYSTEM_BACKUP_3_20260612_054242/backups/FINAL_SYSTEM_BACKUP_3_20260612_054242/backups/FINAL_SYSTEM_BACKUP_3_20260612_054242/backups/FINAL_SYSTEM_BACKUP_3_20260612_054242/backups/FINAL_SYSTEM_BACKUP_3_20260612_054242/backups/FINAL_SYSTEM_BACKUP_3_20260612_054242/backups/FINAL_SYSTEM_BACKUP_3_20260612_054242/backups/FINAL_SYSTEM_BACKUP_3_20260612_054242/backups/FINAL_SYSTEM_BACKUP_3_20260612_054242/backups/FINAL_SYSTEM_BACKUP_3_20260612_054242/backups/FINAL_SYSTEM_BACKUP_3_20260612_054242/backups/FINAL_SYSTEM_BACKUP_3_20260612_054242/backups/FINAL_SYSTEM_BACKUP_3_20260612_054242/backups/FINAL_SYSTEM_BACKUP_3_20260612_054242/backups/FINAL_SYSTEM_BACKUP_3_20260612_054242/backups/FINAL_SYSTEM_BACKUP_3_20260612_054242/backups/FINAL_SYSTEM_BACKUP_3_20260612_054242/backups/FINAL_SYSTEM_BACKUP_3_20260612_054242/backups/FINAL_SYSTEM_BACKUP_3_20260612_054242/backups/FINAL_SYSTEM_BACKUP_3_20260612_054242/backups/FINAL_SYSTEM_BACKUP_3_20260612_054242/backups/FINAL_SYSTEM_BACKUP_3_20260612_054242/backups/FINAL_SYSTEM_BACKUP_3_20260612_054242/backups/FINAL_SYSTEM_BACKUP_3_20260612_054242/backups/FINAL_SYSTEM_BACKUP_3_20260612_054242/backups/FINAL_SYSTEM_BACKUP_3_20260612_054242/backups/full_backup_20260608_225815,full_backup_20260608_225815,application/vnd.google-apps.folder,,2026-06-08T22:58:15.000Z
121pAI7qALQZn7lSPkolqk_jYnu2k_mt6,ROOT/backups/FINAL_SYSTEM_BACKUP_3_20260612_054242/backups/FINAL_SYSTEM_BACKUP_3_20260612_054242/backups/FINAL_SYSTEM_BACKUP_3_20260612_054242/backups/FINAL_SYSTEM_BACKUP_3_20260612_054242/backups/FINAL_SYSTEM_BACKUP_3_20260612_054242/backups/FINAL_SYSTEM_BACKUP_3_20260612_054242/backups/FINAL_SYSTEM_BACKUP_3_20260612_054242/backups/FINAL_SYSTEM_BACKUP_3_20260612_054242/backups/FINAL_SYSTEM_BACKUP_3_20260612_054242/backups/FINAL_SYSTEM_BACKUP_3_20260612_054242/backups/FINAL_SYSTEM_BACKUP_3_20260612_054242/backups/FINAL_SYSTEM_BACKUP_3_20260612_054242/backups/FINAL_SYSTEM_BACKUP_3_20260612_054242/backups/FINAL_SYSTEM_BACKUP_3_20260612_054242/backups/FINAL_SYSTEM_BACKUP_3_20260612_054242/backups/FINAL_SYSTEM_BACKUP_3_20260612_054242/backups/FINAL_SYSTEM_BACKUP_3_20260612_054242/backups/FINAL_SYSTEM_BACKUP_3_20260612_054242/backups/FINAL_SYSTEM_BACKUP_3_20260612_054242/backups/FINAL_SYSTEM_BACKUP_3_20260612_054242/backups/FINAL_SYSTEM_BACKUP_3_20260612_054242/backups/FINAL_SYSTEM_BACKUP_3_20260612_054242/backups/FINAL_SYSTEM_BACKUP_3_20260612_054242/backups/FINAL_SYSTEM_BACKUP_3_20260612_054242/backups/FINAL_SYSTEM_BACKUP_3_20260612_054242/backups/FINAL_SYSTEM_BACKUP_3_20260612_054242/backups/FINAL_SYSTEM_BACKUP_3_20260612_054242/backups/FINAL_SYSTEM_BACKUP_3_20260612_054242/backups/FINAL_SYSTEM_BACKUP_3_20260612_054242/backups/full_backup_20260608_225815/secrets,secrets,application/vnd.google-apps.folder,,2026-06-08T21:02:21.000Z
1y_DqSWCBu8UtmCpw52ntUe5OjGKDlzHI,ROOT/backups/FINAL_SYSTEM_BACKUP_3_20260612_054242/backups/FINAL_SYSTEM_BACKUP_3_20260612_054242/backups/FINAL_SYSTEM_BACKUP_3_20260612_054242/backups/FINAL_SYSTEM_BACKUP_3_20260612_054242/backups/FINAL_SYSTEM_BACKUP_3_20260612_054242/backups/FINAL_SYSTEM_BACKUP_3_20260612_054242/backups/FINAL_SYSTEM_BACKUP_3_20260612_054242/backups/FINAL_SYSTEM_BACKUP_3_20260612_054242/backups/FINAL_SYSTEM_BACKUP_3_20260612_054242/backups/FINAL_SYSTEM_BACKUP_3_20260612_054242/backups/FINAL_SYSTEM_BACKUP_3_20260612_054242/backups/FINAL_SYSTEM_BACKUP_3_20260612_054242/backups/FINAL_SYSTEM_BACKUP_3_20260612_054242/backups/FINAL_SYSTEM_BACKUP_3_20260612_054242/backups/FINAL_SYSTEM_BACKUP_3_20260612_054242/backups/FINAL_SYSTEM_BACKUP_3_20260612_054242/backups/FINAL_SYSTEM_BACKUP_3_20260612_054242/backups/FINAL_SYSTEM_BACKUP_3_20260612_054242/backups/FINAL_SYSTEM_BACKUP_3_20260612_054242/backups/FINAL_SYSTEM_BACKUP_3_20260612_054242/backups/FINAL_SYSTEM_BACKUP_3_20260612_054242/backups/FINAL_SYSTEM_BACKUP_3_20260612_054242/backups/FINAL_SYSTEM_BACKUP_3_20260612_054242/backups/FINAL_SYSTEM_BACKUP_3_20260612_054242/backups/FINAL_SYSTEM_BACKUP_3_20260612_054242/backups/FINAL_SYSTEM_BACKUP_3_20260612_054242/backups/FINAL_SYSTEM_BACKUP_3_20260612_054242/backups/FINAL_SYSTEM_BACKUP_3_20260612_054242/backups/FINAL_SYSTEM_BACKUP_3_20260612_054242/backups/full_backup_20260608_225815/bilder,bilder,application/vnd.google-apps.folder,,2026-06-08T05:51:42.000Z
1IiynwbJ6o7U1WgsFgfT2_819cJUxt1zc,ROOT/backups/FINAL_SYSTEM_BACKUP_3_20260612_054242/backups/FINAL_SYSTEM_BACKUP_3_20260612_054242/backups/FINAL_SYSTEM_BACKUP_3_20260612_054242/backups/FINAL_SYSTEM_BACKUP_3_20260612_054242/backups/FINAL_SYSTEM_BACKUP_3_20260612_054242/backups/FINAL_SYSTEM_BACKUP_3_20260612_054242/backups/FINAL_SYSTEM_BACKUP_3_20260612_054242/backups/FINAL_SYSTEM_BACKUP_3_20260612_054242/backups/FINAL_SYSTEM_BACKUP_3_20260612_054242/backups/FINAL_SYSTEM_BACKUP_3_20260612_054242/backups/FINAL_SYSTEM_BACKUP_3_20260612_054242/backups/FINAL_SYSTEM_BACKUP_3_20260612_054242/backups/FINAL_SYSTEM_BACKUP_3_20260612_054242/backups/FINAL_SYSTEM_BACKUP_3_20260612_054242/backups/FINAL_SYSTEM_BACKUP_3_20260612_054242/backups/FINAL_SYSTEM_BACKUP_3_20260612_054242/backups/FINAL_SYSTEM_BACKUP_3_20260612_054242/backups/FINAL_SYSTEM_BACKUP_3_20260612_054242/backups/FINAL_SYSTEM_BACKUP_3_20260612_054242/backups/FINAL_SYSTEM_BACKUP_3_20260612_054242/backups/FINAL_SYSTEM_BACKUP_3_20260612_054242/backups/FINAL_SYSTEM_BACKUP_3_20260612_054242/backups/FINAL_SYSTEM_BACKUP_3_20260612_054242/backups/FINAL_SYSTEM_BACKUP_3_20260612_054242/backups/FINAL_SYSTEM_BACKUP_3_20260612_054242/backups/FINAL_SYSTEM_BACKUP_3_20260612_054242/backups/FINAL_SYSTEM_BACKUP_3_20260612_054242/backups/FINAL_SYSTEM_BACKUP_3_20260612_054242/backups/FINAL_SYSTEM_BACKUP_3_20260612_054242/bilder,bilder,application/vnd.google-apps.folder,,2026-06-12T05:42:43.000Z
1R60zWR52yUlFD2iqyO1lZwX0OALQg3li,ROOT/backups/FINAL_SYSTEM_BACKUP_3_20260612_054242/backups/FINAL_SYSTEM_BACKUP_3_20260612_054242/backups/FINAL_SYSTEM_BACKUP_3_20260612_054242/backups/FINAL_SYSTEM_BACKUP_3_20260612_054242/backups/FINAL_SYSTEM_BACKUP_3_20260612_054242/backups/FINAL_SYSTEM_BACKUP_3_20260612_054242/backups/FINAL_SYSTEM_BACKUP_3_20260612_054242/backups/FINAL_SYSTEM_BACKUP_3_20260612_054242/backups/FINAL_SYSTEM_BACKUP_3_20260612_054242/backups/FINAL_SYSTEM_BACKUP_3_20260612_054242/backups/FINAL_SYSTEM_BACKUP_3_20260612_054242/backups/FINAL_SYSTEM_BACKUP_3_20260612_054242/backups/FINAL_SYSTEM_BACKUP_3_20260612_054242/backups/FINAL_SYSTEM_BACKUP_3_20260612_054242/backups/FINAL_SYSTEM_BACKUP_3_20260612_054242/backups/FINAL_SYSTEM_BACKUP_3_20260612_054242/backups/FINAL_SYSTEM_BACKUP_3_20260612_054242/backups/FINAL_SYSTEM_BACKUP_3_20260612_054242/backups/FINAL_SYSTEM_BACKUP_3_20260612_054242/backups/FINAL_SYSTEM_BACKUP_3_20260612_054242/backups/FINAL_SYSTEM_BACKUP_3_20260612_054242/backups/FINAL_SYSTEM_BACKUP_3_20260612_054242/backups/FINAL_SYSTEM_BACKUP_3_20260612_054242/backups/FINAL_SYSTEM_BACKUP_3_20260612_054242/backups/FINAL_SYSTEM_BACKUP_3_20260612_054242/backups/FINAL_SYSTEM_BACKUP_3_20260612_054242/backups/FINAL_SYSTEM_BACKUP_3_20260612_054242/backups/FINAL_SYSTEM_BACKUP_3_20260612_054242/backups/FINAL_SYSTEM_BACKUP_3_20260612_054242/bilder/produkte,produkte,application/vnd.google-apps.folder,,2026-06-09T07:10:29.000Z
1CwO1umRalRhtKpqL3AytGAr8DKefqAKU,ROOT/backups/FINAL_SYSTEM_BACKUP_3_20260612_054242/backups/FINAL_SYSTEM_BACKUP_3_20260612_054242/backups/FINAL_SYSTEM_BACKUP_3_20260612_054242/backups/FINAL_SYSTEM_BACKUP_3_20260612_054242/backups/FINAL_SYSTEM_BACKUP_3_20260612_054242/backups/FINAL_SYSTEM_BACKUP_3_20260612_054242/backups/FINAL_SYSTEM_BACKUP_3_20260612_054242/backups/FINAL_SYSTEM_BACKUP_3_20260612_054242/backups/FINAL_SYSTEM_BACKUP_3_20260612_054242/backups/FINAL_SYSTEM_BACKUP_3_20260612_054242/backups/FINAL_SYSTEM_BACKUP_3_20260612_054242/backups/FINAL_SYSTEM_BACKUP_3_20260612_054242/backups/FINAL_SYSTEM_BACKUP_3_20260612_054242/backups/FINAL_SYSTEM_BACKUP_3_20260612_054242/backups/FINAL_SYSTEM_BACKUP_3_20260612_054242/backups/FINAL_SYSTEM_BACKUP_3_20260612_054242/backups/FINAL_SYSTEM_BACKUP_3_20260612_054242/backups/FINAL_SYSTEM_BACKUP_3_20260612_054242/backups/FINAL_SYSTEM_BACKUP_3_20260612_054242/backups/FINAL_SYSTEM_BACKUP_3_20260612_054242/backups/FINAL_SYSTEM_BACKUP_3_20260612_054242/backups/FINAL_SYSTEM_BACKUP_3_20260612_054242/backups/FINAL_SYSTEM_BACKUP_3_20260612_054242/backups/FINAL_SYSTEM_BACKUP_3_20260612_054242/backups/FINAL_SYSTEM_BACKUP_3_20260612_054242/backups/FINAL_SYSTEM_BACKUP_3_20260612_054242/backups/FINAL_SYSTEM_BACKUP_3_20260612_054242/backups/FINAL_SYSTEM_BACKUP_3_20260612_054242/backups/old_images_20260609_071029,old_images_20260609_071029,application/vnd.google-apps.folder,,2026-06-09T07:10:29.000Z
1vJ3XWLHR56j5Ujf6fyxOj6j553jX_w9I,ROOT/backups/FINAL_SYSTEM_BACKUP_3_20260612_054242/backups/FINAL_SYSTEM_BACKUP_3_20260612_054242/backups/FINAL_SYSTEM_BACKUP_3_20260612_054242/backups/FINAL_SYSTEM_BACKUP_3_20260612_054242/backups/FINAL_SYSTEM_BACKUP_3_20260612_054242/backups/FINAL_SYSTEM_BACKUP_3_20260612_054242/backups/FINAL_SYSTEM_BACKUP_3_20260612_054242/backups/FINAL_SYSTEM_BACKUP_3_20260612_054242/backups/FINAL_SYSTEM_BACKUP_3_20260612_054242/backups/FINAL_SYSTEM_BACKUP_3_20260612_054242/backups/FINAL_SYSTEM_BACKUP_3_20260612_054242/backups/FINAL_SYSTEM_BACKUP_3_20260612_054242/backups/FINAL_SYSTEM_BACKUP_3_20260612_054242/backups/FINAL_SYSTEM_BACKUP_3_20260612_054242/backups/FINAL_SYSTEM_BACKUP_3_20260612_054242/backups/FINAL_SYSTEM_BACKUP_3_20260612_054242/backups/FINAL_SYSTEM_BACKUP_3_20260612_054242/backups/FINAL_SYSTEM_BACKUP_3_20260612_054242/backups/FINAL_SYSTEM_BACKUP_3_20260612_054242/backups/FINAL_SYSTEM_BACKUP_3_20260612_054242/backups/FINAL_SYSTEM_BACKUP_3_20260612_054242/backups/FINAL_SYSTEM_BACKUP_3_20260612_054242/backups/FINAL_SYSTEM_BACKUP_3_20260612_054242/backups/FINAL_SYSTEM_BACKUP_3_20260612_054242/backups/FINAL_SYSTEM_BACKUP_3_20260612_054242/backups/FINAL_SYSTEM_BACKUP_3_20260612_054242/backups/FINAL_SYSTEM_BACKUP_3_20260612_054242/backups/FINAL_SYSTEM_BACKUP_3_20260612_054242/backups/full_backup_20260608_225815,full_backup_20260608_225815,application/vnd.google-apps.folder,,2026-06-08T22:58:15.000Z
1_V2aufh7YuKyKLZLOweh-OEo-AvMN6Xh,ROOT/backups/FINAL_SYSTEM_BACKUP_3_20260612_054242/backups/FINAL_SYSTEM_BACKUP_3_20260612_054242/backups/FINAL_SYSTEM_BACKUP_3_20260612_054242/backups/FINAL_SYSTEM_BACKUP_3_20260612_054242/backups/FINAL_SYSTEM_BACKUP_3_20260612_054242/backups/FINAL_SYSTEM_BACKUP_3_20260612_054242/backups/FINAL_SYSTEM_BACKUP_3_20260612_054242/backups/FINAL_SYSTEM_BACKUP_3_20260612_054242/backups/FINAL_SYSTEM_BACKUP_3_20260612_054242/backups/FINAL_SYSTEM_BACKUP_3_20260612_054242/backups/FINAL_SYSTEM_BACKUP_3_20260612_054242/backups/FINAL_SYSTEM_BACKUP_3_20260612_054242/backups/FINAL_SYSTEM_BACKUP_3_20260612_054242/backups/FINAL_SYSTEM_BACKUP_3_20260612_054242/backups/FINAL_SYSTEM_BACKUP_3_20260612_054242/backups/FINAL_SYSTEM_BACKUP_3_20260612_054242/backups/FINAL_SYSTEM_BACKUP_3_20260612_054242/backups/FINAL_SYSTEM_BACKUP_3_20260612_054242/backups/FINAL_SYSTEM_BACKUP_3_20260612_054242/backups/FINAL_SYSTEM_BACKUP_3_20260612_054242/backups/FINAL_SYSTEM_BACKUP_3_20260612_054242/backups/FINAL_SYSTEM_BACKUP_3_20260612_054242/backups/FINAL_SYSTEM_BACKUP_3_20260612_054242/backups/FINAL_SYSTEM_BACKUP_3_20260612_054242/backups/FINAL_SYSTEM_BACKUP_3_20260612_054242/backups/FINAL_SYSTEM_BACKUP_3_20260612_054242/backups/FINAL_SYSTEM_BACKUP_3_20260612_054242/backups/FINAL_SYSTEM_BACKUP_3_20260612_054242/backups/full_backup_20260608_225815/secrets,secrets,application/vnd.google-apps.folder,,2026-06-08T21:02:21.000Z
1qRbQbi57-AemCigzeIFDsNNGdYSFoXh9,ROOT/backups/FINAL_SYSTEM_BACKUP_3_20260612_054242/backups/FINAL_SYSTEM_BACKUP_3_20260612_054242/backups/FINAL_SYSTEM_BACKUP_3_20260612_054242/backups/FINAL_SYSTEM_BACKUP_3_20260612_054242/backups/FINAL_SYSTEM_BACKUP_3_20260612_054242/backups/FINAL_SYSTEM_BACKUP_3_20260612_054242/backups/FINAL_SYSTEM_BACKUP_3_20260612_054242/backups/FINAL_SYSTEM_BACKUP_3_20260612_054242/backups/FINAL_SYSTEM_BACKUP_3_20260612_054242/backups/FINAL_SYSTEM_BACKUP_3_20260612_054242/backups/FINAL_SYSTEM_BACKUP_3_20260612_054242/backups/FINAL_SYSTEM_BACKUP_3_20260612_054242/backups/FINAL_SYSTEM_BACKUP_3_20260612_054242/backups/FINAL_SYSTEM_BACKUP_3_20260612_054242/backups/FINAL_SYSTEM_BACKUP_3_20260612_054242/backups/FINAL_SYSTEM_BACKUP_3_20260612_054242/backups/FINAL_SYSTEM_BACKUP_3_20260612_054242/backups/FINAL_SYSTEM_BACKUP_3_20260612_054242/backups/FINAL_SYSTEM_BACKUP_3_20260612_054242/backups/FINAL_SYSTEM_BACKUP_3_20260612_054242/backups/FINAL_SYSTEM_BACKUP_3_20260612_054242/backups/FINAL_SYSTEM_BACKUP_3_20260612_054242/backups/FINAL_SYSTEM_BACKUP_3_20260612_054242/backups/FINAL_SYSTEM_BACKUP_3_20260612_054242/backups/FINAL_SYSTEM_BACKUP_3_20260612_054242/backups/FINAL_SYSTEM_BACKUP_3_20260612_054242/backups/FINAL_SYSTEM_BACKUP_3_20260612_054242/backups/FINAL_SYSTEM_BACKUP_3_20260612_054242/backups/full_backup_20260608_225815/bilder,bilder,application/vnd.google-apps.folder,,2026-06-08T05:51:42.000Z
1bIh8mAMDMlzG_xaxGAvHZa0kJ7zx2PN0,ROOT/backups/FINAL_SYSTEM_BACKUP_3_20260612_054242/backups/FINAL_SYSTEM_BACKUP_3_20260612_054242/backups/FINAL_SYSTEM_BACKUP_3_20260612_054242/backups/FINAL_SYSTEM_BACKUP_3_20260612_054242/backups/FINAL_SYSTEM_BACKUP_3_20260612_054242/backups/FINAL_SYSTEM_BACKUP_3_20260612_054242/backups/FINAL_SYSTEM_BACKUP_3_20260612_054242/backups/FINAL_SYSTEM_BACKUP_3_20260612_054242/backups/FINAL_SYSTEM_BACKUP_3_20260612_054242/backups/FINAL_SYSTEM_BACKUP_3_20260612_054242/backups/FINAL_SYSTEM_BACKUP_3_20260612_054242/backups/FINAL_SYSTEM_BACKUP_3_20260612_054242/backups/FINAL_SYSTEM_BACKUP_3_20260612_054242/backups/FINAL_SYSTEM_BACKUP_3_20260612_054242/backups/FINAL_SYSTEM_BACKUP_3_20260612_054242/backups/FINAL_SYSTEM_BACKUP_3_20260612_054242/backups/FINAL_SYSTEM_BACKUP_3_20260612_054242/backups/FINAL_SYSTEM_BACKUP_3_20260612_054242/backups/FINAL_SYSTEM_BACKUP_3_20260612_054242/backups/FINAL_SYSTEM_BACKUP_3_20260612_054242/backups/FINAL_SYSTEM_BACKUP_3_20260612_054242/backups/FINAL_SYSTEM_BACKUP_3_20260612_054242/backups/FINAL_SYSTEM_BACKUP_3_20260612_054242/backups/FINAL_SYSTEM_BACKUP_3_20260612_054242/backups/FINAL_SYSTEM_BACKUP_3_20260612_054242/backups/FINAL_SYSTEM_BACKUP_3_20260612_054242/backups/FINAL_SYSTEM_BACKUP_3_20260612_054242/backups/FINAL_SYSTEM_BACKUP_3_20260612_054242/bilder,bilder,application/vnd.google-apps.folder,,2026-06-12T05:42:43.000Z
1G1k37MkZZByuqI9PIOnJe9XDrc_0_wXm,ROOT/backups/FINAL_SYSTEM_BACKUP_3_20260612_054242/backups/FINAL_SYSTEM_BACKUP_3_20260612_054242/backups/FINAL_SYSTEM_BACKUP_3_20260612_054242/backups/FINAL_SYSTEM_BACKUP_3_20260612_054242/backups/FINAL_SYSTEM_BACKUP_3_20260612_054242/backups/FINAL_SYSTEM_BACKUP_3_20260612_054242/backups/FINAL_SYSTEM_BACKUP_3_20260612_054242/backups/FINAL_SYSTEM_BACKUP_3_20260612_054242/backups/FINAL_SYSTEM_BACKUP_3_20260612_054242/backups/FINAL_SYSTEM_BACKUP_3_20260612_054242/backups/FINAL_SYSTEM_BACKUP_3_20260612_054242/backups/FINAL_SYSTEM_BACKUP_3_20260612_054242/backups/FINAL_SYSTEM_BACKUP_3_20260612_054242/backups/FINAL_SYSTEM_BACKUP_3_20260612_054242/backups/FINAL_SYSTEM_BACKUP_3_20260612_054242/backups/FINAL_SYSTEM_BACKUP_3_20260612_054242/backups/FINAL_SYSTEM_BACKUP_3_20260612_054242/backups/FINAL_SYSTEM_BACKUP_3_20260612_054242/backups/FINAL_SYSTEM_BACKUP_3_20260612_054242/backups/FINAL_SYSTEM_BACKUP_3_20260612_054242/backups/FINAL_SYSTEM_BACKUP_3_20260612_054242/backups/FINAL_SYSTEM_BACKUP_3_20260612_054242/backups/FINAL_SYSTEM_BACKUP_3_20260612_054242/backups/FINAL_SYSTEM_BACKUP_3_20260612_054242/backups/FINAL_SYSTEM_BACKUP_3_20260612_054242/backups/FINAL_SYSTEM_BACKUP_3_20260612_054242/backups/FINAL_SYSTEM_BACKUP_3_20260612_054242/backups/FINAL_SYSTEM_BACKUP_3_20260612_054242/bilder/produkte,produkte,application/vnd.google-apps.folder,,2026-06-09T07:10:29.000Z
1LBrb-rA_R9RMQ5-oq_aBo3rYj8WHpbkb,ROOT/backups/FINAL_SYSTEM_BACKUP_3_20260612_054242/backups/FINAL_SYSTEM_BACKUP_3_20260612_054242/backups/FINAL_SYSTEM_BACKUP_3_20260612_054242/backups/FINAL_SYSTEM_BACKUP_3_20260612_054242/backups/FINAL_SYSTEM_BACKUP_3_20260612_054242/backups/FINAL_SYSTEM_BACKUP_3_20260612_054242/backups/FINAL_SYSTEM_BACKUP_3_20260612_054242/backups/FINAL_SYSTEM_BACKUP_3_20260612_054242/backups/FINAL_SYSTEM_BACKUP_3_20260612_054242/backups/FINAL_SYSTEM_BACKUP_3_20260612_054242/backups/FINAL_SYSTEM_BACKUP_3_20260612_054242/backups/FINAL_SYSTEM_BACKUP_3_20260612_054242/backups/FINAL_SYSTEM_BACKUP_3_20260612_054242/backups/FINAL_SYSTEM_BACKUP_3_20260612_054242/backups/FINAL_SYSTEM_BACKUP_3_20260612_054242/backups/FINAL_SYSTEM_BACKUP_3_20260612_054242/backups/FINAL_SYSTEM_BACKUP_3_20260612_054242/backups/FINAL_SYSTEM_BACKUP_3_20260612_054242/backups/FINAL_SYSTEM_BACKUP_3_20260612_054242/backups/FINAL_SYSTEM_BACKUP_3_20260612_054242/backups/FINAL_SYSTEM_BACKUP_3_20260612_054242/backups/FINAL_SYSTEM_BACKUP_3_20260612_054242/backups/FINAL_SYSTEM_BACKUP_3_20260612_054242/backups/FINAL_SYSTEM_BACKUP_3_20260612_054242/backups/FINAL_SYSTEM_BACKUP_3_20260612_054242/backups/FINAL_SYSTEM_BACKUP_3_20260612_054242/backups/FINAL_SYSTEM_BACKUP_3_20260612_054242/backups/old_images_20260609_071029,old_images_20260609_071029,application/vnd.google-apps.folder,,2026-06-09T07:10:29.000Z
1efTNqwGGsU4dpFSxvOkVNvqUsz5ujXG9,ROOT/backups/FINAL_SYSTEM_BACKUP_3_20260612_054242/backups/FINAL_SYSTEM_BACKUP_3_20260612_054242/backups/FINAL_SYSTEM_BACKUP_3_20260612_054242/backups/FINAL_SYSTEM_BACKUP_3_20260612_054242/backups/FINAL_SYSTEM_BACKUP_3_20260612_054242/backups/FINAL_SYSTEM_BACKUP_3_20260612_054242/backups/FINAL_SYSTEM_BACKUP_3_20260612_054242/backups/FINAL_SYSTEM_BACKUP_3_20260612_054242/backups/FINAL_SYSTEM_BACKUP_3_20260612_054242/backups/FINAL_SYSTEM_BACKUP_3_20260612_054242/backups/FINAL_SYSTEM_BACKUP_3_20260612_054242/backups/FINAL_SYSTEM_BACKUP_3_20260612_054242/backups/FINAL_SYSTEM_BACKUP_3_20260612_054242/backups/FINAL_SYSTEM_BACKUP_3_20260612_054242/backups/FINAL_SYSTEM_BACKUP_3_20260612_054242/backups/FINAL_SYSTEM_BACKUP_3_20260612_054242/backups/FINAL_SYSTEM_BACKUP_3_20260612_054242/backups/FINAL_SYSTEM_BACKUP_3_20260612_054242/backups/FINAL_SYSTEM_BACKUP_3_20260612_054242/backups/FINAL_SYSTEM_BACKUP_3_20260612_054242/backups/FINAL_SYSTEM_BACKUP_3_20260612_054242/backups/FINAL_SYSTEM_BACKUP_3_20260612_054242/backups/FINAL_SYSTEM_BACKUP_3_20260612_054242/backups/FINAL_SYSTEM_BACKUP_3_20260612_054242/backups/FINAL_SYSTEM_BACKUP_3_20260612_054242/backups/FINAL_SYSTEM_BACKUP_3_20260612_054242/backups/FINAL_SYSTEM_BACKUP_3_20260612_054242/backups/full_backup_20260608_225815,full_backup_20260608_225815,application/vnd.google-apps.folder,,2026-06-08T22:58:15.000Z
1edY8n-92CY5frl4B5N4YOeCNWDnbwoOn,ROOT/backups/FINAL_SYSTEM_BACKUP_3_20260612_054242/backups/FINAL_SYSTEM_BACKUP_3_20260612_054242/backups/FINAL_SYSTEM_BACKUP_3_20260612_054242/backups/FINAL_SYSTEM_BACKUP_3_20260612_054242/backups/FINAL_SYSTEM_BACKUP_3_20260612_054242/backups/FINAL_SYSTEM_BACKUP_3_20260612_054242/backups/FINAL_SYSTEM_BACKUP_3_20260612_054242/backups/FINAL_SYSTEM_BACKUP_3_20260612_054242/backups/FINAL_SYSTEM_BACKUP_3_20260612_054242/backups/FINAL_SYSTEM_BACKUP_3_20260612_054242/backups/FINAL_SYSTEM_BACKUP_3_20260612_054242/backups/FINAL_SYSTEM_BACKUP_3_20260612_054242/backups/FINAL_SYSTEM_BACKUP_3_20260612_054242/backups/FINAL_SYSTEM_BACKUP_3_20260612_054242/backups/FINAL_SYSTEM_BACKUP_3_20260612_054242/backups/FINAL_SYSTEM_BACKUP_3_20260612_054242/backups/FINAL_SYSTEM_BACKUP_3_20260612_054242/backups/FINAL_SYSTEM_BACKUP_3_20260612_054242/backups/FINAL_SYSTEM_BACKUP_3_20260612_054242/backups/FINAL_SYSTEM_BACKUP_3_20260612_054242/backups/FINAL_SYSTEM_BACKUP_3_20260612_054242/backups/FINAL_SYSTEM_BACKUP_3_20260612_054242/backups/FINAL_SYSTEM_BACKUP_3_20260612_054242/backups/FINAL_SYSTEM_BACKUP_3_20260612_054242/backups/FINAL_SYSTEM_BACKUP_3_20260612_054242/backups/FINAL_SYSTEM_BACKUP_3_20260612_054242/backups/FINAL_SYSTEM_BACKUP_3_20260612_054242/backups/full_backup_20260608_225815/secrets,secrets,application/vnd.google-apps.folder,,2026-06-08T21:02:21.000Z
1PI-TIiWwrv8af6O24RIDyCetisj64XS4,ROOT/backups/FINAL_SYSTEM_BACKUP_3_20260612_054242/backups/FINAL_SYSTEM_BACKUP_3_20260612_054242/backups/FINAL_SYSTEM_BACKUP_3_20260612_054242/backups/FINAL_SYSTEM_BACKUP_3_20260612_054242/backups/FINAL_SYSTEM_BACKUP_3_20260612_054242/backups/FINAL_SYSTEM_BACKUP_3_20260612_054242/backups/FINAL_SYSTEM_BACKUP_3_20260612_054242/backups/FINAL_SYSTEM_BACKUP_3_20260612_054242/backups/FINAL_SYSTEM_BACKUP_3_20260612_054242/backups/FINAL_SYSTEM_BACKUP_3_20260612_054242/backups/FINAL_SYSTEM_BACKUP_3_20260612_054242/backups/FINAL_SYSTEM_BACKUP_3_20260612_054242/backups/FINAL_SYSTEM_BACKUP_3_20260612_054242/backups/FINAL_SYSTEM_BACKUP_3_20260612_054242/backups/FINAL_SYSTEM_BACKUP_3_20260612_054242/backups/FINAL_SYSTEM_BACKUP_3_20260612_054242/backups/FINAL_SYSTEM_BACKUP_3_20260612_054242/backups/FINAL_SYSTEM_BACKUP_3_20260612_054242/backups/FINAL_SYSTEM_BACKUP_3_20260612_054242/backups/FINAL_SYSTEM_BACKUP_3_20260612_054242/backups/FINAL_SYSTEM_BACKUP_3_20260612_054242/backups/FINAL_SYSTEM_BACKUP_3_20260612_054242/backups/FINAL_SYSTEM_BACKUP_3_20260612_054242/backups/FINAL_SYSTEM_BACKUP_3_20260612_054242/backups/FINAL_SYSTEM_BACKUP_3_20260612_054242/backups/FINAL_SYSTEM_BACKUP_3_20260612_054242/backups/FINAL_SYSTEM_BACKUP_3_20260612_054242/backups/full_backup_20260608_225815/bilder,bilder,application/vnd.google-apps.folder,,2026-06-08T05:51:42.000Z
1fPLqUjMfVgWhXJGRRjDbDZjUHTiy6D6m,ROOT/backups/FINAL_SYSTEM_BACKUP_3_20260612_054242/backups/FINAL_SYSTEM_BACKUP_3_20260612_054242/backups/FINAL_SYSTEM_BACKUP_3_20260612_054242/backups/FINAL_SYSTEM_BACKUP_3_20260612_054242/backups/FINAL_SYSTEM_BACKUP_3_20260612_054242/backups/FINAL_SYSTEM_BACKUP_3_20260612_054242/backups/FINAL_SYSTEM_BACKUP_3_20260612_054242/backups/FINAL_SYSTEM_BACKUP_3_20260612_054242/backups/FINAL_SYSTEM_BACKUP_3_20260612_054242/backups/FINAL_SYSTEM_BACKUP_3_20260612_054242/backups/FINAL_SYSTEM_BACKUP_3_20260612_054242/backups/FINAL_SYSTEM_BACKUP_3_20260612_054242/backups/FINAL_SYSTEM_BACKUP_3_20260612_054242/backups/FINAL_SYSTEM_BACKUP_3_20260612_054242/backups/FINAL_SYSTEM_BACKUP_3_20260612_054242/backups/FINAL_SYSTEM_BACKUP_3_20260612_054242/backups/FINAL_SYSTEM_BACKUP_3_20260612_054242/backups/FINAL_SYSTEM_BACKUP_3_20260612_054242/backups/FINAL_SYSTEM_BACKUP_3_20260612_054242/backups/FINAL_SYSTEM_BACKUP_3_20260612_054242/backups/FINAL_SYSTEM_BACKUP_3_20260612_054242/backups/FINAL_SYSTEM_BACKUP_3_20260612_054242/backups/FINAL_SYSTEM_BACKUP_3_20260612_054242/backups/FINAL_SYSTEM_BACKUP_3_20260612_054242/backups/FINAL_SYSTEM_BACKUP_3_20260612_054242/backups/FINAL_SYSTEM_BACKUP_3_20260612_054242/backups/FINAL_SYSTEM_BACKUP_3_20260612_054242/bilder,bilder,application/vnd.google-apps.folder,,2026-06-12T05:42:43.000Z
1xwE3_LQP42RoSgTHJe5noIWot-FZFYYI,ROOT/backups/FINAL_SYSTEM_BACKUP_3_20260612_054242/backups/FINAL_SYSTEM_BACKUP_3_20260612_054242/backups/FINAL_SYSTEM_BACKUP_3_20260612_054242/backups/FINAL_SYSTEM_BACKUP_3_20260612_054242/backups/FINAL_SYSTEM_BACKUP_3_20260612_054242/backups/FINAL_SYSTEM_BACKUP_3_20260612_054242/backups/FINAL_SYSTEM_BACKUP_3_20260612_054242/backups/FINAL_SYSTEM_BACKUP_3_20260612_054242/backups/FINAL_SYSTEM_BACKUP_3_20260612_054242/backups/FINAL_SYSTEM_BACKUP_3_20260612_054242/backups/FINAL_SYSTEM_BACKUP_3_20260612_054242/backups/FINAL_SYSTEM_BACKUP_3_20260612_054242/backups/FINAL_SYSTEM_BACKUP_3_20260612_054242/backups/FINAL_SYSTEM_BACKUP_3_20260612_054242/backups/FINAL_SYSTEM_BACKUP_3_20260612_054242/backups/FINAL_SYSTEM_BACKUP_3_20260612_054242/backups/FINAL_SYSTEM_BACKUP_3_20260612_054242/backups/FINAL_SYSTEM_BACKUP_3_20260612_054242/backups/FINAL_SYSTEM_BACKUP_3_20260612_054242/backups/FINAL_SYSTEM_BACKUP_3_20260612_054242/backups/FINAL_SYSTEM_BACKUP_3_20260612_054242/backups/FINAL_SYSTEM_BACKUP_3_20260612_054242/backups/FINAL_SYSTEM_BACKUP_3_20260612_054242/backups/FINAL_SYSTEM_BACKUP_3_20260612_054242/backups/FINAL_SYSTEM_BACKUP_3_20260612_054242/backups/FINAL_SYSTEM_BACKUP_3_20260612_054242/backups/FINAL_SYSTEM_BACKUP_3_20260612_054242/bilder/produkte,produkte,application/vnd.google-apps.folder,,2026-06-09T07:10:29.000Z
1q8g5xwy_IyC3HHTtDkEPaKVRxR_-YK6l,ROOT/backups/FINAL_SYSTEM_BACKUP_3_20260612_054242/backups/FINAL_SYSTEM_BACKUP_3_20260612_054242/backups/FINAL_SYSTEM_BACKUP_3_20260612_054242/backups/FINAL_SYSTEM_BACKUP_3_20260612_054242/backups/FINAL_SYSTEM_BACKUP_3_20260612_054242/backups/FINAL_SYSTEM_BACKUP_3_20260612_054242/backups/FINAL_SYSTEM_BACKUP_3_20260612_054242/backups/FINAL_SYSTEM_BACKUP_3_20260612_054242/backups/FINAL_SYSTEM_BACKUP_3_20260612_054242/backups/FINAL_SYSTEM_BACKUP_3_20260612_054242/backups/FINAL_SYSTEM_BACKUP_3_20260612_054242/backups/FINAL_SYSTEM_BACKUP_3_20260612_054242/backups/FINAL_SYSTEM_BACKUP_3_20260612_054242/backups/FINAL_SYSTEM_BACKUP_3_20260612_054242/backups/FINAL_SYSTEM_BACKUP_3_20260612_054242/backups/FINAL_SYSTEM_BACKUP_3_20260612_054242/backups/FINAL_SYSTEM_BACKUP_3_20260612_054242/backups/FINAL_SYSTEM_BACKUP_3_20260612_054242/backups/FINAL_SYSTEM_BACKUP_3_20260612_054242/backups/FINAL_SYSTEM_BACKUP_3_20260612_054242/backups/FINAL_SYSTEM_BACKUP_3_20260612_054242/backups/FINAL_SYSTEM_BACKUP_3_20260612_054242/backups/FINAL_SYSTEM_BACKUP_3_20260612_054242/backups/FINAL_SYSTEM_BACKUP_3_20260612_054242/backups/FINAL_SYSTEM_BACKUP_3_20260612_054242/backups/FINAL_SYSTEM_BACKUP_3_20260612_054242/backups/old_images_20260609_071029,old_images_20260609_071029,application/vnd.google-apps.folder,,2026-06-09T07:10:29.000Z
132_QEDQZ_4PGzgiKyU10u3aOyXMZhGej,ROOT/backups/FINAL_SYSTEM_BACKUP_3_20260612_054242/backups/FINAL_SYSTEM_BACKUP_3_20260612_054242/backups/FINAL_SYSTEM_BACKUP_3_20260612_054242/backups/FINAL_SYSTEM_BACKUP_3_20260612_054242/backups/FINAL_SYSTEM_BACKUP_3_20260612_054242/backups/FINAL_SYSTEM_BACKUP_3_20260612_054242/backups/FINAL_SYSTEM_BACKUP_3_20260612_054242/backups/FINAL_SYSTEM_BACKUP_3_20260612_054242/backups/FINAL_SYSTEM_BACKUP_3_20260612_054242/backups/FINAL_SYSTEM_BACKUP_3_20260612_054242/backups/FINAL_SYSTEM_BACKUP_3_20260612_054242/backups/FINAL_SYSTEM_BACKUP_3_20260612_054242/backups/FINAL_SYSTEM_BACKUP_3_20260612_054242/backups/FINAL_SYSTEM_BACKUP_3_20260612_054242/backups/FINAL_SYSTEM_BACKUP_3_20260612_054242/backups/FINAL_SYSTEM_BACKUP_3_20260612_054242/backups/FINAL_SYSTEM_BACKUP_3_20260612_054242/backups/FINAL_SYSTEM_BACKUP_3_20260612_054242/backups/FINAL_SYSTEM_BACKUP_3_20260612_054242/backups/FINAL_SYSTEM_BACKUP_3_20260612_054242/backups/FINAL_SYSTEM_BACKUP_3_20260612_054242/backups/FINAL_SYSTEM_BACKUP_3_20260612_054242/backups/FINAL_SYSTEM_BACKUP_3_20260612_054242/backups/FINAL_SYSTEM_BACKUP_3_20260612_054242/backups/FINAL_SYSTEM_BACKUP_3_20260612_054242/backups/FINAL_SYSTEM_BACKUP_3_20260612_054242/backups/full_backup_20260608_225815,full_backup_20260608_225815,application/vnd.google-apps.folder,,2026-06-08T22:58:15.000Z
1NJHyYRWXMvZJc7lLtWh5aS0hefCYIazV,ROOT/backups/FINAL_SYSTEM_BACKUP_3_20260612_054242/backups/FINAL_SYSTEM_BACKUP_3_20260612_054242/backups/FINAL_SYSTEM_BACKUP_3_20260612_054242/backups/FINAL_SYSTEM_BACKUP_3_20260612_054242/backups/FINAL_SYSTEM_BACKUP_3_20260612_054242/backups/FINAL_SYSTEM_BACKUP_3_20260612_054242/backups/FINAL_SYSTEM_BACKUP_3_20260612_054242/backups/FINAL_SYSTEM_BACKUP_3_20260612_054242/backups/FINAL_SYSTEM_BACKUP_3_20260612_054242/backups/FINAL_SYSTEM_BACKUP_3_20260612_054242/backups/FINAL_SYSTEM_BACKUP_3_20260612_054242/backups/FINAL_SYSTEM_BACKUP_3_20260612_054242/backups/FINAL_SYSTEM_BACKUP_3_20260612_054242/backups/FINAL_SYSTEM_BACKUP_3_20260612_054242/backups/FINAL_SYSTEM_BACKUP_3_20260612_054242/backups/FINAL_SYSTEM_BACKUP_3_20260612_054242/backups/FINAL_SYSTEM_BACKUP_3_20260612_054242/backups/FINAL_SYSTEM_BACKUP_3_20260612_054242/backups/FINAL_SYSTEM_BACKUP_3_20260612_054242/backups/FINAL_SYSTEM_BACKUP_3_20260612_054242/backups/FINAL_SYSTEM_BACKUP_3_20260612_054242/backups/FINAL_SYSTEM_BACKUP_3_20260612_054242/backups/FINAL_SYSTEM_BACKUP_3_20260612_054242/backups/FINAL_SYSTEM_BACKUP_3_20260612_054242/backups/FINAL_SYSTEM_BACKUP_3_20260612_054242/backups/FINAL_SYSTEM_BACKUP_3_20260612_054242/backups/full_backup_20260608_225815/secrets,secrets,application/vnd.google-apps.folder,,2026-06-08T21:02:21.000Z
1lelM7ejW9OOKAOkZxWaa8-5kDLZU_rkJ,ROOT/backups/FINAL_SYSTEM_BACKUP_3_20260612_054242/backups/FINAL_SYSTEM_BACKUP_3_20260612_054242/backups/FINAL_SYSTEM_BACKUP_3_20260612_054242/backups/FINAL_SYSTEM_BACKUP_3_20260612_054242/backups/FINAL_SYSTEM_BACKUP_3_20260612_054242/backups/FINAL_SYSTEM_BACKUP_3_20260612_054242/backups/FINAL_SYSTEM_BACKUP_3_20260612_054242/backups/FINAL_SYSTEM_BACKUP_3_20260612_054242/backups/FINAL_SYSTEM_BACKUP_3_20260612_054242/backups/FINAL_SYSTEM_BACKUP_3_20260612_054242/backups/FINAL_SYSTEM_BACKUP_3_20260612_054242/backups/FINAL_SYSTEM_BACKUP_3_20260612_054242/backups/FINAL_SYSTEM_BACKUP_3_20260612_054242/backups/FINAL_SYSTEM_BACKUP_3_20260612_054242/backups/FINAL_SYSTEM_BACKUP_3_20260612_054242/backups/FINAL_SYSTEM_BACKUP_3_20260612_054242/backups/FINAL_SYSTEM_BACKUP_3_20260612_054242/backups/FINAL_SYSTEM_BACKUP_3_20260612_054242/backups/FINAL_SYSTEM_BACKUP_3_20260612_054242/backups/FINAL_SYSTEM_BACKUP_3_20260612_054242/backups/FINAL_SYSTEM_BACKUP_3_20260612_054242/backups/FINAL_SYSTEM_BACKUP_3_20260612_054242/backups/FINAL_SYSTEM_BACKUP_3_20260612_054242/backups/FINAL_SYSTEM_BACKUP_3_20260612_054242/backups/FINAL_SYSTEM_BACKUP_3_20260612_054242/backups/FINAL_SYSTEM_BACKUP_3_20260612_054242/backups/full_backup_20260608_225815/bilder,bilder,application/vnd.google-apps.folder,,2026-06-08T05:51:42.000Z
1EAlLquC3W-83r6PVa08TJ5cF13K02zEl,ROOT/backups/FINAL_SYSTEM_BACKUP_3_20260612_054242/backups/FINAL_SYSTEM_BACKUP_3_20260612_054242/backups/FINAL_SYSTEM_BACKUP_3_20260612_054242/backups/FINAL_SYSTEM_BACKUP_3_20260612_054242/backups/FINAL_SYSTEM_BACKUP_3_20260612_054242/backups/FINAL_SYSTEM_BACKUP_3_20260612_054242/backups/FINAL_SYSTEM_BACKUP_3_20260612_054242/backups/FINAL_SYSTEM_BACKUP_3_20260612_054242/backups/FINAL_SYSTEM_BACKUP_3_20260612_054242/backups/FINAL_SYSTEM_BACKUP_3_20260612_054242/backups/FINAL_SYSTEM_BACKUP_3_20260612_054242/backups/FINAL_SYSTEM_BACKUP_3_20260612_054242/backups/FINAL_SYSTEM_BACKUP_3_20260612_054242/backups/FINAL_SYSTEM_BACKUP_3_20260612_054242/backups/FINAL_SYSTEM_BACKUP_3_20260612_054242/backups/FINAL_SYSTEM_BACKUP_3_20260612_054242/backups/FINAL_SYSTEM_BACKUP_3_20260612_054242/backups/FINAL_SYSTEM_BACKUP_3_20260612_054242/backups/FINAL_SYSTEM_BACKUP_3_20260612_054242/backups/FINAL_SYSTEM_BACKUP_3_20260612_054242/backups/FINAL_SYSTEM_BACKUP_3_20260612_054242/backups/FINAL_SYSTEM_BACKUP_3_20260612_054242/backups/FINAL_SYSTEM_BACKUP_3_20260612_054242/backups/FINAL_SYSTEM_BACKUP_3_20260612_054242/backups/FINAL_SYSTEM_BACKUP_3_20260612_054242/backups/FINAL_SYSTEM_BACKUP_3_20260612_054242/bilder,bilder,application/vnd.google-apps.folder,,2026-06-12T05:42:43.000Z
1aTkDBa_hudttvz7SvZUK9zSzxBOTEit6,ROOT/backups/FINAL_SYSTEM_BACKUP_3_20260612_054242/backups/FINAL_SYSTEM_BACKUP_3_20260612_054242/backups/FINAL_SYSTEM_BACKUP_3_20260612_054242/backups/FINAL_SYSTEM_BACKUP_3_20260612_054242/backups/FINAL_SYSTEM_BACKUP_3_20260612_054242/backups/FINAL_SYSTEM_BACKUP_3_20260612_054242/backups/FINAL_SYSTEM_BACKUP_3_20260612_054242/backups/FINAL_SYSTEM_BACKUP_3_20260612_054242/backups/FINAL_SYSTEM_BACKUP_3_20260612_054242/backups/FINAL_SYSTEM_BACKUP_3_20260612_054242/backups/FINAL_SYSTEM_BACKUP_3_20260612_054242/backups/FINAL_SYSTEM_BACKUP_3_20260612_054242/backups/FINAL_SYSTEM_BACKUP_3_20260612_054242/backups/FINAL_SYSTEM_BACKUP_3_20260612_054242/backups/FINAL_SYSTEM_BACKUP_3_20260612_054242/backups/FINAL_SYSTEM_BACKUP_3_20260612_054242/backups/FINAL_SYSTEM_BACKUP_3_20260612_054242/backups/FINAL_SYSTEM_BACKUP_3_20260612_054242/backups/FINAL_SYSTEM_BACKUP_3_20260612_054242/backups/FINAL_SYSTEM_BACKUP_3_20260612_054242/backups/FINAL_SYSTEM_BACKUP_3_20260612_054242/backups/FINAL_SYSTEM_BACKUP_3_20260612_054242/backups/FINAL_SYSTEM_BACKUP_3_20260612_054242/backups/FINAL_SYSTEM_BACKUP_3_20260612_054242/backups/FINAL_SYSTEM_BACKUP_3_20260612_054242/backups/FINAL_SYSTEM_BACKUP_3_20260612_054242/bilder/produkte,produkte,application/vnd.google-apps.folder,,2026-06-09T07:10:29.000Z
1dULcgM1hoCrQMrl6SfWH4ZHY4aZLbpep,ROOT/backups/FINAL_SYSTEM_BACKUP_3_20260612_054242/backups/FINAL_SYSTEM_BACKUP_3_20260612_054242/backups/FINAL_SYSTEM_BACKUP_3_20260612_054242/backups/FINAL_SYSTEM_BACKUP_3_20260612_054242/backups/FINAL_SYSTEM_BACKUP_3_20260612_054242/backups/FINAL_SYSTEM_BACKUP_3_20260612_054242/backups/FINAL_SYSTEM_BACKUP_3_20260612_054242/backups/FINAL_SYSTEM_BACKUP_3_20260612_054242/backups/FINAL_SYSTEM_BACKUP_3_20260612_054242/backups/FINAL_SYSTEM_BACKUP_3_20260612_054242/backups/FINAL_SYSTEM_BACKUP_3_20260612_054242/backups/FINAL_SYSTEM_BACKUP_3_20260612_054242/backups/FINAL_SYSTEM_BACKUP_3_20260612_054242/backups/FINAL_SYSTEM_BACKUP_3_20260612_054242/backups/FINAL_SYSTEM_BACKUP_3_20260612_054242/backups/FINAL_SYSTEM_BACKUP_3_20260612_054242/backups/FINAL_SYSTEM_BACKUP_3_20260612_054242/backups/FINAL_SYSTEM_BACKUP_3_20260612_054242/backups/FINAL_SYSTEM_BACKUP_3_20260612_054242/backups/FINAL_SYSTEM_BACKUP_3_20260612_054242/backups/FINAL_SYSTEM_BACKUP_3_20260612_054242/backups/FINAL_SYSTEM_BACKUP_3_20260612_054242/backups/FINAL_SYSTEM_BACKUP_3_20260612_054242/backups/FINAL_SYSTEM_BACKUP_3_20260612_054242/backups/FINAL_SYSTEM_BACKUP_3_20260612_054242/backups/old_images_20260609_071029,old_images_20260609_071029,application/vnd.google-apps.folder,,2026-06-09T07:10:29.000Z
1tSqGgO9qI5wL_sSLMZeMn9JGUjygE-wt,ROOT/backups/FINAL_SYSTEM_BACKUP_3_20260612_054242/backups/FINAL_SYSTEM_BACKUP_3_20260612_054242/backups/FINAL_SYSTEM_BACKUP_3_20260612_054242/backups/FINAL_SYSTEM_BACKUP_3_20260612_054242/backups/FINAL_SYSTEM_BACKUP_3_20260612_054242/backups/FINAL_SYSTEM_BACKUP_3_20260612_054242/backups/FINAL_SYSTEM_BACKUP_3_20260612_054242/backups/FINAL_SYSTEM_BACKUP_3_20260612_054242/backups/FINAL_SYSTEM_BACKUP_3_20260612_054242/backups/FINAL_SYSTEM_BACKUP_3_20260612_054242/backups/FINAL_SYSTEM_BACKUP_3_20260612_054242/backups/FINAL_SYSTEM_BACKUP_3_20260612_054242/backups/FINAL_SYSTEM_BACKUP_3_20260612_054242/backups/FINAL_SYSTEM_BACKUP_3_20260612_054242/backups/FINAL_SYSTEM_BACKUP_3_20260612_054242/backups/FINAL_SYSTEM_BACKUP_3_20260612_054242/backups/FINAL_SYSTEM_BACKUP_3_20260612_054242/backups/FINAL_SYSTEM_BACKUP_3_20260612_054242/backups/FINAL_SYSTEM_BACKUP_3_20260612_054242/backups/FINAL_SYSTEM_BACKUP_3_20260612_054242/backups/FINAL_SYSTEM_BACKUP_3_20260612_054242/backups/FINAL_SYSTEM_BACKUP_3_20260612_054242/backups/FINAL_SYSTEM_BACKUP_3_20260612_054242/backups/FINAL_SYSTEM_BACKUP_3_20260612_054242/backups/FINAL_SYSTEM_BACKUP_3_20260612_054242/backups/full_backup_20260608_225815,full_backup_20260608_225815,application/vnd.google-apps.folder,,2026-06-08T22:58:15.000Z
1dZcUFFnm6eJK4cqvdkJvBHjgjPDaI2XS,ROOT/backups/FINAL_SYSTEM_BACKUP_3_20260612_054242/backups/FINAL_SYSTEM_BACKUP_3_20260612_054242/backups/FINAL_SYSTEM_BACKUP_3_20260612_054242/backups/FINAL_SYSTEM_BACKUP_3_20260612_054242/backups/FINAL_SYSTEM_BACKUP_3_20260612_054242/backups/FINAL_SYSTEM_BACKUP_3_20260612_054242/backups/FINAL_SYSTEM_BACKUP_3_20260612_054242/backups/FINAL_SYSTEM_BACKUP_3_20260612_054242/backups/FINAL_SYSTEM_BACKUP_3_20260612_054242/backups/FINAL_SYSTEM_BACKUP_3_20260612_054242/backups/FINAL_SYSTEM_BACKUP_3_20260612_054242/backups/FINAL_SYSTEM_BACKUP_3_20260612_054242/backups/FINAL_SYSTEM_BACKUP_3_20260612_054242/backups/FINAL_SYSTEM_BACKUP_3_20260612_054242/backups/FINAL_SYSTEM_BACKUP_3_20260612_054242/backups/FINAL_SYSTEM_BACKUP_3_20260612_054242/backups/FINAL_SYSTEM_BACKUP_3_20260612_054242/backups/FINAL_SYSTEM_BACKUP_3_20260612_054242/backups/FINAL_SYSTEM_BACKUP_3_20260612_054242/backups/FINAL_SYSTEM_BACKUP_3_20260612_054242/backups/FINAL_SYSTEM_BACKUP_3_20260612_054242/backups/FINAL_SYSTEM_BACKUP_3_20260612_054242/backups/FINAL_SYSTEM_BACKUP_3_20260612_054242/backups/FINAL_SYSTEM_BACKUP_3_20260612_054242/backups/FINAL_SYSTEM_BACKUP_3_20260612_054242/backups/full_backup_20260608_225815/secrets,secrets,application/vnd.google-apps.folder,,2026-06-08T21:02:21.000Z
1dYXuPjgg2mpKhJ4QRxzdDHEYsJQTr-I5,ROOT/backups/FINAL_SYSTEM_BACKUP_3_20260612_054242/backups/FINAL_SYSTEM_BACKUP_3_20260612_054242/backups/FINAL_SYSTEM_BACKUP_3_20260612_054242/backups/FINAL_SYSTEM_BACKUP_3_20260612_054242/backups/FINAL_SYSTEM_BACKUP_3_20260612_054242/backups/FINAL_SYSTEM_BACKUP_3_20260612_054242/backups/FINAL_SYSTEM_BACKUP_3_20260612_054242/backups/FINAL_SYSTEM_BACKUP_3_20260612_054242/backups/FINAL_SYSTEM_BACKUP_3_20260612_054242/backups/FINAL_SYSTEM_BACKUP_3_20260612_054242/backups/FINAL_SYSTEM_BACKUP_3_20260612_054242/backups/FINAL_SYSTEM_BACKUP_3_20260612_054242/backups/FINAL_SYSTEM_BACKUP_3_20260612_054242/backups/FINAL_SYSTEM_BACKUP_3_20260612_054242/backups/FINAL_SYSTEM_BACKUP_3_20260612_054242/backups/FINAL_SYSTEM_BACKUP_3_20260612_054242/backups/FINAL_SYSTEM_BACKUP_3_20260612_054242/backups/FINAL_SYSTEM_BACKUP_3_20260612_054242/backups/FINAL_SYSTEM_BACKUP_3_20260612_054242/backups/FINAL_SYSTEM_BACKUP_3_20260612_054242/backups/FINAL_SYSTEM_BACKUP_3_20260612_054242/backups/FINAL_SYSTEM_BACKUP_3_20260612_054242/backups/FINAL_SYSTEM_BACKUP_3_20260612_054242/backups/FINAL_SYSTEM_BACKUP_3_20260612_054242/backups/FINAL_SYSTEM_BACKUP_3_20260612_054242/backups/full_backup_20260608_225815/bilder,bilder,application/vnd.google-apps.folder,,2026-06-08T05:51:42.000Z
1KWjT2qZ3v2iwEjMtTUfcaliuNo6eiR8P,ROOT/backups/FINAL_SYSTEM_BACKUP_3_20260612_054242/backups/FINAL_SYSTEM_BACKUP_3_20260612_054242/backups/FINAL_SYSTEM_BACKUP_3_20260612_054242/backups/FINAL_SYSTEM_BACKUP_3_20260612_054242/backups/FINAL_SYSTEM_BACKUP_3_20260612_054242/backups/FINAL_SYSTEM_BACKUP_3_20260612_054242/backups/FINAL_SYSTEM_BACKUP_3_20260612_054242/backups/FINAL_SYSTEM_BACKUP_3_20260612_054242/backups/FINAL_SYSTEM_BACKUP_3_20260612_054242/backups/FINAL_SYSTEM_BACKUP_3_20260612_054242/backups/FINAL_SYSTEM_BACKUP_3_20260612_054242/backups/FINAL_SYSTEM_BACKUP_3_20260612_054242/backups/FINAL_SYSTEM_BACKUP_3_20260612_054242/backups/FINAL_SYSTEM_BACKUP_3_20260612_054242/backups/FINAL_SYSTEM_BACKUP_3_20260612_054242/backups/FINAL_SYSTEM_BACKUP_3_20260612_054242/backups/FINAL_SYSTEM_BACKUP_3_20260612_054242/backups/FINAL_SYSTEM_BACKUP_3_20260612_054242/backups/FINAL_SYSTEM_BACKUP_3_20260612_054242/backups/FINAL_SYSTEM_BACKUP_3_20260612_054242/backups/FINAL_SYSTEM_BACKUP_3_20260612_054242/backups/FINAL_SYSTEM_BACKUP_3_20260612_054242/backups/FINAL_SYSTEM_BACKUP_3_20260612_054242/backups/FINAL_SYSTEM_BACKUP_3_20260612_054242/backups/FINAL_SYSTEM_BACKUP_3_20260612_054242/bilder,bilder,application/vnd.google-apps.folder,,2026-06-12T05:42:43.000Z
1rb4OmXrwMdkuCOisQFeQKIXQVR3WTzzo,ROOT/backups/FINAL_SYSTEM_BACKUP_3_20260612_054242/backups/FINAL_SYSTEM_BACKUP_3_20260612_054242/backups/FINAL_SYSTEM_BACKUP_3_20260612_054242/backups/FINAL_SYSTEM_BACKUP_3_20260612_054242/backups/FINAL_SYSTEM_BACKUP_3_20260612_054242/backups/FINAL_SYSTEM_BACKUP_3_20260612_054242/backups/FINAL_SYSTEM_BACKUP_3_20260612_054242/backups/FINAL_SYSTEM_BACKUP_3_20260612_054242/backups/FINAL_SYSTEM_BACKUP_3_20260612_054242/backups/FINAL_SYSTEM_BACKUP_3_20260612_054242/backups/FINAL_SYSTEM_BACKUP_3_20260612_054242/backups/FINAL_SYSTEM_BACKUP_3_20260612_054242/backups/FINAL_SYSTEM_BACKUP_3_20260612_054242/backups/FINAL_SYSTEM_BACKUP_3_20260612_054242/backups/FINAL_SYSTEM_BACKUP_3_20260612_054242/backups/FINAL_SYSTEM_BACKUP_3_20260612_054242/backups/FINAL_SYSTEM_BACKUP_3_20260612_054242/backups/FINAL_SYSTEM_BACKUP_3_20260612_054242/backups/FINAL_SYSTEM_BACKUP_3_20260612_054242/backups/FINAL_SYSTEM_BACKUP_3_20260612_054242/backups/FINAL_SYSTEM_BACKUP_3_20260612_054242/backups/FINAL_SYSTEM_BACKUP_3_20260612_054242/backups/FINAL_SYSTEM_BACKUP_3_20260612_054242/backups/FINAL_SYSTEM_BACKUP_3_20260612_054242/backups/FINAL_SYSTEM_BACKUP_3_20260612_054242/bilder/produkte,produkte,application/vnd.google-apps.folder,,2026-06-09T07:10:29.000Z
1kKJ1pM1uXez0rNULnSQFdm-iByK4RdV9,ROOT/backups/FINAL_SYSTEM_BACKUP_3_20260612_054242/backups/FINAL_SYSTEM_BACKUP_3_20260612_054242/backups/FINAL_SYSTEM_BACKUP_3_20260612_054242/backups/FINAL_SYSTEM_BACKUP_3_20260612_054242/backups/FINAL_SYSTEM_BACKUP_3_20260612_054242/backups/FINAL_SYSTEM_BACKUP_3_20260612_054242/backups/FINAL_SYSTEM_BACKUP_3_20260612_054242/backups/FINAL_SYSTEM_BACKUP_3_20260612_054242/backups/FINAL_SYSTEM_BACKUP_3_20260612_054242/backups/FINAL_SYSTEM_BACKUP_3_20260612_054242/backups/FINAL_SYSTEM_BACKUP_3_20260612_054242/backups/FINAL_SYSTEM_BACKUP_3_20260612_054242/backups/FINAL_SYSTEM_BACKUP_3_20260612_054242/backups/FINAL_SYSTEM_BACKUP_3_20260612_054242/backups/FINAL_SYSTEM_BACKUP_3_20260612_054242/backups/FINAL_SYSTEM_BACKUP_3_20260612_054242/backups/FINAL_SYSTEM_BACKUP_3_20260612_054242/backups/FINAL_SYSTEM_BACKUP_3_20260612_054242/backups/FINAL_SYSTEM_BACKUP_3_20260612_054242/backups/FINAL_SYSTEM_BACKUP_3_20260612_054242/backups/FINAL_SYSTEM_BACKUP_3_20260612_054242/backups/FINAL_SYSTEM_BACKUP_3_20260612_054242/backups/FINAL_SYSTEM_BACKUP_3_20260612_054242/backups/FINAL_SYSTEM_BACKUP_3_20260612_054242/backups/old_images_20260609_071029,old_images_20260609_071029,application/vnd.google-apps.folder,,2026-06-09T07:10:29.000Z
1KQQFhutC-caMUfUwIfVEFqDTqu6I_1w5,ROOT/backups/FINAL_SYSTEM_BACKUP_3_20260612_054242/backups/FINAL_SYSTEM_BACKUP_3_20260612_054242/backups/FINAL_SYSTEM_BACKUP_3_20260612_054242/backups/FINAL_SYSTEM_BACKUP_3_20260612_054242/backups/FINAL_SYSTEM_BACKUP_3_20260612_054242/backups/FINAL_SYSTEM_BACKUP_3_20260612_054242/backups/FINAL_SYSTEM_BACKUP_3_20260612_054242/backups/FINAL_SYSTEM_BACKUP_3_20260612_054242/backups/FINAL_SYSTEM_BACKUP_3_20260612_054242/backups/FINAL_SYSTEM_BACKUP_3_20260612_054242/backups/FINAL_SYSTEM_BACKUP_3_20260612_054242/backups/FINAL_SYSTEM_BACKUP_3_20260612_054242/backups/FINAL_SYSTEM_BACKUP_3_20260612_054242/backups/FINAL_SYSTEM_BACKUP_3_20260612_054242/backups/FINAL_SYSTEM_BACKUP_3_20260612_054242/backups/FINAL_SYSTEM_BACKUP_3_20260612_054242/backups/FINAL_SYSTEM_BACKUP_3_20260612_054242/backups/FINAL_SYSTEM_BACKUP_3_20260612_054242/backups/FINAL_SYSTEM_BACKUP_3_20260612_054242/backups/FINAL_SYSTEM_BACKUP_3_20260612_054242/backups/FINAL_SYSTEM_BACKUP_3_20260612_054242/backups/FINAL_SYSTEM_BACKUP_3_20260612_054242/backups/FINAL_SYSTEM_BACKUP_3_20260612_054242/backups/FINAL_SYSTEM_BACKUP_3_20260612_054242/backups/full_backup_20260608_225815,full_backup_20260608_225815,application/vnd.google-apps.folder,,2026-06-08T22:58:15.000Z
1NnFTyVcNc0d_bCpJFKY3wI-p4lTd3z47,ROOT/backups/FINAL_SYSTEM_BACKUP_3_20260612_054242/backups/FINAL_SYSTEM_BACKUP_3_20260612_054242/backups/FINAL_SYSTEM_BACKUP_3_20260612_054242/backups/FINAL_SYSTEM_BACKUP_3_20260612_054242/backups/FINAL_SYSTEM_BACKUP_3_20260612_054242/backups/FINAL_SYSTEM_BACKUP_3_20260612_054242/backups/FINAL_SYSTEM_BACKUP_3_20260612_054242/backups/FINAL_SYSTEM_BACKUP_3_20260612_054242/backups/FINAL_SYSTEM_BACKUP_3_20260612_054242/backups/FINAL_SYSTEM_BACKUP_3_20260612_054242/backups/FINAL_SYSTEM_BACKUP_3_20260612_054242/backups/FINAL_SYSTEM_BACKUP_3_20260612_054242/backups/FINAL_SYSTEM_BACKUP_3_20260612_054242/backups/FINAL_SYSTEM_BACKUP_3_20260612_054242/backups/FINAL_SYSTEM_BACKUP_3_20260612_054242/backups/FINAL_SYSTEM_BACKUP_3_20260612_054242/backups/FINAL_SYSTEM_BACKUP_3_20260612_054242/backups/FINAL_SYSTEM_BACKUP_3_20260612_054242/backups/FINAL_SYSTEM_BACKUP_3_20260612_054242/backups/FINAL_SYSTEM_BACKUP_3_20260612_054242/backups/FINAL_SYSTEM_BACKUP_3_20260612_054242/backups/FINAL_SYSTEM_BACKUP_3_20260612_054242/backups/FINAL_SYSTEM_BACKUP_3_20260612_054242/backups/FINAL_SYSTEM_BACKUP_3_20260612_054242/backups/full_backup_20260608_225815/secrets,secrets,application/vnd.google-apps.folder,,2026-06-08T21:02:21.000Z
13BeApcT9y4fe7HhHdOj1BsFfkXOGaA3h,ROOT/backups/FINAL_SYSTEM_BACKUP_3_20260612_054242/backups/FINAL_SYSTEM_BACKUP_3_20260612_054242/backups/FINAL_SYSTEM_BACKUP_3_20260612_054242/backups/FINAL_SYSTEM_BACKUP_3_20260612_054242/backups/FINAL_SYSTEM_BACKUP_3_20260612_054242/backups/FINAL_SYSTEM_BACKUP_3_20260612_054242/backups/FINAL_SYSTEM_BACKUP_3_20260612_054242/backups/FINAL_SYSTEM_BACKUP_3_20260612_054242/backups/FINAL_SYSTEM_BACKUP_3_20260612_054242/backups/FINAL_SYSTEM_BACKUP_3_20260612_054242/backups/FINAL_SYSTEM_BACKUP_3_20260612_054242/backups/FINAL_SYSTEM_BACKUP_3_20260612_054242/backups/FINAL_SYSTEM_BACKUP_3_20260612_054242/backups/FINAL_SYSTEM_BACKUP_3_20260612_054242/backups/FINAL_SYSTEM_BACKUP_3_20260612_054242/backups/FINAL_SYSTEM_BACKUP_3_20260612_054242/backups/FINAL_SYSTEM_BACKUP_3_20260612_054242/backups/FINAL_SYSTEM_BACKUP_3_20260612_054242/backups/FINAL_SYSTEM_BACKUP_3_20260612_054242/backups/FINAL_SYSTEM_BACKUP_3_20260612_054242/backups/FINAL_SYSTEM_BACKUP_3_20260612_054242/backups/FINAL_SYSTEM_BACKUP_3_20260612_054242/backups/FINAL_SYSTEM_BACKUP_3_20260612_054242/backups/FINAL_SYSTEM_BACKUP_3_20260612_054242/backups/full_backup_20260608_225815/bilder,bilder,application/vnd.google-apps.folder,,2026-06-08T05:51:42.000Z
1FUerpttrrFeGwYeT8W7uZvJpnvkbGTjT,ROOT/backups/FINAL_SYSTEM_BACKUP_3_20260612_054242/backups/FINAL_SYSTEM_BACKUP_3_20260612_054242/backups/FINAL_SYSTEM_BACKUP_3_20260612_054242/backups/FINAL_SYSTEM_BACKUP_3_20260612_054242/backups/FINAL_SYSTEM_BACKUP_3_20260612_054242/backups/FINAL_SYSTEM_BACKUP_3_20260612_054242/backups/FINAL_SYSTEM_BACKUP_3_20260612_054242/backups/FINAL_SYSTEM_BACKUP_3_20260612_054242/backups/FINAL_SYSTEM_BACKUP_3_20260612_054242/backups/FINAL_SYSTEM_BACKUP_3_20260612_054242/backups/FINAL_SYSTEM_BACKUP_3_20260612_054242/backups/FINAL_SYSTEM_BACKUP_3_20260612_054242/backups/FINAL_SYSTEM_BACKUP_3_20260612_054242/backups/FINAL_SYSTEM_BACKUP_3_20260612_054242/backups/FINAL_SYSTEM_BACKUP_3_20260612_054242/backups/FINAL_SYSTEM_BACKUP_3_20260612_054242/backups/FINAL_SYSTEM_BACKUP_3_20260612_054242/backups/FINAL_SYSTEM_BACKUP_3_20260612_054242/backups/FINAL_SYSTEM_BACKUP_3_20260612_054242/backups/FINAL_SYSTEM_BACKUP_3_20260612_054242/backups/FINAL_SYSTEM_BACKUP_3_20260612_054242/backups/FINAL_SYSTEM_BACKUP_3_20260612_054242/backups/FINAL_SYSTEM_BACKUP_3_20260612_054242/backups/FINAL_SYSTEM_BACKUP_3_20260612_054242/bilder,bilder,application/vnd.google-apps.folder,,2026-06-12T05:42:43.000Z
1J9zW9VxgpOk50W6zHK8lI-bRtoHCkvaZ,ROOT/backups/FINAL_SYSTEM_BACKUP_3_20260612_054242/backups/FINAL_SYSTEM_BACKUP_3_20260612_054242/backups/FINAL_SYSTEM_BACKUP_3_20260612_054242/backups/FINAL_SYSTEM_BACKUP_3_20260612_054242/backups/FINAL_SYSTEM_BACKUP_3_20260612_054242/backups/FINAL_SYSTEM_BACKUP_3_20260612_054242/backups/FINAL_SYSTEM_BACKUP_3_20260612_054242/backups/FINAL_SYSTEM_BACKUP_3_20260612_054242/backups/FINAL_SYSTEM_BACKUP_3_20260612_054242/backups/FINAL_SYSTEM_BACKUP_3_20260612_054242/backups/FINAL_SYSTEM_BACKUP_3_20260612_054242/backups/FINAL_SYSTEM_BACKUP_3_20260612_054242/backups/FINAL_SYSTEM_BACKUP_3_20260612_054242/backups/FINAL_SYSTEM_BACKUP_3_20260612_054242/backups/FINAL_SYSTEM_BACKUP_3_20260612_054242/backups/FINAL_SYSTEM_BACKUP_3_20260612_054242/backups/FINAL_SYSTEM_BACKUP_3_20260612_054242/backups/FINAL_SYSTEM_BACKUP_3_20260612_054242/backups/FINAL_SYSTEM_BACKUP_3_20260612_054242/backups/FINAL_SYSTEM_BACKUP_3_20260612_054242/backups/FINAL_SYSTEM_BACKUP_3_20260612_054242/backups/FINAL_SYSTEM_BACKUP_3_20260612_054242/backups/FINAL_SYSTEM_BACKUP_3_20260612_054242/backups/FINAL_SYSTEM_BACKUP_3_20260612_054242/bilder/produkte,produkte,application/vnd.google-apps.folder,,2026-06-09T07:10:29.000Z
1YIhjV-FrQr0REjR0m7wMcYVirSi3_4zb,ROOT/backups/FINAL_SYSTEM_BACKUP_3_20260612_054242/backups/FINAL_SYSTEM_BACKUP_3_20260612_054242/backups/FINAL_SYSTEM_BACKUP_3_20260612_054242/backups/FINAL_SYSTEM_BACKUP_3_20260612_054242/backups/FINAL_SYSTEM_BACKUP_3_20260612_054242/backups/FINAL_SYSTEM_BACKUP_3_20260612_054242/backups/FINAL_SYSTEM_BACKUP_3_20260612_054242/backups/FINAL_SYSTEM_BACKUP_3_20260612_054242/backups/FINAL_SYSTEM_BACKUP_3_20260612_054242/backups/FINAL_SYSTEM_BACKUP_3_20260612_054242/backups/FINAL_SYSTEM_BACKUP_3_20260612_054242/backups/FINAL_SYSTEM_BACKUP_3_20260612_054242/backups/FINAL_SYSTEM_BACKUP_3_20260612_054242/backups/FINAL_SYSTEM_BACKUP_3_20260612_054242/backups/FINAL_SYSTEM_BACKUP_3_20260612_054242/backups/FINAL_SYSTEM_BACKUP_3_20260612_054242/backups/FINAL_SYSTEM_BACKUP_3_20260612_054242/backups/FINAL_SYSTEM_BACKUP_3_20260612_054242/backups/FINAL_SYSTEM_BACKUP_3_20260612_054242/backups/FINAL_SYSTEM_BACKUP_3_20260612_054242/backups/FINAL_SYSTEM_BACKUP_3_20260612_054242/backups/FINAL_SYSTEM_BACKUP_3_20260612_054242/backups/FINAL_SYSTEM_BACKUP_3_20260612_054242/backups/old_images_20260609_071029,old_images_20260609_071029,application/vnd.google-apps.folder,,2026-06-09T07:10:29.000Z
1x2VjVtgE7bGBrC3MY-cpT44_P3jWNF7z,ROOT/backups/FINAL_SYSTEM_BACKUP_3_20260612_054242/backups/FINAL_SYSTEM_BACKUP_3_20260612_054242/backups/FINAL_SYSTEM_BACKUP_3_20260612_054242/backups/FINAL_SYSTEM_BACKUP_3_20260612_054242/backups/FINAL_SYSTEM_BACKUP_3_20260612_054242/backups/FINAL_SYSTEM_BACKUP_3_20260612_054242/backups/FINAL_SYSTEM_BACKUP_3_20260612_054242/backups/FINAL_SYSTEM_BACKUP_3_20260612_054242/backups/FINAL_SYSTEM_BACKUP_3_20260612_054242/backups/FINAL_SYSTEM_BACKUP_3_20260612_054242/backups/FINAL_SYSTEM_BACKUP_3_20260612_054242/backups/FINAL_SYSTEM_BACKUP_3_20260612_054242/backups/FINAL_SYSTEM_BACKUP_3_20260612_054242/backups/FINAL_SYSTEM_BACKUP_3_20260612_054242/backups/FINAL_SYSTEM_BACKUP_3_20260612_054242/backups/FINAL_SYSTEM_BACKUP_3_20260612_054242/backups/FINAL_SYSTEM_BACKUP_3_20260612_054242/backups/FINAL_SYSTEM_BACKUP_3_20260612_054242/backups/FINAL_SYSTEM_BACKUP_3_20260612_054242/backups/FINAL_SYSTEM_BACKUP_3_20260612_054242/backups/FINAL_SYSTEM_BACKUP_3_20260612_054242/backups/FINAL_SYSTEM_BACKUP_3_20260612_054242/backups/FINAL_SYSTEM_BACKUP_3_20260612_054242/backups/full_backup_20260608_225815,full_backup_20260608_225815,application/vnd.google-apps.folder,,2026-06-08T22:58:15.000Z
1wiaYPN2GesZdqnNFTEpey3UB1AexKjkY,ROOT/backups/FINAL_SYSTEM_BACKUP_3_20260612_054242/backups/FINAL_SYSTEM_BACKUP_3_20260612_054242/backups/FINAL_SYSTEM_BACKUP_3_20260612_054242/backups/FINAL_SYSTEM_BACKUP_3_20260612_054242/backups/FINAL_SYSTEM_BACKUP_3_20260612_054242/backups/FINAL_SYSTEM_BACKUP_3_20260612_054242/backups/FINAL_SYSTEM_BACKUP_3_20260612_054242/backups/FINAL_SYSTEM_BACKUP_3_20260612_054242/backups/FINAL_SYSTEM_BACKUP_3_20260612_054242/backups/FINAL_SYSTEM_BACKUP_3_20260612_054242/backups/FINAL_SYSTEM_BACKUP_3_20260612_054242/backups/FINAL_SYSTEM_BACKUP_3_20260612_054242/backups/FINAL_SYSTEM_BACKUP_3_20260612_054242/backups/FINAL_SYSTEM_BACKUP_3_20260612_054242/backups/FINAL_SYSTEM_BACKUP_3_20260612_054242/backups/FINAL_SYSTEM_BACKUP_3_20260612_054242/backups/FINAL_SYSTEM_BACKUP_3_20260612_054242/backups/FINAL_SYSTEM_BACKUP_3_20260612_054242/backups/FINAL_SYSTEM_BACKUP_3_20260612_054242/backups/FINAL_SYSTEM_BACKUP_3_20260612_054242/backups/FINAL_SYSTEM_BACKUP_3_20260612_054242/backups/FINAL_SYSTEM_BACKUP_3_20260612_054242/backups/FINAL_SYSTEM_BACKUP_3_20260612_054242/backups/full_backup_20260608_225815/secrets,secrets,application/vnd.google-apps.folder,,2026-06-08T21:02:21.000Z
1Deoq6DOb9rcwJzvx6DVzae_QHRJrlqw8,ROOT/backups/FINAL_SYSTEM_BACKUP_3_20260612_054242/backups/FINAL_SYSTEM_BACKUP_3_20260612_054242/backups/FINAL_SYSTEM_BACKUP_3_20260612_054242/backups/FINAL_SYSTEM_BACKUP_3_20260612_054242/backups/FINAL_SYSTEM_BACKUP_3_20260612_054242/backups/FINAL_SYSTEM_BACKUP_3_20260612_054242/backups/FINAL_SYSTEM_BACKUP_3_20260612_054242/backups/FINAL_SYSTEM_BACKUP_3_20260612_054242/backups/FINAL_SYSTEM_BACKUP_3_20260612_054242/backups/FINAL_SYSTEM_BACKUP_3_20260612_054242/backups/FINAL_SYSTEM_BACKUP_3_20260612_054242/backups/FINAL_SYSTEM_BACKUP_3_20260612_054242/backups/FINAL_SYSTEM_BACKUP_3_20260612_054242/backups/FINAL_SYSTEM_BACKUP_3_20260612_054242/backups/FINAL_SYSTEM_BACKUP_3_20260612_054242/backups/FINAL_SYSTEM_BACKUP_3_20260612_054242/backups/FINAL_SYSTEM_BACKUP_3_20260612_054242/backups/FINAL_SYSTEM_BACKUP_3_20260612_054242/backups/FINAL_SYSTEM_BACKUP_3_20260612_054242/backups/FINAL_SYSTEM_BACKUP_3_20260612_054242/backups/FINAL_SYSTEM_BACKUP_3_20260612_054242/backups/FINAL_SYSTEM_BACKUP_3_20260612_054242/backups/FINAL_SYSTEM_BACKUP_3_20260612_054242/backups/full_backup_20260608_225815/bilder,bilder,application/vnd.google-apps.folder,,2026-06-08T05:51:42.000Z
1pcW2oET331-ItlfIuVF9qrDbUT9_f9r2,ROOT/backups/FINAL_SYSTEM_BACKUP_3_20260612_054242/backups/FINAL_SYSTEM_BACKUP_3_20260612_054242/backups/FINAL_SYSTEM_BACKUP_3_20260612_054242/backups/FINAL_SYSTEM_BACKUP_3_20260612_054242/backups/FINAL_SYSTEM_BACKUP_3_20260612_054242/backups/FINAL_SYSTEM_BACKUP_3_20260612_054242/backups/FINAL_SYSTEM_BACKUP_3_20260612_054242/backups/FINAL_SYSTEM_BACKUP_3_20260612_054242/backups/FINAL_SYSTEM_BACKUP_3_20260612_054242/backups/FINAL_SYSTEM_BACKUP_3_20260612_054242/backups/FINAL_SYSTEM_BACKUP_3_20260612_054242/backups/FINAL_SYSTEM_BACKUP_3_20260612_054242/backups/FINAL_SYSTEM_BACKUP_3_20260612_054242/backups/FINAL_SYSTEM_BACKUP_3_20260612_054242/backups/FINAL_SYSTEM_BACKUP_3_20260612_054242/backups/FINAL_SYSTEM_BACKUP_3_20260612_054242/backups/FINAL_SYSTEM_BACKUP_3_20260612_054242/backups/FINAL_SYSTEM_BACKUP_3_20260612_054242/backups/FINAL_SYSTEM_BACKUP_3_20260612_054242/backups/FINAL_SYSTEM_BACKUP_3_20260612_054242/backups/FINAL_SYSTEM_BACKUP_3_20260612_054242/backups/FINAL_SYSTEM_BACKUP_3_20260612_054242/backups/FINAL_SYSTEM_BACKUP_3_20260612_054242/bilder,bilder,application/vnd.google-apps.folder,,2026-06-12T05:42:43.000Z
1BLfUlZc5ERNVVdEvUYxrm5gc7OhNpO3q,ROOT/backups/FINAL_SYSTEM_BACKUP_3_20260612_054242/backups/FINAL_SYSTEM_BACKUP_3_20260612_054242/backups/FINAL_SYSTEM_BACKUP_3_20260612_054242/backups/FINAL_SYSTEM_BACKUP_3_20260612_054242/backups/FINAL_SYSTEM_BACKUP_3_20260612_054242/backups/FINAL_SYSTEM_BACKUP_3_20260612_054242/backups/FINAL_SYSTEM_BACKUP_3_20260612_054242/backups/FINAL_SYSTEM_BACKUP_3_20260612_054242/backups/FINAL_SYSTEM_BACKUP_3_20260612_054242/backups/FINAL_SYSTEM_BACKUP_3_20260612_054242/backups/FINAL_SYSTEM_BACKUP_3_20260612_054242/backups/FINAL_SYSTEM_BACKUP_3_20260612_054242/backups/FINAL_SYSTEM_BACKUP_3_20260612_054242/backups/FINAL_SYSTEM_BACKUP_3_20260612_054242/backups/FINAL_SYSTEM_BACKUP_3_20260612_054242/backups/FINAL_SYSTEM_BACKUP_3_20260612_054242/backups/FINAL_SYSTEM_BACKUP_3_20260612_054242/backups/FINAL_SYSTEM_BACKUP_3_20260612_054242/backups/FINAL_SYSTEM_BACKUP_3_20260612_054242/backups/FINAL_SYSTEM_BACKUP_3_20260612_054242/backups/FINAL_SYSTEM_BACKUP_3_20260612_054242/backups/FINAL_SYSTEM_BACKUP_3_20260612_054242/backups/FINAL_SYSTEM_BACKUP_3_20260612_054242/bilder/produkte,produkte,application/vnd.google-apps.folder,,2026-06-09T07:10:29.000Z
1PZVWfSUH6ZI6vKp7mgzEA9bLSkyU_1-5,ROOT/backups/FINAL_SYSTEM_BACKUP_3_20260612_054242/backups/FINAL_SYSTEM_BACKUP_3_20260612_054242/backups/FINAL_SYSTEM_BACKUP_3_20260612_054242/backups/FINAL_SYSTEM_BACKUP_3_20260612_054242/backups/FINAL_SYSTEM_BACKUP_3_20260612_054242/backups/FINAL_SYSTEM_BACKUP_3_20260612_054242/backups/FINAL_SYSTEM_BACKUP_3_20260612_054242/backups/FINAL_SYSTEM_BACKUP_3_20260612_054242/backups/FINAL_SYSTEM_BACKUP_3_20260612_054242/backups/FINAL_SYSTEM_BACKUP_3_20260612_054242/backups/FINAL_SYSTEM_BACKUP_3_20260612_054242/backups/FINAL_SYSTEM_BACKUP_3_20260612_054242/backups/FINAL_SYSTEM_BACKUP_3_20260612_054242/backups/FINAL_SYSTEM_BACKUP_3_20260612_054242/backups/FINAL_SYSTEM_BACKUP_3_20260612_054242/backups/FINAL_SYSTEM_BACKUP_3_20260612_054242/backups/FINAL_SYSTEM_BACKUP_3_20260612_054242/backups/FINAL_SYSTEM_BACKUP_3_20260612_054242/backups/FINAL_SYSTEM_BACKUP_3_20260612_054242/backups/FINAL_SYSTEM_BACKUP_3_20260612_054242/backups/FINAL_SYSTEM_BACKUP_3_20260612_054242/backups/FINAL_SYSTEM_BACKUP_3_20260612_054242/backups/old_images_20260609_071029,old_images_20260609_071029,application/vnd.google-apps.folder,,2026-06-09T07:10:29.000Z
1IxwH-3zGCS5d7_e91oxutWjblBdp822p,ROOT/backups/FINAL_SYSTEM_BACKUP_3_20260612_054242/backups/FINAL_SYSTEM_BACKUP_3_20260612_054242/backups/FINAL_SYSTEM_BACKUP_3_20260612_054242/backups/FINAL_SYSTEM_BACKUP_3_20260612_054242/backups/FINAL_SYSTEM_BACKUP_3_20260612_054242/backups/FINAL_SYSTEM_BACKUP_3_20260612_054242/backups/FINAL_SYSTEM_BACKUP_3_20260612_054242/backups/FINAL_SYSTEM_BACKUP_3_20260612_054242/backups/FINAL_SYSTEM_BACKUP_3_20260612_054242/backups/FINAL_SYSTEM_BACKUP_3_20260612_054242/backups/FINAL_SYSTEM_BACKUP_3_20260612_054242/backups/FINAL_SYSTEM_BACKUP_3_20260612_054242/backups/FINAL_SYSTEM_BACKUP_3_20260612_054242/backups/FINAL_SYSTEM_BACKUP_3_20260612_054242/backups/FINAL_SYSTEM_BACKUP_3_20260612_054242/backups/FINAL_SYSTEM_BACKUP_3_20260612_054242/backups/FINAL_SYSTEM_BACKUP_3_20260612_054242/backups/FINAL_SYSTEM_BACKUP_3_20260612_054242/backups/FINAL_SYSTEM_BACKUP_3_20260612_054242/backups/FINAL_SYSTEM_BACKUP_3_20260612_054242/backups/FINAL_SYSTEM_BACKUP_3_20260612_054242/backups/FINAL_SYSTEM_BACKUP_3_20260612_054242/backups/full_backup_20260608_225815,full_backup_20260608_225815,application/vnd.google-apps.folder,,2026-06-08T22:58:15.000Z
1t43e1A_L0uDcOyKQ6hkOHOhYQsXWpBK-,ROOT/backups/FINAL_SYSTEM_BACKUP_3_20260612_054242/backups/FINAL_SYSTEM_BACKUP_3_20260612_054242/backups/FINAL_SYSTEM_BACKUP_3_20260612_054242/backups/FINAL_SYSTEM_BACKUP_3_20260612_054242/backups/FINAL_SYSTEM_BACKUP_3_20260612_054242/backups/FINAL_SYSTEM_BACKUP_3_20260612_054242/backups/FINAL_SYSTEM_BACKUP_3_20260612_054242/backups/FINAL_SYSTEM_BACKUP_3_20260612_054242/backups/FINAL_SYSTEM_BACKUP_3_20260612_054242/backups/FINAL_SYSTEM_BACKUP_3_20260612_054242/backups/FINAL_SYSTEM_BACKUP_3_20260612_054242/backups/FINAL_SYSTEM_BACKUP_3_20260612_054242/backups/FINAL_SYSTEM_BACKUP_3_20260612_054242/backups/FINAL_SYSTEM_BACKUP_3_20260612_054242/backups/FINAL_SYSTEM_BACKUP_3_20260612_054242/backups/FINAL_SYSTEM_BACKUP_3_20260612_054242/backups/FINAL_SYSTEM_BACKUP_3_20260612_054242/backups/FINAL_SYSTEM_BACKUP_3_20260612_054242/backups/FINAL_SYSTEM_BACKUP_3_20260612_054242/backups/FINAL_SYSTEM_BACKUP_3_20260612_054242/backups/FINAL_SYSTEM_BACKUP_3_20260612_054242/backups/FINAL_SYSTEM_BACKUP_3_20260612_054242/backups/full_backup_20260608_225815/secrets,secrets,application/vnd.google-apps.folder,,2026-06-08T21:02:21.000Z
1imigalZB6PciA0rNXipIE2DhpLfrvqMQ,ROOT/backups/FINAL_SYSTEM_BACKUP_3_20260612_054242/backups/FINAL_SYSTEM_BACKUP_3_20260612_054242/backups/FINAL_SYSTEM_BACKUP_3_20260612_054242/backups/FINAL_SYSTEM_BACKUP_3_20260612_054242/backups/FINAL_SYSTEM_BACKUP_3_20260612_054242/backups/FINAL_SYSTEM_BACKUP_3_20260612_054242/backups/FINAL_SYSTEM_BACKUP_3_20260612_054242/backups/FINAL_SYSTEM_BACKUP_3_20260612_054242/backups/FINAL_SYSTEM_BACKUP_3_20260612_054242/backups/FINAL_SYSTEM_BACKUP_3_20260612_054242/backups/FINAL_SYSTEM_BACKUP_3_20260612_054242/backups/FINAL_SYSTEM_BACKUP_3_20260612_054242/backups/FINAL_SYSTEM_BACKUP_3_20260612_054242/backups/FINAL_SYSTEM_BACKUP_3_20260612_054242/backups/FINAL_SYSTEM_BACKUP_3_20260612_054242/backups/FINAL_SYSTEM_BACKUP_3_20260612_054242/backups/FINAL_SYSTEM_BACKUP_3_20260612_054242/backups/FINAL_SYSTEM_BACKUP_3_20260612_054242/backups/FINAL_SYSTEM_BACKUP_3_20260612_054242/backups/FINAL_SYSTEM_BACKUP_3_20260612_054242/backups/FINAL_SYSTEM_BACKUP_3_20260612_054242/backups/FINAL_SYSTEM_BACKUP_3_20260612_054242/backups/full_backup_20260608_225815/bilder,bilder,application/vnd.google-apps.folder,,2026-06-08T05:51:42.000Z
1cLPSpdR67kHenikPF9EXiWsp3F2Ab4dn,ROOT/backups/FINAL_SYSTEM_BACKUP_3_20260612_054242/backups/FINAL_SYSTEM_BACKUP_3_20260612_054242/backups/FINAL_SYSTEM_BACKUP_3_20260612_054242/backups/FINAL_SYSTEM_BACKUP_3_20260612_054242/backups/FINAL_SYSTEM_BACKUP_3_20260612_054242/backups/FINAL_SYSTEM_BACKUP_3_20260612_054242/backups/FINAL_SYSTEM_BACKUP_3_20260612_054242/backups/FINAL_SYSTEM_BACKUP_3_20260612_054242/backups/FINAL_SYSTEM_BACKUP_3_20260612_054242/backups/FINAL_SYSTEM_BACKUP_3_20260612_054242/backups/FINAL_SYSTEM_BACKUP_3_20260612_054242/backups/FINAL_SYSTEM_BACKUP_3_20260612_054242/backups/FINAL_SYSTEM_BACKUP_3_20260612_054242/backups/FINAL_SYSTEM_BACKUP_3_20260612_054242/backups/FINAL_SYSTEM_BACKUP_3_20260612_054242/backups/FINAL_SYSTEM_BACKUP_3_20260612_054242/backups/FINAL_SYSTEM_BACKUP_3_20260612_054242/backups/FINAL_SYSTEM_BACKUP_3_20260612_054242/backups/FINAL_SYSTEM_BACKUP_3_20260612_054242/backups/FINAL_SYSTEM_BACKUP_3_20260612_054242/backups/FINAL_SYSTEM_BACKUP_3_20260612_054242/backups/FINAL_SYSTEM_BACKUP_3_20260612_054242/bilder,bilder,application/vnd.google-apps.folder,,2026-06-12T05:42:43.000Z
1waiCsJ7iO-8yczQGw5r_M20NZfgAWeZc,ROOT/backups/FINAL_SYSTEM_BACKUP_3_20260612_054242/backups/FINAL_SYSTEM_BACKUP_3_20260612_054242/backups/FINAL_SYSTEM_BACKUP_3_20260612_054242/backups/FINAL_SYSTEM_BACKUP_3_20260612_054242/backups/FINAL_SYSTEM_BACKUP_3_20260612_054242/backups/FINAL_SYSTEM_BACKUP_3_20260612_054242/backups/FINAL_SYSTEM_BACKUP_3_20260612_054242/backups/FINAL_SYSTEM_BACKUP_3_20260612_054242/backups/FINAL_SYSTEM_BACKUP_3_20260612_054242/backups/FINAL_SYSTEM_BACKUP_3_20260612_054242/backups/FINAL_SYSTEM_BACKUP_3_20260612_054242/backups/FINAL_SYSTEM_BACKUP_3_20260612_054242/backups/FINAL_SYSTEM_BACKUP_3_20260612_054242/backups/FINAL_SYSTEM_BACKUP_3_20260612_054242/backups/FINAL_SYSTEM_BACKUP_3_20260612_054242/backups/FINAL_SYSTEM_BACKUP_3_20260612_054242/backups/FINAL_SYSTEM_BACKUP_3_20260612_054242/backups/FINAL_SYSTEM_BACKUP_3_20260612_054242/backups/FINAL_SYSTEM_BACKUP_3_20260612_054242/backups/FINAL_SYSTEM_BACKUP_3_20260612_054242/backups/FINAL_SYSTEM_BACKUP_3_20260612_054242/backups/FINAL_SYSTEM_BACKUP_3_20260612_054242/bilder/produkte,produkte,application/vnd.google-apps.folder,,2026-06-09T07:10:29.000Z
1YhkM1YzHn__3atsgoKX7lPmcCpPREsSw,ROOT/backups/FINAL_SYSTEM_BACKUP_3_20260612_054242/backups/FINAL_SYSTEM_BACKUP_3_20260612_054242/backups/FINAL_SYSTEM_BACKUP_3_20260612_054242/backups/FINAL_SYSTEM_BACKUP_3_20260612_054242/backups/FINAL_SYSTEM_BACKUP_3_20260612_054242/backups/FINAL_SYSTEM_BACKUP_3_20260612_054242/backups/FINAL_SYSTEM_BACKUP_3_20260612_054242/backups/FINAL_SYSTEM_BACKUP_3_20260612_054242/backups/FINAL_SYSTEM_BACKUP_3_20260612_054242/backups/FINAL_SYSTEM_BACKUP_3_20260612_054242/backups/FINAL_SYSTEM_BACKUP_3_20260612_054242/backups/FINAL_SYSTEM_BACKUP_3_20260612_054242/backups/FINAL_SYSTEM_BACKUP_3_20260612_054242/backups/FINAL_SYSTEM_BACKUP_3_20260612_054242/backups/FINAL_SYSTEM_BACKUP_3_20260612_054242/backups/FINAL_SYSTEM_BACKUP_3_20260612_054242/backups/FINAL_SYSTEM_BACKUP_3_20260612_054242/backups/FINAL_SYSTEM_BACKUP_3_20260612_054242/backups/FINAL_SYSTEM_BACKUP_3_20260612_054242/backups/FINAL_SYSTEM_BACKUP_3_20260612_054242/backups/FINAL_SYSTEM_BACKUP_3_20260612_054242/backups/old_images_20260609_071029,old_images_20260609_071029,application/vnd.google-apps.folder,,2026-06-09T07:10:29.000Z
1AB2sK3pqHQbb1D-WpFoDKKvjQ61M_jgQ,ROOT/backups/FINAL_SYSTEM_BACKUP_3_20260612_054242/backups/FINAL_SYSTEM_BACKUP_3_20260612_054242/backups/FINAL_SYSTEM_BACKUP_3_20260612_054242/backups/FINAL_SYSTEM_BACKUP_3_20260612_054242/backups/FINAL_SYSTEM_BACKUP_3_20260612_054242/backups/FINAL_SYSTEM_BACKUP_3_20260612_054242/backups/FINAL_SYSTEM_BACKUP_3_20260612_054242/backups/FINAL_SYSTEM_BACKUP_3_20260612_054242/backups/FINAL_SYSTEM_BACKUP_3_20260612_054242/backups/FINAL_SYSTEM_BACKUP_3_20260612_054242/backups/FINAL_SYSTEM_BACKUP_3_20260612_054242/backups/FINAL_SYSTEM_BACKUP_3_20260612_054242/backups/FINAL_SYSTEM_BACKUP_3_20260612_054242/backups/FINAL_SYSTEM_BACKUP_3_20260612_054242/backups/FINAL_SYSTEM_BACKUP_3_20260612_054242/backups/FINAL_SYSTEM_BACKUP_3_20260612_054242/backups/FINAL_SYSTEM_BACKUP_3_20260612_054242/backups/FINAL_SYSTEM_BACKUP_3_20260612_054242/backups/FINAL_SYSTEM_BACKUP_3_20260612_054242/backups/FINAL_SYSTEM_BACKUP_3_20260612_054242/backups/FINAL_SYSTEM_BACKUP_3_20260612_054242/backups/full_backup_20260608_225815,full_backup_20260608_225815,application/vnd.google-apps.folder,,2026-06-08T22:58:15.000Z
1TVp_aDLgWAW9pACwqx0w3PkvaPUjWu89,ROOT/backups/FINAL_SYSTEM_BACKUP_3_20260612_054242/backups/FINAL_SYSTEM_BACKUP_3_20260612_054242/backups/FINAL_SYSTEM_BACKUP_3_20260612_054242/backups/FINAL_SYSTEM_BACKUP_3_20260612_054242/backups/FINAL_SYSTEM_BACKUP_3_20260612_054242/backups/FINAL_SYSTEM_BACKUP_3_20260612_054242/backups/FINAL_SYSTEM_BACKUP_3_20260612_054242/backups/FINAL_SYSTEM_BACKUP_3_20260612_054242/backups/FINAL_SYSTEM_BACKUP_3_20260612_054242/backups/FINAL_SYSTEM_BACKUP_3_20260612_054242/backups/FINAL_SYSTEM_BACKUP_3_20260612_054242/backups/FINAL_SYSTEM_BACKUP_3_20260612_054242/backups/FINAL_SYSTEM_BACKUP_3_20260612_054242/backups/FINAL_SYSTEM_BACKUP_3_20260612_054242/backups/FINAL_SYSTEM_BACKUP_3_20260612_054242/backups/FINAL_SYSTEM_BACKUP_3_20260612_054242/backups/FINAL_SYSTEM_BACKUP_3_20260612_054242/backups/FINAL_SYSTEM_BACKUP_3_20260612_054242/backups/FINAL_SYSTEM_BACKUP_3_20260612_054242/backups/FINAL_SYSTEM_BACKUP_3_20260612_054242/backups/FINAL_SYSTEM_BACKUP_3_20260612_054242/backups/full_backup_20260608_225815/secrets,secrets,application/vnd.google-apps.folder,,2026-06-08T21:02:21.000Z
1OYjXNNWitkwH5IaQTUvBY87aDPZBkSCf,ROOT/backups/FINAL_SYSTEM_BACKUP_3_20260612_054242/backups/FINAL_SYSTEM_BACKUP_3_20260612_054242/backups/FINAL_SYSTEM_BACKUP_3_20260612_054242/backups/FINAL_SYSTEM_BACKUP_3_20260612_054242/backups/FINAL_SYSTEM_BACKUP_3_20260612_054242/backups/FINAL_SYSTEM_BACKUP_3_20260612_054242/backups/FINAL_SYSTEM_BACKUP_3_20260612_054242/backups/FINAL_SYSTEM_BACKUP_3_20260612_054242/backups/FINAL_SYSTEM_BACKUP_3_20260612_054242/backups/FINAL_SYSTEM_BACKUP_3_20260612_054242/backups/FINAL_SYSTEM_BACKUP_3_20260612_054242/backups/FINAL_SYSTEM_BACKUP_3_20260612_054242/backups/FINAL_SYSTEM_BACKUP_3_20260612_054242/backups/FINAL_SYSTEM_BACKUP_3_20260612_054242/backups/FINAL_SYSTEM_BACKUP_3_20260612_054242/backups/FINAL_SYSTEM_BACKUP_3_20260612_054242/backups/FINAL_SYSTEM_BACKUP_3_20260612_054242/backups/FINAL_SYSTEM_BACKUP_3_20260612_054242/backups/FINAL_SYSTEM_BACKUP_3_20260612_054242/backups/FINAL_SYSTEM_BACKUP_3_20260612_054242/backups/FINAL_SYSTEM_BACKUP_3_20260612_054242/backups/full_backup_20260608_225815/bilder,bilder,application/vnd.google-apps.folder,,2026-06-08T05:51:42.000Z
11bmQLnINCttn_ly0XAI4n0R769skGfRW,ROOT/backups/FINAL_SYSTEM_BACKUP_3_20260612_054242/backups/FINAL_SYSTEM_BACKUP_3_20260612_054242/backups/FINAL_SYSTEM_BACKUP_3_20260612_054242/backups/FINAL_SYSTEM_BACKUP_3_20260612_054242/backups/FINAL_SYSTEM_BACKUP_3_20260612_054242/backups/FINAL_SYSTEM_BACKUP_3_20260612_054242/backups/FINAL_SYSTEM_BACKUP_3_20260612_054242/backups/FINAL_SYSTEM_BACKUP_3_20260612_054242/backups/FINAL_SYSTEM_BACKUP_3_20260612_054242/backups/FINAL_SYSTEM_BACKUP_3_20260612_054242/backups/FINAL_SYSTEM_BACKUP_3_20260612_054242/backups/FINAL_SYSTEM_BACKUP_3_20260612_054242/backups/FINAL_SYSTEM_BACKUP_3_20260612_054242/backups/FINAL_SYSTEM_BACKUP_3_20260612_054242/backups/FINAL_SYSTEM_BACKUP_3_20260612_054242/backups/FINAL_SYSTEM_BACKUP_3_20260612_054242/backups/FINAL_SYSTEM_BACKUP_3_20260612_054242/backups/FINAL_SYSTEM_BACKUP_3_20260612_054242/backups/FINAL_SYSTEM_BACKUP_3_20260612_054242/backups/FINAL_SYSTEM_BACKUP_3_20260612_054242/backups/FINAL_SYSTEM_BACKUP_3_20260612_054242/bilder,bilder,application/vnd.google-apps.folder,,2026-06-12T05:42:43.000Z
14cIxpNoKiFGkCdT6XKZCMM3xFyv2-jfg,ROOT/backups/FINAL_SYSTEM_BACKUP_3_20260612_054242/backups/FINAL_SYSTEM_BACKUP_3_20260612_054242/backups/FINAL_SYSTEM_BACKUP_3_20260612_054242/backups/FINAL_SYSTEM_BACKUP_3_20260612_054242/backups/FINAL_SYSTEM_BACKUP_3_20260612_054242/backups/FINAL_SYSTEM_BACKUP_3_20260612_054242/backups/FINAL_SYSTEM_BACKUP_3_20260612_054242/backups/FINAL_SYSTEM_BACKUP_3_20260612_054242/backups/FINAL_SYSTEM_BACKUP_3_20260612_054242/backups/FINAL_SYSTEM_BACKUP_3_20260612_054242/backups/FINAL_SYSTEM_BACKUP_3_20260612_054242/backups/FINAL_SYSTEM_BACKUP_3_20260612_054242/backups/FINAL_SYSTEM_BACKUP_3_20260612_054242/backups/FINAL_SYSTEM_BACKUP_3_20260612_054242/backups/FINAL_SYSTEM_BACKUP_3_20260612_054242/backups/FINAL_SYSTEM_BACKUP_3_20260612_054242/backups/FINAL_SYSTEM_BACKUP_3_20260612_054242/backups/FINAL_SYSTEM_BACKUP_3_20260612_054242/backups/FINAL_SYSTEM_BACKUP_3_20260612_054242/backups/FINAL_SYSTEM_BACKUP_3_20260612_054242/backups/FINAL_SYSTEM_BACKUP_3_20260612_054242/bilder/produkte,produkte,application/vnd.google-apps.folder,,2026-06-09T07:10:29.000Z
1gGgv0xcCyjtps82DXFbRFAdRNrj4TWVp,ROOT/backups/FINAL_SYSTEM_BACKUP_3_20260612_054242/backups/FINAL_SYSTEM_BACKUP_3_20260612_054242/backups/FINAL_SYSTEM_BACKUP_3_20260612_054242/backups/FINAL_SYSTEM_BACKUP_3_20260612_054242/backups/FINAL_SYSTEM_BACKUP_3_20260612_054242/backups/FINAL_SYSTEM_BACKUP_3_20260612_054242/backups/FINAL_SYSTEM_BACKUP_3_20260612_054242/backups/FINAL_SYSTEM_BACKUP_3_20260612_054242/backups/FINAL_SYSTEM_BACKUP_3_20260612_054242/backups/FINAL_SYSTEM_BACKUP_3_20260612_054242/backups/FINAL_SYSTEM_BACKUP_3_20260612_054242/backups/FINAL_SYSTEM_BACKUP_3_20260612_054242/backups/FINAL_SYSTEM_BACKUP_3_20260612_054242/backups/FINAL_SYSTEM_BACKUP_3_20260612_054242/backups/FINAL_SYSTEM_BACKUP_3_20260612_054242/backups/FINAL_SYSTEM_BACKUP_3_20260612_054242/backups/FINAL_SYSTEM_BACKUP_3_20260612_054242/backups/FINAL_SYSTEM_BACKUP_3_20260612_054242/backups/FINAL_SYSTEM_BACKUP_3_20260612_054242/backups/FINAL_SYSTEM_BACKUP_3_20260612_054242/backups/old_images_20260609_071029,old_images_20260609_071029,application/vnd.google-apps.folder,,2026-06-09T07:10:29.000Z
1OArhKEs74sjGFYLvTx-9mlTKTpD7XnO6,ROOT/backups/FINAL_SYSTEM_BACKUP_3_20260612_054242/backups/FINAL_SYSTEM_BACKUP_3_20260612_054242/backups/FINAL_SYSTEM_BACKUP_3_20260612_054242/backups/FINAL_SYSTEM_BACKUP_3_20260612_054242/backups/FINAL_SYSTEM_BACKUP_3_20260612_054242/backups/FINAL_SYSTEM_BACKUP_3_20260612_054242/backups/FINAL_SYSTEM_BACKUP_3_20260612_054242/backups/FINAL_SYSTEM_BACKUP_3_20260612_054242/backups/FINAL_SYSTEM_BACKUP_3_20260612_054242/backups/FINAL_SYSTEM_BACKUP_3_20260612_054242/backups/FINAL_SYSTEM_BACKUP_3_20260612_054242/backups/FINAL_SYSTEM_BACKUP_3_20260612_054242/backups/FINAL_SYSTEM_BACKUP_3_20260612_054242/backups/FINAL_SYSTEM_BACKUP_3_20260612_054242/backups/FINAL_SYSTEM_BACKUP_3_20260612_054242/backups/FINAL_SYSTEM_BACKUP_3_20260612_054242/backups/FINAL_SYSTEM_BACKUP_3_20260612_054242/backups/FINAL_SYSTEM_BACKUP_3_20260612_054242/backups/FINAL_SYSTEM_BACKUP_3_20260612_054242/backups/FINAL_SYSTEM_BACKUP_3_20260612_054242/backups/full_backup_20260608_225815,full_backup_20260608_225815,application/vnd.google-apps.folder,,2026-06-08T22:58:15.000Z
1xNozFRpDoEygnPdG_bzDZm3CB_Awj5Lk,ROOT/backups/FINAL_SYSTEM_BACKUP_3_20260612_054242/backups/FINAL_SYSTEM_BACKUP_3_20260612_054242/backups/FINAL_SYSTEM_BACKUP_3_20260612_054242/backups/FINAL_SYSTEM_BACKUP_3_20260612_054242/backups/FINAL_SYSTEM_BACKUP_3_20260612_054242/backups/FINAL_SYSTEM_BACKUP_3_20260612_054242/backups/FINAL_SYSTEM_BACKUP_3_20260612_054242/backups/FINAL_SYSTEM_BACKUP_3_20260612_054242/backups/FINAL_SYSTEM_BACKUP_3_20260612_054242/backups/FINAL_SYSTEM_BACKUP_3_20260612_054242/backups/FINAL_SYSTEM_BACKUP_3_20260612_054242/backups/FINAL_SYSTEM_BACKUP_3_20260612_054242/backups/FINAL_SYSTEM_BACKUP_3_20260612_054242/backups/FINAL_SYSTEM_BACKUP_3_20260612_054242/backups/FINAL_SYSTEM_BACKUP_3_20260612_054242/backups/FINAL_SYSTEM_BACKUP_3_20260612_054242/backups/FINAL_SYSTEM_BACKUP_3_20260612_054242/backups/FINAL_SYSTEM_BACKUP_3_20260612_054242/backups/FINAL_SYSTEM_BACKUP_3_20260612_054242/backups/FINAL_SYSTEM_BACKUP_3_20260612_054242/backups/full_backup_20260608_225815/secrets,secrets,application/vnd.google-apps.folder,,2026-06-08T21:02:21.000Z
1f67q6_DdP--kgcUE58Sqsrf24m8YmT-M,ROOT/backups/FINAL_SYSTEM_BACKUP_3_20260612_054242/backups/FINAL_SYSTEM_BACKUP_3_20260612_054242/backups/FINAL_SYSTEM_BACKUP_3_20260612_054242/backups/FINAL_SYSTEM_BACKUP_3_20260612_054242/backups/FINAL_SYSTEM_BACKUP_3_20260612_054242/backups/FINAL_SYSTEM_BACKUP_3_20260612_054242/backups/FINAL_SYSTEM_BACKUP_3_20260612_054242/backups/FINAL_SYSTEM_BACKUP_3_20260612_054242/backups/FINAL_SYSTEM_BACKUP_3_20260612_054242/backups/FINAL_SYSTEM_BACKUP_3_20260612_054242/backups/FINAL_SYSTEM_BACKUP_3_20260612_054242/backups/FINAL_SYSTEM_BACKUP_3_20260612_054242/backups/FINAL_SYSTEM_BACKUP_3_20260612_054242/backups/FINAL_SYSTEM_BACKUP_3_20260612_054242/backups/FINAL_SYSTEM_BACKUP_3_20260612_054242/backups/FINAL_SYSTEM_BACKUP_3_20260612_054242/backups/FINAL_SYSTEM_BACKUP_3_20260612_054242/backups/FINAL_SYSTEM_BACKUP_3_20260612_054242/backups/FINAL_SYSTEM_BACKUP_3_20260612_054242/backups/FINAL_SYSTEM_BACKUP_3_20260612_054242/backups/full_backup_20260608_225815/bilder,bilder,application/vnd.google-apps.folder,,2026-06-08T05:51:42.000Z
1b4bM0cMtOQejcwZc1jxnLEl8qAryfLEe,ROOT/backups/FINAL_SYSTEM_BACKUP_3_20260612_054242/backups/FINAL_SYSTEM_BACKUP_3_20260612_054242/backups/FINAL_SYSTEM_BACKUP_3_20260612_054242/backups/FINAL_SYSTEM_BACKUP_3_20260612_054242/backups/FINAL_SYSTEM_BACKUP_3_20260612_054242/backups/FINAL_SYSTEM_BACKUP_3_20260612_054242/backups/FINAL_SYSTEM_BACKUP_3_20260612_054242/backups/FINAL_SYSTEM_BACKUP_3_20260612_054242/backups/FINAL_SYSTEM_BACKUP_3_20260612_054242/backups/FINAL_SYSTEM_BACKUP_3_20260612_054242/backups/FINAL_SYSTEM_BACKUP_3_20260612_054242/backups/FINAL_SYSTEM_BACKUP_3_20260612_054242/backups/FINAL_SYSTEM_BACKUP_3_20260612_054242/backups/FINAL_SYSTEM_BACKUP_3_20260612_054242/backups/FINAL_SYSTEM_BACKUP_3_20260612_054242/backups/FINAL_SYSTEM_BACKUP_3_20260612_054242/backups/FINAL_SYSTEM_BACKUP_3_20260612_054242/backups/FINAL_SYSTEM_BACKUP_3_20260612_054242/backups/FINAL_SYSTEM_BACKUP_3_20260612_054242/backups/FINAL_SYSTEM_BACKUP_3_20260612_054242/bilder,bilder,application/vnd.google-apps.folder,,2026-06-12T05:42:43.000Z
1I5kZN3xP0E7BriUITASMyfqaOPBFXPPi,ROOT/backups/FINAL_SYSTEM_BACKUP_3_20260612_054242/backups/FINAL_SYSTEM_BACKUP_3_20260612_054242/backups/FINAL_SYSTEM_BACKUP_3_20260612_054242/backups/FINAL_SYSTEM_BACKUP_3_20260612_054242/backups/FINAL_SYSTEM_BACKUP_3_20260612_054242/backups/FINAL_SYSTEM_BACKUP_3_20260612_054242/backups/FINAL_SYSTEM_BACKUP_3_20260612_054242/backups/FINAL_SYSTEM_BACKUP_3_20260612_054242/backups/FINAL_SYSTEM_BACKUP_3_20260612_054242/backups/FINAL_SYSTEM_BACKUP_3_20260612_054242/backups/FINAL_SYSTEM_BACKUP_3_20260612_054242/backups/FINAL_SYSTEM_BACKUP_3_20260612_054242/backups/FINAL_SYSTEM_BACKUP_3_20260612_054242/backups/FINAL_SYSTEM_BACKUP_3_20260612_054242/backups/FINAL_SYSTEM_BACKUP_3_20260612_054242/backups/FINAL_SYSTEM_BACKUP_3_20260612_054242/backups/FINAL_SYSTEM_BACKUP_3_20260612_054242/backups/FINAL_SYSTEM_BACKUP_3_20260612_054242/backups/FINAL_SYSTEM_BACKUP_3_20260612_054242/backups/FINAL_SYSTEM_BACKUP_3_20260612_054242/bilder/produkte,produkte,application/vnd.google-apps.folder,,2026-06-09T07:10:29.000Z
1dy2jdjSQ34RPdC54WNAO6LvbC2SWNd8P,ROOT/backups/FINAL_SYSTEM_BACKUP_3_20260612_054242/backups/FINAL_SYSTEM_BACKUP_3_20260612_054242/backups/FINAL_SYSTEM_BACKUP_3_20260612_054242/backups/FINAL_SYSTEM_BACKUP_3_20260612_054242/backups/FINAL_SYSTEM_BACKUP_3_20260612_054242/backups/FINAL_SYSTEM_BACKUP_3_20260612_054242/backups/FINAL_SYSTEM_BACKUP_3_20260612_054242/backups/FINAL_SYSTEM_BACKUP_3_20260612_054242/backups/FINAL_SYSTEM_BACKUP_3_20260612_054242/backups/FINAL_SYSTEM_BACKUP_3_20260612_054242/backups/FINAL_SYSTEM_BACKUP_3_20260612_054242/backups/FINAL_SYSTEM_BACKUP_3_20260612_054242/backups/FINAL_SYSTEM_BACKUP_3_20260612_054242/backups/FINAL_SYSTEM_BACKUP_3_20260612_054242/backups/FINAL_SYSTEM_BACKUP_3_20260612_054242/backups/FINAL_SYSTEM_BACKUP_3_20260612_054242/backups/FINAL_SYSTEM_BACKUP_3_20260612_054242/backups/FINAL_SYSTEM_BACKUP_3_20260612_054242/backups/FINAL_SYSTEM_BACKUP_3_20260612_054242/backups/old_images_20260609_071029,old_images_20260609_071029,application/vnd.google-apps.folder,,2026-06-09T07:10:29.000Z
1N55rdbTe3mXW0wFJddr274MGzIfRn7sG,ROOT/backups/FINAL_SYSTEM_BACKUP_3_20260612_054242/backups/FINAL_SYSTEM_BACKUP_3_20260612_054242/backups/FINAL_SYSTEM_BACKUP_3_20260612_054242/backups/FINAL_SYSTEM_BACKUP_3_20260612_054242/backups/FINAL_SYSTEM_BACKUP_3_20260612_054242/backups/FINAL_SYSTEM_BACKUP_3_20260612_054242/backups/FINAL_SYSTEM_BACKUP_3_20260612_054242/backups/FINAL_SYSTEM_BACKUP_3_20260612_054242/backups/FINAL_SYSTEM_BACKUP_3_20260612_054242/backups/FINAL_SYSTEM_BACKUP_3_20260612_054242/backups/FINAL_SYSTEM_BACKUP_3_20260612_054242/backups/FINAL_SYSTEM_BACKUP_3_20260612_054242/backups/FINAL_SYSTEM_BACKUP_3_20260612_054242/backups/FINAL_SYSTEM_BACKUP_3_20260612_054242/backups/FINAL_SYSTEM_BACKUP_3_20260612_054242/backups/FINAL_SYSTEM_BACKUP_3_20260612_054242/backups/FINAL_SYSTEM_BACKUP_3_20260612_054242/backups/FINAL_SYSTEM_BACKUP_3_20260612_054242/backups/FINAL_SYSTEM_BACKUP_3_20260612_054242/backups/full_backup_20260608_225815,full_backup_20260608_225815,application/vnd.google-apps.folder,,2026-06-08T22:58:15.000Z
1S0_iUWQy4umN05xxJYaCbXJ4ZWhUhWqX,ROOT/backups/FINAL_SYSTEM_BACKUP_3_20260612_054242/backups/FINAL_SYSTEM_BACKUP_3_20260612_054242/backups/FINAL_SYSTEM_BACKUP_3_20260612_054242/backups/FINAL_SYSTEM_BACKUP_3_20260612_054242/backups/FINAL_SYSTEM_BACKUP_3_20260612_054242/backups/FINAL_SYSTEM_BACKUP_3_20260612_054242/backups/FINAL_SYSTEM_BACKUP_3_20260612_054242/backups/FINAL_SYSTEM_BACKUP_3_20260612_054242/backups/FINAL_SYSTEM_BACKUP_3_20260612_054242/backups/FINAL_SYSTEM_BACKUP_3_20260612_054242/backups/FINAL_SYSTEM_BACKUP_3_20260612_054242/backups/FINAL_SYSTEM_BACKUP_3_20260612_054242/backups/FINAL_SYSTEM_BACKUP_3_20260612_054242/backups/FINAL_SYSTEM_BACKUP_3_20260612_054242/backups/FINAL_SYSTEM_BACKUP_3_20260612_054242/backups/FINAL_SYSTEM_BACKUP_3_20260612_054242/backups/FINAL_SYSTEM_BACKUP_3_20260612_054242/backups/FINAL_SYSTEM_BACKUP_3_20260612_054242/backups/FINAL_SYSTEM_BACKUP_3_20260612_054242/backups/full_backup_20260608_225815/secrets,secrets,application/vnd.google-apps.folder,,2026-06-08T21:02:21.000Z
1Cm1bcjxShpGJSNhfk9xZc4aSs9lEs7a_,ROOT/backups/FINAL_SYSTEM_BACKUP_3_20260612_054242/backups/FINAL_SYSTEM_BACKUP_3_20260612_054242/backups/FINAL_SYSTEM_BACKUP_3_20260612_054242/backups/FINAL_SYSTEM_BACKUP_3_20260612_054242/backups/FINAL_SYSTEM_BACKUP_3_20260612_054242/backups/FINAL_SYSTEM_BACKUP_3_20260612_054242/backups/FINAL_SYSTEM_BACKUP_3_20260612_054242/backups/FINAL_SYSTEM_BACKUP_3_20260612_054242/backups/FINAL_SYSTEM_BACKUP_3_20260612_054242/backups/FINAL_SYSTEM_BACKUP_3_20260612_054242/backups/FINAL_SYSTEM_BACKUP_3_20260612_054242/backups/FINAL_SYSTEM_BACKUP_3_20260612_054242/backups/FINAL_SYSTEM_BACKUP_3_20260612_054242/backups/FINAL_SYSTEM_BACKUP_3_20260612_054242/backups/FINAL_SYSTEM_BACKUP_3_20260612_054242/backups/FINAL_SYSTEM_BACKUP_3_20260612_054242/backups/FINAL_SYSTEM_BACKUP_3_20260612_054242/backups/FINAL_SYSTEM_BACKUP_3_20260612_054242/backups/FINAL_SYSTEM_BACKUP_3_20260612_054242/backups/full_backup_20260608_225815/bilder,bilder,application/vnd.google-apps.folder,,2026-06-08T05:51:42.000Z
1bpVuDfbVz_jz4-P6Nt9lpAJ9DbEnpgwL,ROOT/backups/FINAL_SYSTEM_BACKUP_3_20260612_054242/backups/FINAL_SYSTEM_BACKUP_3_20260612_054242/backups/FINAL_SYSTEM_BACKUP_3_20260612_054242/backups/FINAL_SYSTEM_BACKUP_3_20260612_054242/backups/FINAL_SYSTEM_BACKUP_3_20260612_054242/backups/FINAL_SYSTEM_BACKUP_3_20260612_054242/backups/FINAL_SYSTEM_BACKUP_3_20260612_054242/backups/FINAL_SYSTEM_BACKUP_3_20260612_054242/backups/FINAL_SYSTEM_BACKUP_3_20260612_054242/backups/FINAL_SYSTEM_BACKUP_3_20260612_054242/backups/FINAL_SYSTEM_BACKUP_3_20260612_054242/backups/FINAL_SYSTEM_BACKUP_3_20260612_054242/backups/FINAL_SYSTEM_BACKUP_3_20260612_054242/backups/FINAL_SYSTEM_BACKUP_3_20260612_054242/backups/FINAL_SYSTEM_BACKUP_3_20260612_054242/backups/FINAL_SYSTEM_BACKUP_3_20260612_054242/backups/FINAL_SYSTEM_BACKUP_3_20260612_054242/backups/FINAL_SYSTEM_BACKUP_3_20260612_054242/backups/FINAL_SYSTEM_BACKUP_3_20260612_054242/bilder,bilder,application/vnd.google-apps.folder,,2026-06-12T05:42:43.000Z
10u7R5-JRzfR0X7SiOK5fySLsNmHqWKjP,ROOT/backups/FINAL_SYSTEM_BACKUP_3_20260612_054242/backups/FINAL_SYSTEM_BACKUP_3_20260612_054242/backups/FINAL_SYSTEM_BACKUP_3_20260612_054242/backups/FINAL_SYSTEM_BACKUP_3_20260612_054242/backups/FINAL_SYSTEM_BACKUP_3_20260612_054242/backups/FINAL_SYSTEM_BACKUP_3_20260612_054242/backups/FINAL_SYSTEM_BACKUP_3_20260612_054242/backups/FINAL_SYSTEM_BACKUP_3_20260612_054242/backups/FINAL_SYSTEM_BACKUP_3_20260612_054242/backups/FINAL_SYSTEM_BACKUP_3_20260612_054242/backups/FINAL_SYSTEM_BACKUP_3_20260612_054242/backups/FINAL_SYSTEM_BACKUP_3_20260612_054242/backups/FINAL_SYSTEM_BACKUP_3_20260612_054242/backups/FINAL_SYSTEM_BACKUP_3_20260612_054242/backups/FINAL_SYSTEM_BACKUP_3_20260612_054242/backups/FINAL_SYSTEM_BACKUP_3_20260612_054242/backups/FINAL_SYSTEM_BACKUP_3_20260612_054242/backups/FINAL_SYSTEM_BACKUP_3_20260612_054242/backups/FINAL_SYSTEM_BACKUP_3_20260612_054242/bilder/produkte,produkte,application/vnd.google-apps.folder,,2026-06-09T07:10:29.000Z
1RvM3O14z4VQCBNJRbca2L7lQjagLGots,ROOT/backups/FINAL_SYSTEM_BACKUP_3_20260612_054242/backups/FINAL_SYSTEM_BACKUP_3_20260612_054242/backups/FINAL_SYSTEM_BACKUP_3_20260612_054242/backups/FINAL_SYSTEM_BACKUP_3_20260612_054242/backups/FINAL_SYSTEM_BACKUP_3_20260612_054242/backups/FINAL_SYSTEM_BACKUP_3_20260612_054242/backups/FINAL_SYSTEM_BACKUP_3_20260612_054242/backups/FINAL_SYSTEM_BACKUP_3_20260612_054242/backups/FINAL_SYSTEM_BACKUP_3_20260612_054242/backups/FINAL_SYSTEM_BACKUP_3_20260612_054242/backups/FINAL_SYSTEM_BACKUP_3_20260612_054242/backups/FINAL_SYSTEM_BACKUP_3_20260612_054242/backups/FINAL_SYSTEM_BACKUP_3_20260612_054242/backups/FINAL_SYSTEM_BACKUP_3_20260612_054242/backups/FINAL_SYSTEM_BACKUP_3_20260612_054242/backups/FINAL_SYSTEM_BACKUP_3_20260612_054242/backups/FINAL_SYSTEM_BACKUP_3_20260612_054242/backups/FINAL_SYSTEM_BACKUP_3_20260612_054242/backups/old_images_20260609_071029,old_images_20260609_071029,application/vnd.google-apps.folder,,2026-06-09T07:10:29.000Z
1vEstQVm1wpZcU15Cs2QtPYuObbI4TJ7F,ROOT/backups/FINAL_SYSTEM_BACKUP_3_20260612_054242/backups/FINAL_SYSTEM_BACKUP_3_20260612_054242/backups/FINAL_SYSTEM_BACKUP_3_20260612_054242/backups/FINAL_SYSTEM_BACKUP_3_20260612_054242/backups/FINAL_SYSTEM_BACKUP_3_20260612_054242/backups/FINAL_SYSTEM_BACKUP_3_20260612_054242/backups/FINAL_SYSTEM_BACKUP_3_20260612_054242/backups/FINAL_SYSTEM_BACKUP_3_20260612_054242/backups/FINAL_SYSTEM_BACKUP_3_20260612_054242/backups/FINAL_SYSTEM_BACKUP_3_20260612_054242/backups/FINAL_SYSTEM_BACKUP_3_20260612_054242/backups/FINAL_SYSTEM_BACKUP_3_20260612_054242/backups/FINAL_SYSTEM_BACKUP_3_20260612_054242/backups/FINAL_SYSTEM_BACKUP_3_20260612_054242/backups/FINAL_SYSTEM_BACKUP_3_20260612_054242/backups/FINAL_SYSTEM_BACKUP_3_20260612_054242/backups/FINAL_SYSTEM_BACKUP_3_20260612_054242/backups/FINAL_SYSTEM_BACKUP_3_20260612_054242/backups/full_backup_20260608_225815,full_backup_20260608_225815,application/vnd.google-apps.folder,,2026-06-08T22:58:15.000Z
1tWHQgddDzQz0s84oEQcStl3kjvmmFlxO,ROOT/backups/FINAL_SYSTEM_BACKUP_3_20260612_054242/backups/FINAL_SYSTEM_BACKUP_3_20260612_054242/backups/FINAL_SYSTEM_BACKUP_3_20260612_054242/backups/FINAL_SYSTEM_BACKUP_3_20260612_054242/backups/FINAL_SYSTEM_BACKUP_3_20260612_054242/backups/FINAL_SYSTEM_BACKUP_3_20260612_054242/backups/FINAL_SYSTEM_BACKUP_3_20260612_054242/backups/FINAL_SYSTEM_BACKUP_3_20260612_054242/backups/FINAL_SYSTEM_BACKUP_3_20260612_054242/backups/FINAL_SYSTEM_BACKUP_3_20260612_054242/backups/FINAL_SYSTEM_BACKUP_3_20260612_054242/backups/FINAL_SYSTEM_BACKUP_3_20260612_054242/backups/FINAL_SYSTEM_BACKUP_3_20260612_054242/backups/FINAL_SYSTEM_BACKUP_3_20260612_054242/backups/FINAL_SYSTEM_BACKUP_3_20260612_054242/backups/FINAL_SYSTEM_BACKUP_3_20260612_054242/backups/FINAL_SYSTEM_BACKUP_3_20260612_054242/backups/FINAL_SYSTEM_BACKUP_3_20260612_054242/backups/full_backup_20260608_225815/secrets,secrets,application/vnd.google-apps.folder,,2026-06-08T21:02:21.000Z
1_vap4T3XFt4a9axXtxObdgpGWNcc0jQH,ROOT/backups/FINAL_SYSTEM_BACKUP_3_20260612_054242/backups/FINAL_SYSTEM_BACKUP_3_20260612_054242/backups/FINAL_SYSTEM_BACKUP_3_20260612_054242/backups/FINAL_SYSTEM_BACKUP_3_20260612_054242/backups/FINAL_SYSTEM_BACKUP_3_20260612_054242/backups/FINAL_SYSTEM_BACKUP_3_20260612_054242/backups/FINAL_SYSTEM_BACKUP_3_20260612_054242/backups/FINAL_SYSTEM_BACKUP_3_20260612_054242/backups/FINAL_SYSTEM_BACKUP_3_20260612_054242/backups/FINAL_SYSTEM_BACKUP_3_20260612_054242/backups/FINAL_SYSTEM_BACKUP_3_20260612_054242/backups/FINAL_SYSTEM_BACKUP_3_20260612_054242/backups/FINAL_SYSTEM_BACKUP_3_20260612_054242/backups/FINAL_SYSTEM_BACKUP_3_20260612_054242/backups/FINAL_SYSTEM_BACKUP_3_20260612_054242/backups/FINAL_SYSTEM_BACKUP_3_20260612_054242/backups/FINAL_SYSTEM_BACKUP_3_20260612_054242/backups/FINAL_SYSTEM_BACKUP_3_20260612_054242/backups/full_backup_20260608_225815/bilder,bilder,application/vnd.google-apps.folder,,2026-06-08T05:51:42.000Z
1t-tnPNxz95GsJ5hgcNmpnLbV8sqCOWEj,ROOT/backups/FINAL_SYSTEM_BACKUP_3_20260612_054242/backups/FINAL_SYSTEM_BACKUP_3_20260612_054242/backups/FINAL_SYSTEM_BACKUP_3_20260612_054242/backups/FINAL_SYSTEM_BACKUP_3_20260612_054242/backups/FINAL_SYSTEM_BACKUP_3_20260612_054242/backups/FINAL_SYSTEM_BACKUP_3_20260612_054242/backups/FINAL_SYSTEM_BACKUP_3_20260612_054242/backups/FINAL_SYSTEM_BACKUP_3_20260612_054242/backups/FINAL_SYSTEM_BACKUP_3_20260612_054242/backups/FINAL_SYSTEM_BACKUP_3_20260612_054242/backups/FINAL_SYSTEM_BACKUP_3_20260612_054242/backups/FINAL_SYSTEM_BACKUP_3_20260612_054242/backups/FINAL_SYSTEM_BACKUP_3_20260612_054242/backups/FINAL_SYSTEM_BACKUP_3_20260612_054242/backups/FINAL_SYSTEM_BACKUP_3_20260612_054242/backups/FINAL_SYSTEM_BACKUP_3_20260612_054242/backups/FINAL_SYSTEM_BACKUP_3_20260612_054242/backups/FINAL_SYSTEM_BACKUP_3_20260612_054242/bilder,bilder,application/vnd.google-apps.folder,,2026-06-12T05:42:43.000Z
1uPpSW6KUQo-VqDFdoxvPuQ2sqeQDtQp4,ROOT/backups/FINAL_SYSTEM_BACKUP_3_20260612_054242/backups/FINAL_SYSTEM_BACKUP_3_20260612_054242/backups/FINAL_SYSTEM_BACKUP_3_20260612_054242/backups/FINAL_SYSTEM_BACKUP_3_20260612_054242/backups/FINAL_SYSTEM_BACKUP_3_20260612_054242/backups/FINAL_SYSTEM_BACKUP_3_20260612_054242/backups/FINAL_SYSTEM_BACKUP_3_20260612_054242/backups/FINAL_SYSTEM_BACKUP_3_20260612_054242/backups/FINAL_SYSTEM_BACKUP_3_20260612_054242/backups/FINAL_SYSTEM_BACKUP_3_20260612_054242/backups/FINAL_SYSTEM_BACKUP_3_20260612_054242/backups/FINAL_SYSTEM_BACKUP_3_20260612_054242/backups/FINAL_SYSTEM_BACKUP_3_20260612_054242/backups/FINAL_SYSTEM_BACKUP_3_20260612_054242/backups/FINAL_SYSTEM_BACKUP_3_20260612_054242/backups/FINAL_SYSTEM_BACKUP_3_20260612_054242/backups/FINAL_SYSTEM_BACKUP_3_20260612_054242/backups/FINAL_SYSTEM_BACKUP_3_20260612_054242/bilder/produkte,produkte,application/vnd.google-apps.folder,,2026-06-09T07:10:29.000Z
1A76nVH3vmNs6MHWmw3pAIfUK7JiWzEwn,ROOT/backups/FINAL_SYSTEM_BACKUP_3_20260612_054242/backups/FINAL_SYSTEM_BACKUP_3_20260612_054242/backups/FINAL_SYSTEM_BACKUP_3_20260612_054242/backups/FINAL_SYSTEM_BACKUP_3_20260612_054242/backups/FINAL_SYSTEM_BACKUP_3_20260612_054242/backups/FINAL_SYSTEM_BACKUP_3_20260612_054242/backups/FINAL_SYSTEM_BACKUP_3_20260612_054242/backups/FINAL_SYSTEM_BACKUP_3_20260612_054242/backups/FINAL_SYSTEM_BACKUP_3_20260612_054242/backups/FINAL_SYSTEM_BACKUP_3_20260612_054242/backups/FINAL_SYSTEM_BACKUP_3_20260612_054242/backups/FINAL_SYSTEM_BACKUP_3_20260612_054242/backups/FINAL_SYSTEM_BACKUP_3_20260612_054242/backups/FINAL_SYSTEM_BACKUP_3_20260612_054242/backups/FINAL_SYSTEM_BACKUP_3_20260612_054242/backups/FINAL_SYSTEM_BACKUP_3_20260612_054242/backups/FINAL_SYSTEM_BACKUP_3_20260612_054242/backups/old_images_20260609_071029,old_images_20260609_071029,application/vnd.google-apps.folder,,2026-06-09T07:10:29.000Z
1z-TAL6AZ2NHx2DohTWnUMhUJ5Y2vqSnH,ROOT/backups/FINAL_SYSTEM_BACKUP_3_20260612_054242/backups/FINAL_SYSTEM_BACKUP_3_20260612_054242/backups/FINAL_SYSTEM_BACKUP_3_20260612_054242/backups/FINAL_SYSTEM_BACKUP_3_20260612_054242/backups/FINAL_SYSTEM_BACKUP_3_20260612_054242/backups/FINAL_SYSTEM_BACKUP_3_20260612_054242/backups/FINAL_SYSTEM_BACKUP_3_20260612_054242/backups/FINAL_SYSTEM_BACKUP_3_20260612_054242/backups/FINAL_SYSTEM_BACKUP_3_20260612_054242/backups/FINAL_SYSTEM_BACKUP_3_20260612_054242/backups/FINAL_SYSTEM_BACKUP_3_20260612_054242/backups/FINAL_SYSTEM_BACKUP_3_20260612_054242/backups/FINAL_SYSTEM_BACKUP_3_20260612_054242/backups/FINAL_SYSTEM_BACKUP_3_20260612_054242/backups/FINAL_SYSTEM_BACKUP_3_20260612_054242/backups/FINAL_SYSTEM_BACKUP_3_20260612_054242/backups/FINAL_SYSTEM_BACKUP_3_20260612_054242/backups/full_backup_20260608_225815,full_backup_20260608_225815,application/vnd.google-apps.folder,,2026-06-08T22:58:15.000Z
15RdBIqRF8m2NSXXY9YTCvplEKTFGus7d,ROOT/backups/FINAL_SYSTEM_BACKUP_3_20260612_054242/backups/FINAL_SYSTEM_BACKUP_3_20260612_054242/backups/FINAL_SYSTEM_BACKUP_3_20260612_054242/backups/FINAL_SYSTEM_BACKUP_3_20260612_054242/backups/FINAL_SYSTEM_BACKUP_3_20260612_054242/backups/FINAL_SYSTEM_BACKUP_3_20260612_054242/backups/FINAL_SYSTEM_BACKUP_3_20260612_054242/backups/FINAL_SYSTEM_BACKUP_3_20260612_054242/backups/FINAL_SYSTEM_BACKUP_3_20260612_054242/backups/FINAL_SYSTEM_BACKUP_3_20260612_054242/backups/FINAL_SYSTEM_BACKUP_3_20260612_054242/backups/FINAL_SYSTEM_BACKUP_3_20260612_054242/backups/FINAL_SYSTEM_BACKUP_3_20260612_054242/backups/FINAL_SYSTEM_BACKUP_3_20260612_054242/backups/FINAL_SYSTEM_BACKUP_3_20260612_054242/backups/FINAL_SYSTEM_BACKUP_3_20260612_054242/backups/FINAL_SYSTEM_BACKUP_3_20260612_054242/backups/full_backup_20260608_225815/secrets,secrets,application/vnd.google-apps.folder,,2026-06-08T21:02:21.000Z
16QcNNWzodEulcOBOwP8d7vdFplOaJ01V,ROOT/backups/FINAL_SYSTEM_BACKUP_3_20260612_054242/backups/FINAL_SYSTEM_BACKUP_3_20260612_054242/backups/FINAL_SYSTEM_BACKUP_3_20260612_054242/backups/FINAL_SYSTEM_BACKUP_3_20260612_054242/backups/FINAL_SYSTEM_BACKUP_3_20260612_054242/backups/FINAL_SYSTEM_BACKUP_3_20260612_054242/backups/FINAL_SYSTEM_BACKUP_3_20260612_054242/backups/FINAL_SYSTEM_BACKUP_3_20260612_054242/backups/FINAL_SYSTEM_BACKUP_3_20260612_054242/backups/FINAL_SYSTEM_BACKUP_3_20260612_054242/backups/FINAL_SYSTEM_BACKUP_3_20260612_054242/backups/FINAL_SYSTEM_BACKUP_3_20260612_054242/backups/FINAL_SYSTEM_BACKUP_3_20260612_054242/backups/FINAL_SYSTEM_BACKUP_3_20260612_054242/backups/FINAL_SYSTEM_BACKUP_3_20260612_054242/backups/FINAL_SYSTEM_BACKUP_3_20260612_054242/backups/FINAL_SYSTEM_BACKUP_3_20260612_054242/backups/full_backup_20260608_225815/bilder,bilder,application/vnd.google-apps.folder,,2026-06-08T05:51:42.000Z
1fLh5oZv25kF563Qx2U44jwkJbrUUcmW_,ROOT/backups/FINAL_SYSTEM_BACKUP_3_20260612_054242/backups/FINAL_SYSTEM_BACKUP_3_20260612_054242/backups/FINAL_SYSTEM_BACKUP_3_20260612_054242/backups/FINAL_SYSTEM_BACKUP_3_20260612_054242/backups/FINAL_SYSTEM_BACKUP_3_20260612_054242/backups/FINAL_SYSTEM_BACKUP_3_20260612_054242/backups/FINAL_SYSTEM_BACKUP_3_20260612_054242/backups/FINAL_SYSTEM_BACKUP_3_20260612_054242/backups/FINAL_SYSTEM_BACKUP_3_20260612_054242/backups/FINAL_SYSTEM_BACKUP_3_20260612_054242/backups/FINAL_SYSTEM_BACKUP_3_20260612_054242/backups/FINAL_SYSTEM_BACKUP_3_20260612_054242/backups/FINAL_SYSTEM_BACKUP_3_20260612_054242/backups/FINAL_SYSTEM_BACKUP_3_20260612_054242/backups/FINAL_SYSTEM_BACKUP_3_20260612_054242/backups/FINAL_SYSTEM_BACKUP_3_20260612_054242/backups/FINAL_SYSTEM_BACKUP_3_20260612_054242/bilder,bilder,application/vnd.google-apps.folder,,2026-06-12T05:42:43.000Z
1VEDjhi7UJwxUDtD1mpg5PkLFFrK2g6sY,ROOT/backups/FINAL_SYSTEM_BACKUP_3_20260612_054242/backups/FINAL_SYSTEM_BACKUP_3_20260612_054242/backups/FINAL_SYSTEM_BACKUP_3_20260612_054242/backups/FINAL_SYSTEM_BACKUP_3_20260612_054242/backups/FINAL_SYSTEM_BACKUP_3_20260612_054242/backups/FINAL_SYSTEM_BACKUP_3_20260612_054242/backups/FINAL_SYSTEM_BACKUP_3_20260612_054242/backups/FINAL_SYSTEM_BACKUP_3_20260612_054242/backups/FINAL_SYSTEM_BACKUP_3_20260612_054242/backups/FINAL_SYSTEM_BACKUP_3_20260612_054242/backups/FINAL_SYSTEM_BACKUP_3_20260612_054242/backups/FINAL_SYSTEM_BACKUP_3_20260612_054242/backups/FINAL_SYSTEM_BACKUP_3_20260612_054242/backups/FINAL_SYSTEM_BACKUP_3_20260612_054242/backups/FINAL_SYSTEM_BACKUP_3_20260612_054242/backups/FINAL_SYSTEM_BACKUP_3_20260612_054242/backups/FINAL_SYSTEM_BACKUP_3_20260612_054242/bilder/produkte,produkte,application/vnd.google-apps.folder,,2026-06-09T07:10:29.000Z
19GQvc5BJhkzHI4frkTg03PqFfzfkGuFX,ROOT/backups/FINAL_SYSTEM_BACKUP_3_20260612_054242/backups/FINAL_SYSTEM_BACKUP_3_20260612_054242/backups/FINAL_SYSTEM_BACKUP_3_20260612_054242/backups/FINAL_SYSTEM_BACKUP_3_20260612_054242/backups/FINAL_SYSTEM_BACKUP_3_20260612_054242/backups/FINAL_SYSTEM_BACKUP_3_20260612_054242/backups/FINAL_SYSTEM_BACKUP_3_20260612_054242/backups/FINAL_SYSTEM_BACKUP_3_20260612_054242/backups/FINAL_SYSTEM_BACKUP_3_20260612_054242/backups/FINAL_SYSTEM_BACKUP_3_20260612_054242/backups/FINAL_SYSTEM_BACKUP_3_20260612_054242/backups/FINAL_SYSTEM_BACKUP_3_20260612_054242/backups/FINAL_SYSTEM_BACKUP_3_20260612_054242/backups/FINAL_SYSTEM_BACKUP_3_20260612_054242/backups/FINAL_SYSTEM_BACKUP_3_20260612_054242/backups/FINAL_SYSTEM_BACKUP_3_20260612_054242/backups/old_images_20260609_071029,old_images_20260609_071029,application/vnd.google-apps.folder,,2026-06-09T07:10:29.000Z
1BsoocZmlmNkNLU-wgnrA2oDpMQjPznD-,ROOT/backups/FINAL_SYSTEM_BACKUP_3_20260612_054242/backups/FINAL_SYSTEM_BACKUP_3_20260612_054242/backups/FINAL_SYSTEM_BACKUP_3_20260612_054242/backups/FINAL_SYSTEM_BACKUP_3_20260612_054242/backups/FINAL_SYSTEM_BACKUP_3_20260612_054242/backups/FINAL_SYSTEM_BACKUP_3_20260612_054242/backups/FINAL_SYSTEM_BACKUP_3_20260612_054242/backups/FINAL_SYSTEM_BACKUP_3_20260612_054242/backups/FINAL_SYSTEM_BACKUP_3_20260612_054242/backups/FINAL_SYSTEM_BACKUP_3_20260612_054242/backups/FINAL_SYSTEM_BACKUP_3_20260612_054242/backups/FINAL_SYSTEM_BACKUP_3_20260612_054242/backups/FINAL_SYSTEM_BACKUP_3_20260612_054242/backups/FINAL_SYSTEM_BACKUP_3_20260612_054242/backups/FINAL_SYSTEM_BACKUP_3_20260612_054242/backups/FINAL_SYSTEM_BACKUP_3_20260612_054242/backups/full_backup_20260608_225815,full_backup_20260608_225815,application/vnd.google-apps.folder,,2026-06-08T22:58:15.000Z
1X2cEtLjKoNu1Esw8BHkvc74NstHwndfF,ROOT/backups/FINAL_SYSTEM_BACKUP_3_20260612_054242/backups/FINAL_SYSTEM_BACKUP_3_20260612_054242/backups/FINAL_SYSTEM_BACKUP_3_20260612_054242/backups/FINAL_SYSTEM_BACKUP_3_20260612_054242/backups/FINAL_SYSTEM_BACKUP_3_20260612_054242/backups/FINAL_SYSTEM_BACKUP_3_20260612_054242/backups/FINAL_SYSTEM_BACKUP_3_20260612_054242/backups/FINAL_SYSTEM_BACKUP_3_20260612_054242/backups/FINAL_SYSTEM_BACKUP_3_20260612_054242/backups/FINAL_SYSTEM_BACKUP_3_20260612_054242/backups/FINAL_SYSTEM_BACKUP_3_20260612_054242/backups/FINAL_SYSTEM_BACKUP_3_20260612_054242/backups/FINAL_SYSTEM_BACKUP_3_20260612_054242/backups/FINAL_SYSTEM_BACKUP_3_20260612_054242/backups/FINAL_SYSTEM_BACKUP_3_20260612_054242/backups/FINAL_SYSTEM_BACKUP_3_20260612_054242/backups/full_backup_20260608_225815/secrets,secrets,application/vnd.google-apps.folder,,2026-06-08T21:02:21.000Z
1wQd_EjrBdOeElxrahqnM_A-nFTJvFlrS,ROOT/backups/FINAL_SYSTEM_BACKUP_3_20260612_054242/backups/FINAL_SYSTEM_BACKUP_3_20260612_054242/backups/FINAL_SYSTEM_BACKUP_3_20260612_054242/backups/FINAL_SYSTEM_BACKUP_3_20260612_054242/backups/FINAL_SYSTEM_BACKUP_3_20260612_054242/backups/FINAL_SYSTEM_BACKUP_3_20260612_054242/backups/FINAL_SYSTEM_BACKUP_3_20260612_054242/backups/FINAL_SYSTEM_BACKUP_3_20260612_054242/backups/FINAL_SYSTEM_BACKUP_3_20260612_054242/backups/FINAL_SYSTEM_BACKUP_3_20260612_054242/backups/FINAL_SYSTEM_BACKUP_3_20260612_054242/backups/FINAL_SYSTEM_BACKUP_3_20260612_054242/backups/FINAL_SYSTEM_BACKUP_3_20260612_054242/backups/FINAL_SYSTEM_BACKUP_3_20260612_054242/backups/FINAL_SYSTEM_BACKUP_3_20260612_054242/backups/FINAL_SYSTEM_BACKUP_3_20260612_054242/backups/full_backup_20260608_225815/bilder,bilder,application/vnd.google-apps.folder,,2026-06-08T05:51:42.000Z
19dnH6v6PSHy9dTmkpmyC8xY5Kt5z3Cle,ROOT/backups/FINAL_SYSTEM_BACKUP_3_20260612_054242/backups/FINAL_SYSTEM_BACKUP_3_20260612_054242/backups/FINAL_SYSTEM_BACKUP_3_20260612_054242/backups/FINAL_SYSTEM_BACKUP_3_20260612_054242/backups/FINAL_SYSTEM_BACKUP_3_20260612_054242/backups/FINAL_SYSTEM_BACKUP_3_20260612_054242/backups/FINAL_SYSTEM_BACKUP_3_20260612_054242/backups/FINAL_SYSTEM_BACKUP_3_20260612_054242/backups/FINAL_SYSTEM_BACKUP_3_20260612_054242/backups/FINAL_SYSTEM_BACKUP_3_20260612_054242/backups/FINAL_SYSTEM_BACKUP_3_20260612_054242/backups/FINAL_SYSTEM_BACKUP_3_20260612_054242/backups/FINAL_SYSTEM_BACKUP_3_20260612_054242/backups/FINAL_SYSTEM_BACKUP_3_20260612_054242/backups/FINAL_SYSTEM_BACKUP_3_20260612_054242/backups/FINAL_SYSTEM_BACKUP_3_20260612_054242/bilder,bilder,application/vnd.google-apps.folder,,2026-06-12T05:42:43.000Z
1C6NOlFRck0jnxifJdJI3kp83EDy8tvmE,ROOT/backups/FINAL_SYSTEM_BACKUP_3_20260612_054242/backups/FINAL_SYSTEM_BACKUP_3_20260612_054242/backups/FINAL_SYSTEM_BACKUP_3_20260612_054242/backups/FINAL_SYSTEM_BACKUP_3_20260612_054242/backups/FINAL_SYSTEM_BACKUP_3_20260612_054242/backups/FINAL_SYSTEM_BACKUP_3_20260612_054242/backups/FINAL_SYSTEM_BACKUP_3_20260612_054242/backups/FINAL_SYSTEM_BACKUP_3_20260612_054242/backups/FINAL_SYSTEM_BACKUP_3_20260612_054242/backups/FINAL_SYSTEM_BACKUP_3_20260612_054242/backups/FINAL_SYSTEM_BACKUP_3_20260612_054242/backups/FINAL_SYSTEM_BACKUP_3_20260612_054242/backups/FINAL_SYSTEM_BACKUP_3_20260612_054242/backups/FINAL_SYSTEM_BACKUP_3_20260612_054242/backups/FINAL_SYSTEM_BACKUP_3_20260612_054242/backups/FINAL_SYSTEM_BACKUP_3_20260612_054242/bilder/produkte,produkte,application/vnd.google-apps.folder,,2026-06-09T07:10:29.000Z
1JVbLJ3I5mYhG20I9EptLTTcaBZaNHtOo,ROOT/backups/FINAL_SYSTEM_BACKUP_3_20260612_054242/backups/FINAL_SYSTEM_BACKUP_3_20260612_054242/backups/FINAL_SYSTEM_BACKUP_3_20260612_054242/backups/FINAL_SYSTEM_BACKUP_3_20260612_054242/backups/FINAL_SYSTEM_BACKUP_3_20260612_054242/backups/FINAL_SYSTEM_BACKUP_3_20260612_054242/backups/FINAL_SYSTEM_BACKUP_3_20260612_054242/backups/FINAL_SYSTEM_BACKUP_3_20260612_054242/backups/FINAL_SYSTEM_BACKUP_3_20260612_054242/backups/FINAL_SYSTEM_BACKUP_3_20260612_054242/backups/FINAL_SYSTEM_BACKUP_3_20260612_054242/backups/FINAL_SYSTEM_BACKUP_3_20260612_054242/backups/FINAL_SYSTEM_BACKUP_3_20260612_054242/backups/FINAL_SYSTEM_BACKUP_3_20260612_054242/backups/FINAL_SYSTEM_BACKUP_3_20260612_054242/backups/old_images_20260609_071029,old_images_20260609_071029,application/vnd.google-apps.folder,,2026-06-09T07:10:29.000Z
1DNCSdG_CzTvd1rvB-BtsTlk3fpY7mu9-,ROOT/backups/FINAL_SYSTEM_BACKUP_3_20260612_054242/backups/FINAL_SYSTEM_BACKUP_3_20260612_054242/backups/FINAL_SYSTEM_BACKUP_3_20260612_054242/backups/FINAL_SYSTEM_BACKUP_3_20260612_054242/backups/FINAL_SYSTEM_BACKUP_3_20260612_054242/backups/FINAL_SYSTEM_BACKUP_3_20260612_054242/backups/FINAL_SYSTEM_BACKUP_3_20260612_054242/backups/FINAL_SYSTEM_BACKUP_3_20260612_054242/backups/FINAL_SYSTEM_BACKUP_3_20260612_054242/backups/FINAL_SYSTEM_BACKUP_3_20260612_054242/backups/FINAL_SYSTEM_BACKUP_3_20260612_054242/backups/FINAL_SYSTEM_BACKUP_3_20260612_054242/backups/FINAL_SYSTEM_BACKUP_3_20260612_054242/backups/FINAL_SYSTEM_BACKUP_3_20260612_054242/backups/FINAL_SYSTEM_BACKUP_3_20260612_054242/backups/full_backup_20260608_225815,full_backup_20260608_225815,application/vnd.google-apps.folder,,2026-06-08T22:58:15.000Z
1jvNbSC6gOeUugLCTPPtV3ZRdP9zekgV6,ROOT/backups/FINAL_SYSTEM_BACKUP_3_20260612_054242/backups/FINAL_SYSTEM_BACKUP_3_20260612_054242/backups/FINAL_SYSTEM_BACKUP_3_20260612_054242/backups/FINAL_SYSTEM_BACKUP_3_20260612_054242/backups/FINAL_SYSTEM_BACKUP_3_20260612_054242/backups/FINAL_SYSTEM_BACKUP_3_20260612_054242/backups/FINAL_SYSTEM_BACKUP_3_20260612_054242/backups/FINAL_SYSTEM_BACKUP_3_20260612_054242/backups/FINAL_SYSTEM_BACKUP_3_20260612_054242/backups/FINAL_SYSTEM_BACKUP_3_20260612_054242/backups/FINAL_SYSTEM_BACKUP_3_20260612_054242/backups/FINAL_SYSTEM_BACKUP_3_20260612_054242/backups/FINAL_SYSTEM_BACKUP_3_20260612_054242/backups/FINAL_SYSTEM_BACKUP_3_20260612_054242/backups/FINAL_SYSTEM_BACKUP_3_20260612_054242/backups/full_backup_20260608_225815/secrets,secrets,application/vnd.google-apps.folder,,2026-06-08T21:02:21.000Z
126qfL7NJTieAJFIMhhl6h4uAJ2M4LB5e,ROOT/backups/FINAL_SYSTEM_BACKUP_3_20260612_054242/backups/FINAL_SYSTEM_BACKUP_3_20260612_054242/backups/FINAL_SYSTEM_BACKUP_3_20260612_054242/backups/FINAL_SYSTEM_BACKUP_3_20260612_054242/backups/FINAL_SYSTEM_BACKUP_3_20260612_054242/backups/FINAL_SYSTEM_BACKUP_3_20260612_054242/backups/FINAL_SYSTEM_BACKUP_3_20260612_054242/backups/FINAL_SYSTEM_BACKUP_3_20260612_054242/backups/FINAL_SYSTEM_BACKUP_3_20260612_054242/backups/FINAL_SYSTEM_BACKUP_3_20260612_054242/backups/FINAL_SYSTEM_BACKUP_3_20260612_054242/backups/FINAL_SYSTEM_BACKUP_3_20260612_054242/backups/FINAL_SYSTEM_BACKUP_3_20260612_054242/backups/FINAL_SYSTEM_BACKUP_3_20260612_054242/backups/FINAL_SYSTEM_BACKUP_3_20260612_054242/backups/full_backup_20260608_225815/bilder,bilder,application/vnd.google-apps.folder,,2026-06-08T05:51:42.000Z
1rTqE--KBpofwADnL0v_n7AfR2vT-sG-L,ROOT/backups/FINAL_SYSTEM_BACKUP_3_20260612_054242/backups/FINAL_SYSTEM_BACKUP_3_20260612_054242/backups/FINAL_SYSTEM_BACKUP_3_20260612_054242/backups/FINAL_SYSTEM_BACKUP_3_20260612_054242/backups/FINAL_SYSTEM_BACKUP_3_20260612_054242/backups/FINAL_SYSTEM_BACKUP_3_20260612_054242/backups/FINAL_SYSTEM_BACKUP_3_20260612_054242/backups/FINAL_SYSTEM_BACKUP_3_20260612_054242/backups/FINAL_SYSTEM_BACKUP_3_20260612_054242/backups/FINAL_SYSTEM_BACKUP_3_20260612_054242/backups/FINAL_SYSTEM_BACKUP_3_20260612_054242/backups/FINAL_SYSTEM_BACKUP_3_20260612_054242/backups/FINAL_SYSTEM_BACKUP_3_20260612_054242/backups/FINAL_SYSTEM_BACKUP_3_20260612_054242/backups/FINAL_SYSTEM_BACKUP_3_20260612_054242/bilder,bilder,application/vnd.google-apps.folder,,2026-06-12T05:42:43.000Z
1R2GZSl-H6zPsAIzS7OXIKO70Umx5sPK4,ROOT/backups/FINAL_SYSTEM_BACKUP_3_20260612_054242/backups/FINAL_SYSTEM_BACKUP_3_20260612_054242/backups/FINAL_SYSTEM_BACKUP_3_20260612_054242/backups/FINAL_SYSTEM_BACKUP_3_20260612_054242/backups/FINAL_SYSTEM_BACKUP_3_20260612_054242/backups/FINAL_SYSTEM_BACKUP_3_20260612_054242/backups/FINAL_SYSTEM_BACKUP_3_20260612_054242/backups/FINAL_SYSTEM_BACKUP_3_20260612_054242/backups/FINAL_SYSTEM_BACKUP_3_20260612_054242/backups/FINAL_SYSTEM_BACKUP_3_20260612_054242/backups/FINAL_SYSTEM_BACKUP_3_20260612_054242/backups/FINAL_SYSTEM_BACKUP_3_20260612_054242/backups/FINAL_SYSTEM_BACKUP_3_20260612_054242/backups/FINAL_SYSTEM_BACKUP_3_20260612_054242/backups/FINAL_SYSTEM_BACKUP_3_20260612_054242/bilder/produkte,produkte,application/vnd.google-apps.folder,,2026-06-09T07:10:29.000Z
1BQxdIbADTDviBibxz8gW9Ic4j3a9_6Mo,ROOT/backups/FINAL_SYSTEM_BACKUP_3_20260612_054242/backups/FINAL_SYSTEM_BACKUP_3_20260612_054242/backups/FINAL_SYSTEM_BACKUP_3_20260612_054242/backups/FINAL_SYSTEM_BACKUP_3_20260612_054242/backups/FINAL_SYSTEM_BACKUP_3_20260612_054242/backups/FINAL_SYSTEM_BACKUP_3_20260612_054242/backups/FINAL_SYSTEM_BACKUP_3_20260612_054242/backups/FINAL_SYSTEM_BACKUP_3_20260612_054242/backups/FINAL_SYSTEM_BACKUP_3_20260612_054242/backups/FINAL_SYSTEM_BACKUP_3_20260612_054242/backups/FINAL_SYSTEM_BACKUP_3_20260612_054242/backups/FINAL_SYSTEM_BACKUP_3_20260612_054242/backups/FINAL_SYSTEM_BACKUP_3_20260612_054242/backups/FINAL_SYSTEM_BACKUP_3_20260612_054242/backups/old_images_20260609_071029,old_images_20260609_071029,application/vnd.google-apps.folder,,2026-06-09T07:10:29.000Z
1CNbhARHq_e1_t5QOL9pIUw7B-3MonLVJ,ROOT/backups/FINAL_SYSTEM_BACKUP_3_20260612_054242/backups/FINAL_SYSTEM_BACKUP_3_20260612_054242/backups/FINAL_SYSTEM_BACKUP_3_20260612_054242/backups/FINAL_SYSTEM_BACKUP_3_20260612_054242/backups/FINAL_SYSTEM_BACKUP_3_20260612_054242/backups/FINAL_SYSTEM_BACKUP_3_20260612_054242/backups/FINAL_SYSTEM_BACKUP_3_20260612_054242/backups/FINAL_SYSTEM_BACKUP_3_20260612_054242/backups/FINAL_SYSTEM_BACKUP_3_20260612_054242/backups/FINAL_SYSTEM_BACKUP_3_20260612_054242/backups/FINAL_SYSTEM_BACKUP_3_20260612_054242/backups/FINAL_SYSTEM_BACKUP_3_20260612_054242/backups/FINAL_SYSTEM_BACKUP_3_20260612_054242/backups/FINAL_SYSTEM_BACKUP_3_20260612_054242/backups/full_backup_20260608_225815,full_backup_20260608_225815,application/vnd.google-apps.folder,,2026-06-08T22:58:15.000Z
1QRaoWRf1Yob-NfYGdV_H-XzfNN2tOhlM,ROOT/backups/FINAL_SYSTEM_BACKUP_3_20260612_054242/backups/FINAL_SYSTEM_BACKUP_3_20260612_054242/backups/FINAL_SYSTEM_BACKUP_3_20260612_054242/backups/FINAL_SYSTEM_BACKUP_3_20260612_054242/backups/FINAL_SYSTEM_BACKUP_3_20260612_054242/backups/FINAL_SYSTEM_BACKUP_3_20260612_054242/backups/FINAL_SYSTEM_BACKUP_3_20260612_054242/backups/FINAL_SYSTEM_BACKUP_3_20260612_054242/backups/FINAL_SYSTEM_BACKUP_3_20260612_054242/backups/FINAL_SYSTEM_BACKUP_3_20260612_054242/backups/FINAL_SYSTEM_BACKUP_3_20260612_054242/backups/FINAL_SYSTEM_BACKUP_3_20260612_054242/backups/FINAL_SYSTEM_BACKUP_3_20260612_054242/backups/FINAL_SYSTEM_BACKUP_3_20260612_054242/backups/full_backup_20260608_225815/secrets,secrets,application/vnd.google-apps.folder,,2026-06-08T21:02:21.000Z
1DAsDdmVrK8qXdWk0ZQv1oecpZDj1L830,ROOT/backups/FINAL_SYSTEM_BACKUP_3_20260612_054242/backups/FINAL_SYSTEM_BACKUP_3_20260612_054242/backups/FINAL_SYSTEM_BACKUP_3_20260612_054242/backups/FINAL_SYSTEM_BACKUP_3_20260612_054242/backups/FINAL_SYSTEM_BACKUP_3_20260612_054242/backups/FINAL_SYSTEM_BACKUP_3_20260612_054242/backups/FINAL_SYSTEM_BACKUP_3_20260612_054242/backups/FINAL_SYSTEM_BACKUP_3_20260612_054242/backups/FINAL_SYSTEM_BACKUP_3_20260612_054242/backups/FINAL_SYSTEM_BACKUP_3_20260612_054242/backups/FINAL_SYSTEM_BACKUP_3_20260612_054242/backups/FINAL_SYSTEM_BACKUP_3_20260612_054242/backups/FINAL_SYSTEM_BACKUP_3_20260612_054242/backups/FINAL_SYSTEM_BACKUP_3_20260612_054242/backups/full_backup_20260608_225815/bilder,bilder,application/vnd.google-apps.folder,,2026-06-08T05:51:42.000Z
1T88cFkGd-NaXPm4L-TAvmZzjbH9rDLk3,ROOT/backups/FINAL_SYSTEM_BACKUP_3_20260612_054242/backups/FINAL_SYSTEM_BACKUP_3_20260612_054242/backups/FINAL_SYSTEM_BACKUP_3_20260612_054242/backups/FINAL_SYSTEM_BACKUP_3_20260612_054242/backups/FINAL_SYSTEM_BACKUP_3_20260612_054242/backups/FINAL_SYSTEM_BACKUP_3_20260612_054242/backups/FINAL_SYSTEM_BACKUP_3_20260612_054242/backups/FINAL_SYSTEM_BACKUP_3_20260612_054242/backups/FINAL_SYSTEM_BACKUP_3_20260612_054242/backups/FINAL_SYSTEM_BACKUP_3_20260612_054242/backups/FINAL_SYSTEM_BACKUP_3_20260612_054242/backups/FINAL_SYSTEM_BACKUP_3_20260612_054242/backups/FINAL_SYSTEM_BACKUP_3_20260612_054242/backups/FINAL_SYSTEM_BACKUP_3_20260612_054242/bilder,bilder,application/vnd.google-apps.folder,,2026-06-12T05:42:43.000Z
1kjbKSxRSD2vlySlYQ_YOScogqrKxgu5N,ROOT/backups/FINAL_SYSTEM_BACKUP_3_20260612_054242/backups/FINAL_SYSTEM_BACKUP_3_20260612_054242/backups/FINAL_SYSTEM_BACKUP_3_20260612_054242/backups/FINAL_SYSTEM_BACKUP_3_20260612_054242/backups/FINAL_SYSTEM_BACKUP_3_20260612_054242/backups/FINAL_SYSTEM_BACKUP_3_20260612_054242/backups/FINAL_SYSTEM_BACKUP_3_20260612_054242/backups/FINAL_SYSTEM_BACKUP_3_20260612_054242/backups/FINAL_SYSTEM_BACKUP_3_20260612_054242/backups/FINAL_SYSTEM_BACKUP_3_20260612_054242/backups/FINAL_SYSTEM_BACKUP_3_20260612_054242/backups/FINAL_SYSTEM_BACKUP_3_20260612_054242/backups/FINAL_SYSTEM_BACKUP_3_20260612_054242/backups/FINAL_SYSTEM_BACKUP_3_20260612_054242/bilder/produkte,produkte,application/vnd.google-apps.folder,,2026-06-09T07:10:29.000Z
1k_z0f91RpJ9DfXX_Ye_1wiOYWg9e_2KU,ROOT/backups/FINAL_SYSTEM_BACKUP_3_20260612_054242/backups/FINAL_SYSTEM_BACKUP_3_20260612_054242/backups/FINAL_SYSTEM_BACKUP_3_20260612_054242/backups/FINAL_SYSTEM_BACKUP_3_20260612_054242/backups/FINAL_SYSTEM_BACKUP_3_20260612_054242/backups/FINAL_SYSTEM_BACKUP_3_20260612_054242/backups/FINAL_SYSTEM_BACKUP_3_20260612_054242/backups/FINAL_SYSTEM_BACKUP_3_20260612_054242/backups/FINAL_SYSTEM_BACKUP_3_20260612_054242/backups/FINAL_SYSTEM_BACKUP_3_20260612_054242/backups/FINAL_SYSTEM_BACKUP_3_20260612_054242/backups/FINAL_SYSTEM_BACKUP_3_20260612_054242/backups/FINAL_SYSTEM_BACKUP_3_20260612_054242/backups/old_images_20260609_071029,old_images_20260609_071029,application/vnd.google-apps.folder,,2026-06-09T07:10:29.000Z
1mGG4umJebK5Ku1UsolvDXp4txvKHCbT4,ROOT/backups/FINAL_SYSTEM_BACKUP_3_20260612_054242/backups/FINAL_SYSTEM_BACKUP_3_20260612_054242/backups/FINAL_SYSTEM_BACKUP_3_20260612_054242/backups/FINAL_SYSTEM_BACKUP_3_20260612_054242/backups/FINAL_SYSTEM_BACKUP_3_20260612_054242/backups/FINAL_SYSTEM_BACKUP_3_20260612_054242/backups/FINAL_SYSTEM_BACKUP_3_20260612_054242/backups/FINAL_SYSTEM_BACKUP_3_20260612_054242/backups/FINAL_SYSTEM_BACKUP_3_20260612_054242/backups/FINAL_SYSTEM_BACKUP_3_20260612_054242/backups/FINAL_SYSTEM_BACKUP_3_20260612_054242/backups/FINAL_SYSTEM_BACKUP_3_20260612_054242/backups/FINAL_SYSTEM_BACKUP_3_20260612_054242/backups/full_backup_20260608_225815,full_backup_20260608_225815,application/vnd.google-apps.folder,,2026-06-08T22:58:15.000Z
1hfLNID0X8tx212KqdGPt28EwLZUyNJFN,ROOT/backups/FINAL_SYSTEM_BACKUP_3_20260612_054242/backups/FINAL_SYSTEM_BACKUP_3_20260612_054242/backups/FINAL_SYSTEM_BACKUP_3_20260612_054242/backups/FINAL_SYSTEM_BACKUP_3_20260612_054242/backups/FINAL_SYSTEM_BACKUP_3_20260612_054242/backups/FINAL_SYSTEM_BACKUP_3_20260612_054242/backups/FINAL_SYSTEM_BACKUP_3_20260612_054242/backups/FINAL_SYSTEM_BACKUP_3_20260612_054242/backups/FINAL_SYSTEM_BACKUP_3_20260612_054242/backups/FINAL_SYSTEM_BACKUP_3_20260612_054242/backups/FINAL_SYSTEM_BACKUP_3_20260612_054242/backups/FINAL_SYSTEM_BACKUP_3_20260612_054242/backups/FINAL_SYSTEM_BACKUP_3_20260612_054242/backups/full_backup_20260608_225815/secrets,secrets,application/vnd.google-apps.folder,,2026-06-08T21:02:21.000Z
1nBdH9iLR_fDnBsllXsMgkF_fIMiRC48Z,ROOT/backups/FINAL_SYSTEM_BACKUP_3_20260612_054242/backups/FINAL_SYSTEM_BACKUP_3_20260612_054242/backups/FINAL_SYSTEM_BACKUP_3_20260612_054242/backups/FINAL_SYSTEM_BACKUP_3_20260612_054242/backups/FINAL_SYSTEM_BACKUP_3_20260612_054242/backups/FINAL_SYSTEM_BACKUP_3_20260612_054242/backups/FINAL_SYSTEM_BACKUP_3_20260612_054242/backups/FINAL_SYSTEM_BACKUP_3_20260612_054242/backups/FINAL_SYSTEM_BACKUP_3_20260612_054242/backups/FINAL_SYSTEM_BACKUP_3_20260612_054242/backups/FINAL_SYSTEM_BACKUP_3_20260612_054242/backups/FINAL_SYSTEM_BACKUP_3_20260612_054242/backups/FINAL_SYSTEM_BACKUP_3_20260612_054242/backups/full_backup_20260608_225815/bilder,bilder,application/vnd.google-apps.folder,,2026-06-08T05:51:42.000Z
1fthdd8qGATHOqZ0ha3Uyo2m9xxD6Acwj,ROOT/backups/FINAL_SYSTEM_BACKUP_3_20260612_054242/backups/FINAL_SYSTEM_BACKUP_3_20260612_054242/backups/FINAL_SYSTEM_BACKUP_3_20260612_054242/backups/FINAL_SYSTEM_BACKUP_3_20260612_054242/backups/FINAL_SYSTEM_BACKUP_3_20260612_054242/backups/FINAL_SYSTEM_BACKUP_3_20260612_054242/backups/FINAL_SYSTEM_BACKUP_3_20260612_054242/backups/FINAL_SYSTEM_BACKUP_3_20260612_054242/backups/FINAL_SYSTEM_BACKUP_3_20260612_054242/backups/FINAL_SYSTEM_BACKUP_3_20260612_054242/backups/FINAL_SYSTEM_BACKUP_3_20260612_054242/backups/FINAL_SYSTEM_BACKUP_3_20260612_054242/backups/FINAL_SYSTEM_BACKUP_3_20260612_054242/bilder,bilder,application/vnd.google-apps.folder,,2026-06-12T05:42:43.000Z
1t0-Tx7wlgMU39YMWRVa64qS2tpZB5FQI,ROOT/backups/FINAL_SYSTEM_BACKUP_3_20260612_054242/backups/FINAL_SYSTEM_BACKUP_3_20260612_054242/backups/FINAL_SYSTEM_BACKUP_3_20260612_054242/backups/FINAL_SYSTEM_BACKUP_3_20260612_054242/backups/FINAL_SYSTEM_BACKUP_3_20260612_054242/backups/FINAL_SYSTEM_BACKUP_3_20260612_054242/backups/FINAL_SYSTEM_BACKUP_3_20260612_054242/backups/FINAL_SYSTEM_BACKUP_3_20260612_054242/backups/FINAL_SYSTEM_BACKUP_3_20260612_054242/backups/FINAL_SYSTEM_BACKUP_3_20260612_054242/backups/FINAL_SYSTEM_BACKUP_3_20260612_054242/backups/FINAL_SYSTEM_BACKUP_3_20260612_054242/backups/FINAL_SYSTEM_BACKUP_3_20260612_054242/bilder/produkte,produkte,application/vnd.google-apps.folder,,2026-06-09T07:10:29.000Z
1odVs3CL93oPM-S669w_5RaILwBfa1CxS,ROOT/backups/FINAL_SYSTEM_BACKUP_3_20260612_054242/backups/FINAL_SYSTEM_BACKUP_3_20260612_054242/backups/FINAL_SYSTEM_BACKUP_3_20260612_054242/backups/FINAL_SYSTEM_BACKUP_3_20260612_054242/backups/FINAL_SYSTEM_BACKUP_3_20260612_054242/backups/FINAL_SYSTEM_BACKUP_3_20260612_054242/backups/FINAL_SYSTEM_BACKUP_3_20260612_054242/backups/FINAL_SYSTEM_BACKUP_3_20260612_054242/backups/FINAL_SYSTEM_BACKUP_3_20260612_054242/backups/FINAL_SYSTEM_BACKUP_3_20260612_054242/backups/FINAL_SYSTEM_BACKUP_3_20260612_054242/backups/FINAL_SYSTEM_BACKUP_3_20260612_054242/backups/old_images_20260609_071029,old_images_20260609_071029,application/vnd.google-apps.folder,,2026-06-09T07:10:29.000Z
1WVSZNvrhc9dv-2gJ-gHaSSTbnfWGJz_l,ROOT/backups/FINAL_SYSTEM_BACKUP_3_20260612_054242/backups/FINAL_SYSTEM_BACKUP_3_20260612_054242/backups/FINAL_SYSTEM_BACKUP_3_20260612_054242/backups/FINAL_SYSTEM_BACKUP_3_20260612_054242/backups/FINAL_SYSTEM_BACKUP_3_20260612_054242/backups/FINAL_SYSTEM_BACKUP_3_20260612_054242/backups/FINAL_SYSTEM_BACKUP_3_20260612_054242/backups/FINAL_SYSTEM_BACKUP_3_20260612_054242/backups/FINAL_SYSTEM_BACKUP_3_20260612_054242/backups/FINAL_SYSTEM_BACKUP_3_20260612_054242/backups/FINAL_SYSTEM_BACKUP_3_20260612_054242/backups/FINAL_SYSTEM_BACKUP_3_20260612_054242/backups/full_backup_20260608_225815,full_backup_20260608_225815,application/vnd.google-apps.folder,,2026-06-08T22:58:15.000Z
1ye83eQ_I84S_YtHv5fJLtO3szbRldOV8,ROOT/backups/FINAL_SYSTEM_BACKUP_3_20260612_054242/backups/FINAL_SYSTEM_BACKUP_3_20260612_054242/backups/FINAL_SYSTEM_BACKUP_3_20260612_054242/backups/FINAL_SYSTEM_BACKUP_3_20260612_054242/backups/FINAL_SYSTEM_BACKUP_3_20260612_054242/backups/FINAL_SYSTEM_BACKUP_3_20260612_054242/backups/FINAL_SYSTEM_BACKUP_3_20260612_054242/backups/FINAL_SYSTEM_BACKUP_3_20260612_054242/backups/FINAL_SYSTEM_BACKUP_3_20260612_054242/backups/FINAL_SYSTEM_BACKUP_3_20260612_054242/backups/FINAL_SYSTEM_BACKUP_3_20260612_054242/backups/FINAL_SYSTEM_BACKUP_3_20260612_054242/backups/full_backup_20260608_225815/secrets,secrets,application/vnd.google-apps.folder,,2026-06-08T21:02:21.000Z
1Hhgc8DgBbFPR8bfZ4z9X0Er_C6i7p3NM,ROOT/backups/FINAL_SYSTEM_BACKUP_3_20260612_054242/backups/FINAL_SYSTEM_BACKUP_3_20260612_054242/backups/FINAL_SYSTEM_BACKUP_3_20260612_054242/backups/FINAL_SYSTEM_BACKUP_3_20260612_054242/backups/FINAL_SYSTEM_BACKUP_3_20260612_054242/backups/FINAL_SYSTEM_BACKUP_3_20260612_054242/backups/FINAL_SYSTEM_BACKUP_3_20260612_054242/backups/FINAL_SYSTEM_BACKUP_3_20260612_054242/backups/FINAL_SYSTEM_BACKUP_3_20260612_054242/backups/FINAL_SYSTEM_BACKUP_3_20260612_054242/backups/FINAL_SYSTEM_BACKUP_3_20260612_054242/backups/FINAL_SYSTEM_BACKUP_3_20260612_054242/backups/full_backup_20260608_225815/bilder,bilder,application/vnd.google-apps.folder,,2026-06-08T05:51:42.000Z
1Xf5CiWlEToG_Ch7FD6ZAbA-pHFQUvG_S,ROOT/backups/FINAL_SYSTEM_BACKUP_3_20260612_054242/backups/FINAL_SYSTEM_BACKUP_3_20260612_054242/backups/FINAL_SYSTEM_BACKUP_3_20260612_054242/backups/FINAL_SYSTEM_BACKUP_3_20260612_054242/backups/FINAL_SYSTEM_BACKUP_3_20260612_054242/backups/FINAL_SYSTEM_BACKUP_3_20260612_054242/backups/FINAL_SYSTEM_BACKUP_3_20260612_054242/backups/FINAL_SYSTEM_BACKUP_3_20260612_054242/backups/FINAL_SYSTEM_BACKUP_3_20260612_054242/backups/FINAL_SYSTEM_BACKUP_3_20260612_054242/backups/FINAL_SYSTEM_BACKUP_3_20260612_054242/backups/FINAL_SYSTEM_BACKUP_3_20260612_054242/bilder,bilder,application/vnd.google-apps.folder,,2026-06-12T05:42:43.000Z
1eiINEJ6sM-BpQpKpa7UyYu8lMrybTdA1,ROOT/backups/FINAL_SYSTEM_BACKUP_3_20260612_054242/backups/FINAL_SYSTEM_BACKUP_3_20260612_054242/backups/FINAL_SYSTEM_BACKUP_3_20260612_054242/backups/FINAL_SYSTEM_BACKUP_3_20260612_054242/backups/FINAL_SYSTEM_BACKUP_3_20260612_054242/backups/FINAL_SYSTEM_BACKUP_3_20260612_054242/backups/FINAL_SYSTEM_BACKUP_3_20260612_054242/backups/FINAL_SYSTEM_BACKUP_3_20260612_054242/backups/FINAL_SYSTEM_BACKUP_3_20260612_054242/backups/FINAL_SYSTEM_BACKUP_3_20260612_054242/backups/FINAL_SYSTEM_BACKUP_3_20260612_054242/backups/FINAL_SYSTEM_BACKUP_3_20260612_054242/bilder/produkte,produkte,application/vnd.google-apps.folder,,2026-06-09T07:10:29.000Z
1PLwHJcFLyuQbGYHmCzgsVceXEabO3Odu,ROOT/backups/FINAL_SYSTEM_BACKUP_3_20260612_054242/backups/FINAL_SYSTEM_BACKUP_3_20260612_054242/backups/FINAL_SYSTEM_BACKUP_3_20260612_054242/backups/FINAL_SYSTEM_BACKUP_3_20260612_054242/backups/FINAL_SYSTEM_BACKUP_3_20260612_054242/backups/FINAL_SYSTEM_BACKUP_3_20260612_054242/backups/FINAL_SYSTEM_BACKUP_3_20260612_054242/backups/FINAL_SYSTEM_BACKUP_3_20260612_054242/backups/FINAL_SYSTEM_BACKUP_3_20260612_054242/backups/FINAL_SYSTEM_BACKUP_3_20260612_054242/backups/FINAL_SYSTEM_BACKUP_3_20260612_054242/backups/old_images_20260609_071029,old_images_20260609_071029,application/vnd.google-apps.folder,,2026-06-09T07:10:29.000Z
1dpxhGLm3TpR0IOHJT9VMrbotgtCOJkie,ROOT/backups/FINAL_SYSTEM_BACKUP_3_20260612_054242/backups/FINAL_SYSTEM_BACKUP_3_20260612_054242/backups/FINAL_SYSTEM_BACKUP_3_20260612_054242/backups/FINAL_SYSTEM_BACKUP_3_20260612_054242/backups/FINAL_SYSTEM_BACKUP_3_20260612_054242/backups/FINAL_SYSTEM_BACKUP_3_20260612_054242/backups/FINAL_SYSTEM_BACKUP_3_20260612_054242/backups/FINAL_SYSTEM_BACKUP_3_20260612_054242/backups/FINAL_SYSTEM_BACKUP_3_20260612_054242/backups/FINAL_SYSTEM_BACKUP_3_20260612_054242/backups/FINAL_SYSTEM_BACKUP_3_20260612_054242/backups/full_backup_20260608_225815,full_backup_20260608_225815,application/vnd.google-apps.folder,,2026-06-08T22:58:15.000Z
1TDgp20g_Uceji9a2iYznr3E8TcO7diBP,ROOT/backups/FINAL_SYSTEM_BACKUP_3_20260612_054242/backups/FINAL_SYSTEM_BACKUP_3_20260612_054242/backups/FINAL_SYSTEM_BACKUP_3_20260612_054242/backups/FINAL_SYSTEM_BACKUP_3_20260612_054242/backups/FINAL_SYSTEM_BACKUP_3_20260612_054242/backups/FINAL_SYSTEM_BACKUP_3_20260612_054242/backups/FINAL_SYSTEM_BACKUP_3_20260612_054242/backups/FINAL_SYSTEM_BACKUP_3_20260612_054242/backups/FINAL_SYSTEM_BACKUP_3_20260612_054242/backups/FINAL_SYSTEM_BACKUP_3_20260612_054242/backups/FINAL_SYSTEM_BACKUP_3_20260612_054242/backups/full_backup_20260608_225815/secrets,secrets,application/vnd.google-apps.folder,,2026-06-08T21:02:21.000Z
1GCaUQaWAKZuPb71MnplHjieY2YhcXqVo,ROOT/backups/FINAL_SYSTEM_BACKUP_3_20260612_054242/backups/FINAL_SYSTEM_BACKUP_3_20260612_054242/backups/FINAL_SYSTEM_BACKUP_3_20260612_054242/backups/FINAL_SYSTEM_BACKUP_3_20260612_054242/backups/FINAL_SYSTEM_BACKUP_3_20260612_054242/backups/FINAL_SYSTEM_BACKUP_3_20260612_054242/backups/FINAL_SYSTEM_BACKUP_3_20260612_054242/backups/FINAL_SYSTEM_BACKUP_3_20260612_054242/backups/FINAL_SYSTEM_BACKUP_3_20260612_054242/backups/FINAL_SYSTEM_BACKUP_3_20260612_054242/backups/FINAL_SYSTEM_BACKUP_3_20260612_054242/backups/full_backup_20260608_225815/bilder,bilder,application/vnd.google-apps.folder,,2026-06-08T05:51:42.000Z
17mSeFmkSwXGNC4B397PqnlPTcPN5EMfT,ROOT/backups/FINAL_SYSTEM_BACKUP_3_20260612_054242/backups/FINAL_SYSTEM_BACKUP_3_20260612_054242/backups/FINAL_SYSTEM_BACKUP_3_20260612_054242/backups/FINAL_SYSTEM_BACKUP_3_20260612_054242/backups/FINAL_SYSTEM_BACKUP_3_20260612_054242/backups/FINAL_SYSTEM_BACKUP_3_20260612_054242/backups/FINAL_SYSTEM_BACKUP_3_20260612_054242/backups/FINAL_SYSTEM_BACKUP_3_20260612_054242/backups/FINAL_SYSTEM_BACKUP_3_20260612_054242/backups/FINAL_SYSTEM_BACKUP_3_20260612_054242/backups/FINAL_SYSTEM_BACKUP_3_20260612_054242/bilder,bilder,application/vnd.google-apps.folder,,2026-06-12T05:42:43.000Z
1AkkBl-Izi6UiiS8DiBQojxst2qMTRDKe,ROOT/backups/FINAL_SYSTEM_BACKUP_3_20260612_054242/backups/FINAL_SYSTEM_BACKUP_3_20260612_054242/backups/FINAL_SYSTEM_BACKUP_3_20260612_054242/backups/FINAL_SYSTEM_BACKUP_3_20260612_054242/backups/FINAL_SYSTEM_BACKUP_3_20260612_054242/backups/FINAL_SYSTEM_BACKUP_3_20260612_054242/backups/FINAL_SYSTEM_BACKUP_3_20260612_054242/backups/FINAL_SYSTEM_BACKUP_3_20260612_054242/backups/FINAL_SYSTEM_BACKUP_3_20260612_054242/backups/FINAL_SYSTEM_BACKUP_3_20260612_054242/backups/FINAL_SYSTEM_BACKUP_3_20260612_054242/bilder/produkte,produkte,application/vnd.google-apps.folder,,2026-06-09T07:10:29.000Z
1v1M2vGXkgn26-s4F1kMXKX7FmMA9W_Lg,ROOT/backups/FINAL_SYSTEM_BACKUP_3_20260612_054242/backups/FINAL_SYSTEM_BACKUP_3_20260612_054242/backups/FINAL_SYSTEM_BACKUP_3_20260612_054242/backups/FINAL_SYSTEM_BACKUP_3_20260612_054242/backups/FINAL_SYSTEM_BACKUP_3_20260612_054242/backups/FINAL_SYSTEM_BACKUP_3_20260612_054242/backups/FINAL_SYSTEM_BACKUP_3_20260612_054242/backups/FINAL_SYSTEM_BACKUP_3_20260612_054242/backups/FINAL_SYSTEM_BACKUP_3_20260612_054242/backups/FINAL_SYSTEM_BACKUP_3_20260612_054242/backups/old_images_20260609_071029,old_images_20260609_071029,application/vnd.google-apps.folder,,2026-06-09T07:10:29.000Z
1-1G-dzr0vIfeHeVkMCHNJxGsriwtjL23,ROOT/backups/FINAL_SYSTEM_BACKUP_3_20260612_054242/backups/FINAL_SYSTEM_BACKUP_3_20260612_054242/backups/FINAL_SYSTEM_BACKUP_3_20260612_054242/backups/FINAL_SYSTEM_BACKUP_3_20260612_054242/backups/FINAL_SYSTEM_BACKUP_3_20260612_054242/backups/FINAL_SYSTEM_BACKUP_3_20260612_054242/backups/FINAL_SYSTEM_BACKUP_3_20260612_054242/backups/FINAL_SYSTEM_BACKUP_3_20260612_054242/backups/FINAL_SYSTEM_BACKUP_3_20260612_054242/backups/FINAL_SYSTEM_BACKUP_3_20260612_054242/backups/full_backup_20260608_225815,full_backup_20260608_225815,application/vnd.google-apps.folder,,2026-06-08T22:58:15.000Z
1Z2pg11erORLb5uLu5XMjqlwLsCa-sDNU,ROOT/backups/FINAL_SYSTEM_BACKUP_3_20260612_054242/backups/FINAL_SYSTEM_BACKUP_3_20260612_054242/backups/FINAL_SYSTEM_BACKUP_3_20260612_054242/backups/FINAL_SYSTEM_BACKUP_3_20260612_054242/backups/FINAL_SYSTEM_BACKUP_3_20260612_054242/backups/FINAL_SYSTEM_BACKUP_3_20260612_054242/backups/FINAL_SYSTEM_BACKUP_3_20260612_054242/backups/FINAL_SYSTEM_BACKUP_3_20260612_054242/backups/FINAL_SYSTEM_BACKUP_3_20260612_054242/backups/FINAL_SYSTEM_BACKUP_3_20260612_054242/backups/full_backup_20260608_225815/secrets,secrets,application/vnd.google-apps.folder,,2026-06-08T21:02:21.000Z
1u5WCG2xO8nYtPkw9HfBaKNFJifikATQL,ROOT/backups/FINAL_SYSTEM_BACKUP_3_20260612_054242/backups/FINAL_SYSTEM_BACKUP_3_20260612_054242/backups/FINAL_SYSTEM_BACKUP_3_20260612_054242/backups/FINAL_SYSTEM_BACKUP_3_20260612_054242/backups/FINAL_SYSTEM_BACKUP_3_20260612_054242/backups/FINAL_SYSTEM_BACKUP_3_20260612_054242/backups/FINAL_SYSTEM_BACKUP_3_20260612_054242/backups/FINAL_SYSTEM_BACKUP_3_20260612_054242/backups/FINAL_SYSTEM_BACKUP_3_20260612_054242/backups/FINAL_SYSTEM_BACKUP_3_20260612_054242/backups/full_backup_20260608_225815/bilder,bilder,application/vnd.google-apps.folder,,2026-06-08T05:51:42.000Z
1PsGWvBLl5YdBJkvEfYPqjiVce8dxvn9Q,ROOT/backups/FINAL_SYSTEM_BACKUP_3_20260612_054242/backups/FINAL_SYSTEM_BACKUP_3_20260612_054242/backups/FINAL_SYSTEM_BACKUP_3_20260612_054242/backups/FINAL_SYSTEM_BACKUP_3_20260612_054242/backups/FINAL_SYSTEM_BACKUP_3_20260612_054242/backups/FINAL_SYSTEM_BACKUP_3_20260612_054242/backups/FINAL_SYSTEM_BACKUP_3_20260612_054242/backups/FINAL_SYSTEM_BACKUP_3_20260612_054242/backups/FINAL_SYSTEM_BACKUP_3_20260612_054242/backups/FINAL_SYSTEM_BACKUP_3_20260612_054242/bilder,bilder,application/vnd.google-apps.folder,,2026-06-12T05:42:43.000Z
153jti2Spgal31hS7KCwWOl5qslh-7Ifq,ROOT/backups/FINAL_SYSTEM_BACKUP_3_20260612_054242/backups/FINAL_SYSTEM_BACKUP_3_20260612_054242/backups/FINAL_SYSTEM_BACKUP_3_20260612_054242/backups/FINAL_SYSTEM_BACKUP_3_20260612_054242/backups/FINAL_SYSTEM_BACKUP_3_20260612_054242/backups/FINAL_SYSTEM_BACKUP_3_20260612_054242/backups/FINAL_SYSTEM_BACKUP_3_20260612_054242/backups/FINAL_SYSTEM_BACKUP_3_20260612_054242/backups/FINAL_SYSTEM_BACKUP_3_20260612_054242/backups/FINAL_SYSTEM_BACKUP_3_20260612_054242/bilder/produkte,produkte,application/vnd.google-apps.folder,,2026-06-09T07:10:29.000Z
1ejarkYJHqvEzJJ1L-mmPVkhwikgSzgmB,ROOT/backups/FINAL_SYSTEM_BACKUP_3_20260612_054242/backups/FINAL_SYSTEM_BACKUP_3_20260612_054242/backups/FINAL_SYSTEM_BACKUP_3_20260612_054242/backups/FINAL_SYSTEM_BACKUP_3_20260612_054242/backups/FINAL_SYSTEM_BACKUP_3_20260612_054242/backups/FINAL_SYSTEM_BACKUP_3_20260612_054242/backups/FINAL_SYSTEM_BACKUP_3_20260612_054242/backups/FINAL_SYSTEM_BACKUP_3_20260612_054242/backups/FINAL_SYSTEM_BACKUP_3_20260612_054242/backups/old_images_20260609_071029,old_images_20260609_071029,application/vnd.google-apps.folder,,2026-06-09T07:10:29.000Z
1ILR6zSu8sBXgOe35OJ3N4w9CCRdS1_da,ROOT/backups/FINAL_SYSTEM_BACKUP_3_20260612_054242/backups/FINAL_SYSTEM_BACKUP_3_20260612_054242/backups/FINAL_SYSTEM_BACKUP_3_20260612_054242/backups/FINAL_SYSTEM_BACKUP_3_20260612_054242/backups/FINAL_SYSTEM_BACKUP_3_20260612_054242/backups/FINAL_SYSTEM_BACKUP_3_20260612_054242/backups/FINAL_SYSTEM_BACKUP_3_20260612_054242/backups/FINAL_SYSTEM_BACKUP_3_20260612_054242/backups/FINAL_SYSTEM_BACKUP_3_20260612_054242/backups/full_backup_20260608_225815,full_backup_20260608_225815,application/vnd.google-apps.folder,,2026-06-08T22:58:15.000Z
1mFEqD3M8mIOPXrcahWNsJQy5s7gV_Pfk,ROOT/backups/FINAL_SYSTEM_BACKUP_3_20260612_054242/backups/FINAL_SYSTEM_BACKUP_3_20260612_054242/backups/FINAL_SYSTEM_BACKUP_3_20260612_054242/backups/FINAL_SYSTEM_BACKUP_3_20260612_054242/backups/FINAL_SYSTEM_BACKUP_3_20260612_054242/backups/FINAL_SYSTEM_BACKUP_3_20260612_054242/backups/FINAL_SYSTEM_BACKUP_3_20260612_054242/backups/FINAL_SYSTEM_BACKUP_3_20260612_054242/backups/FINAL_SYSTEM_BACKUP_3_20260612_054242/backups/full_backup_20260608_225815/secrets,secrets,application/vnd.google-apps.folder,,2026-06-08T21:02:21.000Z
1BPUIUdT83DCJNKwDS7s4rwVuo1N1a-1M,ROOT/backups/FINAL_SYSTEM_BACKUP_3_20260612_054242/backups/FINAL_SYSTEM_BACKUP_3_20260612_054242/backups/FINAL_SYSTEM_BACKUP_3_20260612_054242/backups/FINAL_SYSTEM_BACKUP_3_20260612_054242/backups/FINAL_SYSTEM_BACKUP_3_20260612_054242/backups/FINAL_SYSTEM_BACKUP_3_20260612_054242/backups/FINAL_SYSTEM_BACKUP_3_20260612_054242/backups/FINAL_SYSTEM_BACKUP_3_20260612_054242/backups/FINAL_SYSTEM_BACKUP_3_20260612_054242/backups/full_backup_20260608_225815/bilder,bilder,application/vnd.google-apps.folder,,2026-06-08T05:51:42.000Z
1SWRpXelvri0L-idgv373NV9fjBxrpGv4,ROOT/backups/FINAL_SYSTEM_BACKUP_3_20260612_054242/backups/FINAL_SYSTEM_BACKUP_3_20260612_054242/backups/FINAL_SYSTEM_BACKUP_3_20260612_054242/backups/FINAL_SYSTEM_BACKUP_3_20260612_054242/backups/FINAL_SYSTEM_BACKUP_3_20260612_054242/backups/FINAL_SYSTEM_BACKUP_3_20260612_054242/backups/FINAL_SYSTEM_BACKUP_3_20260612_054242/backups/FINAL_SYSTEM_BACKUP_3_20260612_054242/backups/FINAL_SYSTEM_BACKUP_3_20260612_054242/bilder,bilder,application/vnd.google-apps.folder,,2026-06-12T05:42:43.000Z
1UiWPlqkZPUlg09OKNQdK7WOPjzfDKazq,ROOT/backups/FINAL_SYSTEM_BACKUP_3_20260612_054242/backups/FINAL_SYSTEM_BACKUP_3_20260612_054242/backups/FINAL_SYSTEM_BACKUP_3_20260612_054242/backups/FINAL_SYSTEM_BACKUP_3_20260612_054242/backups/FINAL_SYSTEM_BACKUP_3_20260612_054242/backups/FINAL_SYSTEM_BACKUP_3_20260612_054242/backups/FINAL_SYSTEM_BACKUP_3_20260612_054242/backups/FINAL_SYSTEM_BACKUP_3_20260612_054242/backups/FINAL_SYSTEM_BACKUP_3_20260612_054242/bilder/produkte,produkte,application/vnd.google-apps.folder,,2026-06-09T07:10:29.000Z
1kBjKKf9kLEZchqqxvo-RgI0ab_rarfW2,ROOT/backups/FINAL_SYSTEM_BACKUP_3_20260612_054242/backups/FINAL_SYSTEM_BACKUP_3_20260612_054242/backups/FINAL_SYSTEM_BACKUP_3_20260612_054242/backups/FINAL_SYSTEM_BACKUP_3_20260612_054242/backups/FINAL_SYSTEM_BACKUP_3_20260612_054242/backups/FINAL_SYSTEM_BACKUP_3_20260612_054242/backups/FINAL_SYSTEM_BACKUP_3_20260612_054242/backups/FINAL_SYSTEM_BACKUP_3_20260612_054242/backups/old_images_20260609_071029,old_images_20260609_071029,application/vnd.google-apps.folder,,2026-06-09T07:10:29.000Z
1xfOo23PHYD3-XIyWmD62hDjKPZyJcPzi,ROOT/backups/FINAL_SYSTEM_BACKUP_3_20260612_054242/backups/FINAL_SYSTEM_BACKUP_3_20260612_054242/backups/FINAL_SYSTEM_BACKUP_3_20260612_054242/backups/FINAL_SYSTEM_BACKUP_3_20260612_054242/backups/FINAL_SYSTEM_BACKUP_3_20260612_054242/backups/FINAL_SYSTEM_BACKUP_3_20260612_054242/backups/FINAL_SYSTEM_BACKUP_3_20260612_054242/backups/FINAL_SYSTEM_BACKUP_3_20260612_054242/backups/full_backup_20260608_225815,full_backup_20260608_225815,application/vnd.google-apps.folder,,2026-06-08T22:58:15.000Z
1F9yIOoqFA8F8KZsMfk9xCOp1AAS8YdqP,ROOT/backups/FINAL_SYSTEM_BACKUP_3_20260612_054242/backups/FINAL_SYSTEM_BACKUP_3_20260612_054242/backups/FINAL_SYSTEM_BACKUP_3_20260612_054242/backups/FINAL_SYSTEM_BACKUP_3_20260612_054242/backups/FINAL_SYSTEM_BACKUP_3_20260612_054242/backups/FINAL_SYSTEM_BACKUP_3_20260612_054242/backups/FINAL_SYSTEM_BACKUP_3_20260612_054242/backups/FINAL_SYSTEM_BACKUP_3_20260612_054242/backups/full_backup_20260608_225815/secrets,secrets,application/vnd.google-apps.folder,,2026-06-08T21:02:21.000Z
1JeJN0uwck7gNqs1DdcTH3kwyofPzVegG,ROOT/backups/FINAL_SYSTEM_BACKUP_3_20260612_054242/backups/FINAL_SYSTEM_BACKUP_3_20260612_054242/backups/FINAL_SYSTEM_BACKUP_3_20260612_054242/backups/FINAL_SYSTEM_BACKUP_3_20260612_054242/backups/FINAL_SYSTEM_BACKUP_3_20260612_054242/backups/FINAL_SYSTEM_BACKUP_3_20260612_054242/backups/FINAL_SYSTEM_BACKUP_3_20260612_054242/backups/FINAL_SYSTEM_BACKUP_3_20260612_054242/backups/full_backup_20260608_225815/bilder,bilder,application/vnd.google-apps.folder,,2026-06-08T05:51:42.000Z
11iAlkPKdURGc-0_E-PxhZBDtwiXYxjEs,ROOT/backups/FINAL_SYSTEM_BACKUP_3_20260612_054242/backups/FINAL_SYSTEM_BACKUP_3_20260612_054242/backups/FINAL_SYSTEM_BACKUP_3_20260612_054242/backups/FINAL_SYSTEM_BACKUP_3_20260612_054242/backups/FINAL_SYSTEM_BACKUP_3_20260612_054242/backups/FINAL_SYSTEM_BACKUP_3_20260612_054242/backups/FINAL_SYSTEM_BACKUP_3_20260612_054242/backups/FINAL_SYSTEM_BACKUP_3_20260612_054242/bilder,bilder,application/vnd.google-apps.folder,,2026-06-12T05:42:43.000Z
1nz6DLvOcN-DlnQpnXJteTTcsqS56tIww,ROOT/backups/FINAL_SYSTEM_BACKUP_3_20260612_054242/backups/FINAL_SYSTEM_BACKUP_3_20260612_054242/backups/FINAL_SYSTEM_BACKUP_3_20260612_054242/backups/FINAL_SYSTEM_BACKUP_3_20260612_054242/backups/FINAL_SYSTEM_BACKUP_3_20260612_054242/backups/FINAL_SYSTEM_BACKUP_3_20260612_054242/backups/FINAL_SYSTEM_BACKUP_3_20260612_054242/backups/FINAL_SYSTEM_BACKUP_3_20260612_054242/bilder/produkte,produkte,application/vnd.google-apps.folder,,2026-06-09T07:10:29.000Z
1nvbYec77fLOgv_-slVg1ZByglV3nGg9r,ROOT/backups/FINAL_SYSTEM_BACKUP_3_20260612_054242/backups/FINAL_SYSTEM_BACKUP_3_20260612_054242/backups/FINAL_SYSTEM_BACKUP_3_20260612_054242/backups/FINAL_SYSTEM_BACKUP_3_20260612_054242/backups/FINAL_SYSTEM_BACKUP_3_20260612_054242/backups/FINAL_SYSTEM_BACKUP_3_20260612_054242/backups/FINAL_SYSTEM_BACKUP_3_20260612_054242/backups/old_images_20260609_071029,old_images_20260609_071029,application/vnd.google-apps.folder,,2026-06-09T07:10:29.000Z
1CvCjY-XyBGUfuYHCZZNfDsQB3Pe7sMtB,ROOT/backups/FINAL_SYSTEM_BACKUP_3_20260612_054242/backups/FINAL_SYSTEM_BACKUP_3_20260612_054242/backups/FINAL_SYSTEM_BACKUP_3_20260612_054242/backups/FINAL_SYSTEM_BACKUP_3_20260612_054242/backups/FINAL_SYSTEM_BACKUP_3_20260612_054242/backups/FINAL_SYSTEM_BACKUP_3_20260612_054242/backups/FINAL_SYSTEM_BACKUP_3_20260612_054242/backups/full_backup_20260608_225815,full_backup_20260608_225815,application/vnd.google-apps.folder,,2026-06-08T22:58:15.000Z
1IRGyQXpZlWrb3Vg53wxMgX0h-nihFBff,ROOT/backups/FINAL_SYSTEM_BACKUP_3_20260612_054242/backups/FINAL_SYSTEM_BACKUP_3_20260612_054242/backups/FINAL_SYSTEM_BACKUP_3_20260612_054242/backups/FINAL_SYSTEM_BACKUP_3_20260612_054242/backups/FINAL_SYSTEM_BACKUP_3_20260612_054242/backups/FINAL_SYSTEM_BACKUP_3_20260612_054242/backups/FINAL_SYSTEM_BACKUP_3_20260612_054242/backups/full_backup_20260608_225815/secrets,secrets,application/vnd.google-apps.folder,,2026-06-08T21:02:21.000Z
1K85VS0riaEfWvo8WWxKS-1qctQdmnW5B,ROOT/backups/FINAL_SYSTEM_BACKUP_3_20260612_054242/backups/FINAL_SYSTEM_BACKUP_3_20260612_054242/backups/FINAL_SYSTEM_BACKUP_3_20260612_054242/backups/FINAL_SYSTEM_BACKUP_3_20260612_054242/backups/FINAL_SYSTEM_BACKUP_3_20260612_054242/backups/FINAL_SYSTEM_BACKUP_3_20260612_054242/backups/FINAL_SYSTEM_BACKUP_3_20260612_054242/backups/full_backup_20260608_225815/bilder,bilder,application/vnd.google-apps.folder,,2026-06-08T05:51:42.000Z
1Uv-_HtiJilYgKRYTpo3Jql-LtQx9OEQP,ROOT/backups/FINAL_SYSTEM_BACKUP_3_20260612_054242/backups/FINAL_SYSTEM_BACKUP_3_20260612_054242/backups/FINAL_SYSTEM_BACKUP_3_20260612_054242/backups/FINAL_SYSTEM_BACKUP_3_20260612_054242/backups/FINAL_SYSTEM_BACKUP_3_20260612_054242/backups/FINAL_SYSTEM_BACKUP_3_20260612_054242/backups/FINAL_SYSTEM_BACKUP_3_20260612_054242/bilder,bilder,application/vnd.google-apps.folder,,2026-06-12T05:42:43.000Z
12gxZCktaWo_lBoT41GmW5mVnjy4n8WQv,ROOT/backups/FINAL_SYSTEM_BACKUP_3_20260612_054242/backups/FINAL_SYSTEM_BACKUP_3_20260612_054242/backups/FINAL_SYSTEM_BACKUP_3_20260612_054242/backups/FINAL_SYSTEM_BACKUP_3_20260612_054242/backups/FINAL_SYSTEM_BACKUP_3_20260612_054242/backups/FINAL_SYSTEM_BACKUP_3_20260612_054242/backups/FINAL_SYSTEM_BACKUP_3_20260612_054242/bilder/produkte,produkte,application/vnd.google-apps.folder,,2026-06-09T07:10:29.000Z
114cLEb1JlTEMTYTHWU5MuQ1c7EhgP-3R,ROOT/backups/FINAL_SYSTEM_BACKUP_3_20260612_054242/backups/FINAL_SYSTEM_BACKUP_3_20260612_054242/backups/FINAL_SYSTEM_BACKUP_3_20260612_054242/backups/FINAL_SYSTEM_BACKUP_3_20260612_054242/backups/FINAL_SYSTEM_BACKUP_3_20260612_054242/backups/FINAL_SYSTEM_BACKUP_3_20260612_054242/backups/old_images_20260609_071029,old_images_20260609_071029,application/vnd.google-apps.folder,,2026-06-09T07:10:29.000Z
1YyIohiey0wlTagnzrXQgV-r5BgSn49OA,ROOT/backups/FINAL_SYSTEM_BACKUP_3_20260612_054242/backups/FINAL_SYSTEM_BACKUP_3_20260612_054242/backups/FINAL_SYSTEM_BACKUP_3_20260612_054242/backups/FINAL_SYSTEM_BACKUP_3_20260612_054242/backups/FINAL_SYSTEM_BACKUP_3_20260612_054242/backups/FINAL_SYSTEM_BACKUP_3_20260612_054242/backups/full_backup_20260608_225815,full_backup_20260608_225815,application/vnd.google-apps.folder,,2026-06-08T22:58:15.000Z
1imHOZjuqs9Zzvh7aeZ02sgbiMow3nkLf,ROOT/backups/FINAL_SYSTEM_BACKUP_3_20260612_054242/backups/FINAL_SYSTEM_BACKUP_3_20260612_054242/backups/FINAL_SYSTEM_BACKUP_3_20260612_054242/backups/FINAL_SYSTEM_BACKUP_3_20260612_054242/backups/FINAL_SYSTEM_BACKUP_3_20260612_054242/backups/FINAL_SYSTEM_BACKUP_3_20260612_054242/backups/full_backup_20260608_225815/secrets,secrets,application/vnd.google-apps.folder,,2026-06-08T21:02:21.000Z
1q6d4AcOGHfdiX8IzqRkNT145r_0VDMfe,ROOT/backups/FINAL_SYSTEM_BACKUP_3_20260612_054242/backups/FINAL_SYSTEM_BACKUP_3_20260612_054242/backups/FINAL_SYSTEM_BACKUP_3_20260612_054242/backups/FINAL_SYSTEM_BACKUP_3_20260612_054242/backups/FINAL_SYSTEM_BACKUP_3_20260612_054242/backups/FINAL_SYSTEM_BACKUP_3_20260612_054242/backups/full_backup_20260608_225815/bilder,bilder,application/vnd.google-apps.folder,,2026-06-08T05:51:42.000Z
1__HBVVgnHRY2BZIiQeksspkOif8vTn_a,ROOT/backups/FINAL_SYSTEM_BACKUP_3_20260612_054242/backups/FINAL_SYSTEM_BACKUP_3_20260612_054242/backups/FINAL_SYSTEM_BACKUP_3_20260612_054242/backups/FINAL_SYSTEM_BACKUP_3_20260612_054242/backups/FINAL_SYSTEM_BACKUP_3_20260612_054242/backups/FINAL_SYSTEM_BACKUP_3_20260612_054242/bilder,bilder,application/vnd.google-apps.folder,,2026-06-12T05:42:43.000Z
1JRhUeizHzGtojRbX3Ye5qkbPSc7SGX9X,ROOT/backups/FINAL_SYSTEM_BACKUP_3_20260612_054242/backups/FINAL_SYSTEM_BACKUP_3_20260612_054242/backups/FINAL_SYSTEM_BACKUP_3_20260612_054242/backups/FINAL_SYSTEM_BACKUP_3_20260612_054242/backups/FINAL_SYSTEM_BACKUP_3_20260612_054242/backups/FINAL_SYSTEM_BACKUP_3_20260612_054242/bilder/produkte,produkte,application/vnd.google-apps.folder,,2026-06-09T07:10:29.000Z
1BGzeunEJuzi5DKdFegrOtnJTs_ZP-3vh,ROOT/backups/FINAL_SYSTEM_BACKUP_3_20260612_054242/backups/FINAL_SYSTEM_BACKUP_3_20260612_054242/backups/FINAL_SYSTEM_BACKUP_3_20260612_054242/backups/FINAL_SYSTEM_BACKUP_3_20260612_054242/backups/FINAL_SYSTEM_BACKUP_3_20260612_054242/backups/old_images_20260609_071029,old_images_20260609_071029,application/vnd.google-apps.folder,,2026-06-09T07:10:29.000Z
1-jL7b2cEss8e7lrtlzY44_2MnrWYY76e,ROOT/backups/FINAL_SYSTEM_BACKUP_3_20260612_054242/backups/FINAL_SYSTEM_BACKUP_3_20260612_054242/backups/FINAL_SYSTEM_BACKUP_3_20260612_054242/backups/FINAL_SYSTEM_BACKUP_3_20260612_054242/backups/FINAL_SYSTEM_BACKUP_3_20260612_054242/backups/full_backup_20260608_225815,full_backup_20260608_225815,application/vnd.google-apps.folder,,2026-06-08T22:58:15.000Z
1t97G4vwlAYGgNlBTcM0bY5HeABXidV2G,ROOT/backups/FINAL_SYSTEM_BACKUP_3_20260612_054242/backups/FINAL_SYSTEM_BACKUP_3_20260612_054242/backups/FINAL_SYSTEM_BACKUP_3_20260612_054242/backups/FINAL_SYSTEM_BACKUP_3_20260612_054242/backups/FINAL_SYSTEM_BACKUP_3_20260612_054242/backups/full_backup_20260608_225815/secrets,secrets,application/vnd.google-apps.folder,,2026-06-08T21:02:21.000Z
1p4RLNUa1qeOQu7mlbPLEaxrh7MMeR9kz,ROOT/backups/FINAL_SYSTEM_BACKUP_3_20260612_054242/backups/FINAL_SYSTEM_BACKUP_3_20260612_054242/backups/FINAL_SYSTEM_BACKUP_3_20260612_054242/backups/FINAL_SYSTEM_BACKUP_3_20260612_054242/backups/FINAL_SYSTEM_BACKUP_3_20260612_054242/backups/full_backup_20260608_225815/bilder,bilder,application/vnd.google-apps.folder,,2026-06-08T05:51:42.000Z
1RWNxPDY-sadvaL6pPf7rHdl12N9s-bK2,ROOT/backups/FINAL_SYSTEM_BACKUP_3_20260612_054242/backups/FINAL_SYSTEM_BACKUP_3_20260612_054242/backups/FINAL_SYSTEM_BACKUP_3_20260612_054242/backups/FINAL_SYSTEM_BACKUP_3_20260612_054242/backups/FINAL_SYSTEM_BACKUP_3_20260612_054242/bilder,bilder,application/vnd.google-apps.folder,,2026-06-12T05:42:43.000Z
1nAiDAzA7bv9kECSGcsuABd8FwY63CZg5,ROOT/backups/FINAL_SYSTEM_BACKUP_3_20260612_054242/backups/FINAL_SYSTEM_BACKUP_3_20260612_054242/backups/FINAL_SYSTEM_BACKUP_3_20260612_054242/backups/FINAL_SYSTEM_BACKUP_3_20260612_054242/backups/FINAL_SYSTEM_BACKUP_3_20260612_054242/bilder/produkte,produkte,application/vnd.google-apps.folder,,2026-06-09T07:10:29.000Z
1Z8FQ6YDRTsY6jW6dccICRu1QKFK4jip9,ROOT/backups/FINAL_SYSTEM_BACKUP_3_20260612_054242/backups/FINAL_SYSTEM_BACKUP_3_20260612_054242/backups/FINAL_SYSTEM_BACKUP_3_20260612_054242/backups/FINAL_SYSTEM_BACKUP_3_20260612_054242/backups/old_images_20260609_071029,old_images_20260609_071029,application/vnd.google-apps.folder,,2026-06-09T07:10:29.000Z
1AxPfiMOJZOxG2vuQwc87zuudU0uCVbgj,ROOT/backups/FINAL_SYSTEM_BACKUP_3_20260612_054242/backups/FINAL_SYSTEM_BACKUP_3_20260612_054242/backups/FINAL_SYSTEM_BACKUP_3_20260612_054242/backups/FINAL_SYSTEM_BACKUP_3_20260612_054242/backups/full_backup_20260608_225815,full_backup_20260608_225815,application/vnd.google-apps.folder,,2026-06-08T22:58:15.000Z
1Fum22uomax7waYBpdweiKq3vR72A7nC0,ROOT/backups/FINAL_SYSTEM_BACKUP_3_20260612_054242/backups/FINAL_SYSTEM_BACKUP_3_20260612_054242/backups/FINAL_SYSTEM_BACKUP_3_20260612_054242/backups/FINAL_SYSTEM_BACKUP_3_20260612_054242/backups/full_backup_20260608_225815/secrets,secrets,application/vnd.google-apps.folder,,2026-06-08T21:02:21.000Z
1xgX5p45uYNRbpazz6z4uRTtWmwY8WjJ0,ROOT/backups/FINAL_SYSTEM_BACKUP_3_20260612_054242/backups/FINAL_SYSTEM_BACKUP_3_20260612_054242/backups/FINAL_SYSTEM_BACKUP_3_20260612_054242/backups/FINAL_SYSTEM_BACKUP_3_20260612_054242/backups/full_backup_20260608_225815/bilder,bilder,application/vnd.google-apps.folder,,2026-06-08T05:51:42.000Z
1YOLcUIVXHvNvEHQ9K0DljTnw7BJQzyQ1,ROOT/backups/FINAL_SYSTEM_BACKUP_3_20260612_054242/backups/FINAL_SYSTEM_BACKUP_3_20260612_054242/backups/FINAL_SYSTEM_BACKUP_3_20260612_054242/backups/FINAL_SYSTEM_BACKUP_3_20260612_054242/bilder,bilder,application/vnd.google-apps.folder,,2026-06-12T05:42:43.000Z
1v7GGSvlPA_-xQRI5YVmYu1mLhPUy7XcL,ROOT/backups/FINAL_SYSTEM_BACKUP_3_20260612_054242/backups/FINAL_SYSTEM_BACKUP_3_20260612_054242/backups/FINAL_SYSTEM_BACKUP_3_20260612_054242/backups/FINAL_SYSTEM_BACKUP_3_20260612_054242/bilder/produkte,produkte,application/vnd.google-apps.folder,,2026-06-09T07:10:29.000Z
1osyS7JfmNxJzG2C85Qhha27xxkosZjMN,ROOT/backups/FINAL_SYSTEM_BACKUP_3_20260612_054242/backups/FINAL_SYSTEM_BACKUP_3_20260612_054242/backups/FINAL_SYSTEM_BACKUP_3_20260612_054242/backups/old_images_20260609_071029,old_images_20260609_071029,application/vnd.google-apps.folder,,2026-06-09T07:10:29.000Z
1fQ51vj4UcLWiO9-E5IHEV2R2AWHcjmSf,ROOT/backups/FINAL_SYSTEM_BACKUP_3_20260612_054242/backups/FINAL_SYSTEM_BACKUP_3_20260612_054242/backups/FINAL_SYSTEM_BACKUP_3_20260612_054242/backups/full_backup_20260608_225815,full_backup_20260608_225815,application/vnd.google-apps.folder,,2026-06-08T22:58:15.000Z
1GOOW2Osk1LMiu09Rprt8kTzawce9Kjr-,ROOT/backups/FINAL_SYSTEM_BACKUP_3_20260612_054242/backups/FINAL_SYSTEM_BACKUP_3_20260612_054242/backups/FINAL_SYSTEM_BACKUP_3_20260612_054242/backups/full_backup_20260608_225815/secrets,secrets,application/vnd.google-apps.folder,,2026-06-08T21:02:21.000Z
1bmdX61QJqohucD_onZhMCyMuchr4Kk9G,ROOT/backups/FINAL_SYSTEM_BACKUP_3_20260612_054242/backups/FINAL_SYSTEM_BACKUP_3_20260612_054242/backups/FINAL_SYSTEM_BACKUP_3_20260612_054242/backups/full_backup_20260608_225815/bilder,bilder,application/vnd.google-apps.folder,,2026-06-08T05:51:42.000Z
1O-9p_bfipeZedO2Bl_XkVQwnsYebJun6,ROOT/backups/FINAL_SYSTEM_BACKUP_3_20260612_054242/backups/FINAL_SYSTEM_BACKUP_3_20260612_054242/backups/FINAL_SYSTEM_BACKUP_3_20260612_054242/bilder,bilder,application/vnd.google-apps.folder,,2026-06-12T05:42:43.000Z
1T4FohkBRpa8LyoI56WFXz3jevd-lAq9t,ROOT/backups/FINAL_SYSTEM_BACKUP_3_20260612_054242/backups/FINAL_SYSTEM_BACKUP_3_20260612_054242/backups/FINAL_SYSTEM_BACKUP_3_20260612_054242/bilder/produkte,produkte,application/vnd.google-apps.folder,,2026-06-09T07:10:29.000Z
11kEUI0w_La31_e9x_ujitHTfEzu-ZuQs,ROOT/backups/FINAL_SYSTEM_BACKUP_3_20260612_054242/backups/FINAL_SYSTEM_BACKUP_3_20260612_054242/backups/old_images_20260609_071029,old_images_20260609_071029,application/vnd.google-apps.folder,,2026-06-09T07:10:29.000Z
1q0gX7zxMVS6X_tLz0hcbHKo5Hp4t7G7I,ROOT/backups/FINAL_SYSTEM_BACKUP_3_20260612_054242/backups/FINAL_SYSTEM_BACKUP_3_20260612_054242/backups/full_backup_20260608_225815,full_backup_20260608_225815,application/vnd.google-apps.folder,,2026-06-08T22:58:15.000Z
1-bThlIwmELN5hh3cMTiLvg2GXYcrPd9D,ROOT/backups/FINAL_SYSTEM_BACKUP_3_20260612_054242/backups/FINAL_SYSTEM_BACKUP_3_20260612_054242/backups/full_backup_20260608_225815/secrets,secrets,application/vnd.google-apps.folder,,2026-06-08T21:02:21.000Z
1Jqlc_IYWFMqZDc2P10qLPzsefP8mIy2S,ROOT/backups/FINAL_SYSTEM_BACKUP_3_20260612_054242/backups/FINAL_SYSTEM_BACKUP_3_20260612_054242/backups/full_backup_20260608_225815/bilder,bilder,application/vnd.google-apps.folder,,2026-06-08T05:51:42.000Z
1gumYg0iPf7sfimq9sTYEwi1S97a34BKu,ROOT/backups/FINAL_SYSTEM_BACKUP_3_20260612_054242/backups/FINAL_SYSTEM_BACKUP_3_20260612_054242/bilder,bilder,application/vnd.google-apps.folder,,2026-06-12T05:42:43.000Z
1M9aG60O0_gzb0oBdV1RGeGQvJg_tXFmN,ROOT/backups/FINAL_SYSTEM_BACKUP_3_20260612_054242/backups/FINAL_SYSTEM_BACKUP_3_20260612_054242/bilder/produkte,produkte,application/vnd.google-apps.folder,,2026-06-09T07:10:29.000Z
1sEKA7Ab0Z-6mx3pNTX5TQ8HKpe4Kcsqe,ROOT/backups/FINAL_SYSTEM_BACKUP_3_20260612_054242/backups/old_images_20260609_071029,old_images_20260609_071029,application/vnd.google-apps.folder,,2026-06-12T05:43:14.612Z
1z-xLiHGj3JXHWhWEKKUkLPWvTOj9qehr,ROOT/backups/FINAL_SYSTEM_BACKUP_3_20260612_054242/backups/full_backup_20260608_225815,full_backup_20260608_225815,application/vnd.google-apps.folder,,2026-06-12T05:42:58.756Z
1Ji8236JW56TJ3Pt48KP-TEo_zEacokGi,ROOT/backups/FINAL_SYSTEM_BACKUP_3_20260612_054242/backups/full_backup_20260608_225815/bilder,bilder,application/vnd.google-apps.folder,,2026-06-12T05:42:59.711Z
10zi8BtEbT09t_huSFvWOKmlGlw_YlwsM,ROOT/backups/FINAL_SYSTEM_BACKUP_3_20260612_054242/backups/full_backup_20260608_225815/secrets,secrets,application/vnd.google-apps.folder,,2026-06-08T21:02:21.000Z
1hdf-yS_-56HrKNx0dZedpFvRwsJ8mUSj,ROOT/backups/FINAL_SYSTEM_BACKUP_3_20260612_054242/bilder,bilder,application/vnd.google-apps.folder,,2026-06-12T05:42:43.473Z
12XmdHvS50Ju_MkyN7jqCLRClsXssMIK3,ROOT/backups/FINAL_SYSTEM_BACKUP_3_20260612_054242/bilder/produkte,produkte,application/vnd.google-apps.folder,,2026-06-09T07:10:29.000Z
1FJjnHY5Bqc9sGhTqD6Az100qTIfAktNA,ROOT/backups/old_images_20260609_071029,old_images_20260609_071029,application/vnd.google-apps.folder,,2026-06-09T07:10:29.088Z
13Ej8tC86ltXPqYiWnGDo5Xn7SsBLbFGP,ROOT/backups/full_backup_20260608_225815,full_backup_20260608_225815,application/vnd.google-apps.folder,,2026-06-08T22:58:15.213Z
1xYan3B7EBmZWt_NH9s81ZIP-46Uky0xt,ROOT/backups/full_backup_20260608_225815/secrets,secrets,application/vnd.google-apps.folder,,2026-06-08T21:02:21.000Z
10G4u-4__f3gL7N-B2iH8Pl58Y5rFSAPV,ROOT/backups/full_backup_20260608_225815/bilder,bilder,application/vnd.google-apps.folder,,2026-06-08T05:51:42.000Z
1dAK0WnldkDwYDuxcWosMAp7-I-sf-EF7,ROOT/logs,logs,application/vnd.google-apps.folder,,2026-06-08T05:52:20.283Z
1LG637gpW0Bugb2XM09iWG-tCyy9O82ks,ROOT/logs/compliance,compliance,application/vnd.google-apps.folder,,2026-07-17T19:54:42.759Z
1HMwmmurh7Ne0R48qK82sgpyGzswQDgHo,ROOT/logs/compliance/FBEP_STEP16E_IMPLEMENTATION_20260717_201000.json,FBEP_STEP16E_IMPLEMENTATION_20260717_201000.json,application/json,1891,2026-07-17T20:10:00.920Z
1W1vQIAD5IxL4jybb2bXdX_YSmD1ZKN75,ROOT/logs/compliance/FBEP_STEP16E_REGRESSION_TESTS_20260717_201000.csv,FBEP_STEP16E_REGRESSION_TESTS_20260717_201000.csv,text/csv,49,2026-07-17T20:10:00.905Z
1iRA9HvbGPK4PCn9p4v1-iuAisk_egx9H,ROOT/logs/compliance/FBEP_STEP16E_GIT_DIFF_20260717_201000.diff,FBEP_STEP16E_GIT_DIFF_20260717_201000.diff,text/x-diff,111,2026-07-17T20:10:00.892Z
1h0yCNg3YPV2s5znuzva2fhlASuoGdWPq,ROOT/logs/compliance/FBEP_STEP16D_DETECTION_TESTS_20260717_195442.json,FBEP_STEP16D_DETECTION_TESTS_20260717_195442.json,application/json,3843,2026-07-17T19:54:42.963Z
175J-0P8UYiQFmI_ArzSE0x1DZreggI2i,ROOT/logs/compliance/FBEP_STEP16D_PATCH_PREVIEW_20260717_195442.diff,FBEP_STEP16D_PATCH_PREVIEW_20260717_195442.diff,text/x-diff,810,2026-07-17T19:54:42.948Z
1KKuFFZS20tvpUqO3GEiturCTPoebqdm6,ROOT/logs/compliance/FBEP_STEP16D_NAIVE_DETECTION_FINDINGS_20260717_195442.csv,FBEP_STEP16D_NAIVE_DETECTION_FINDINGS_20260717_195442.csv,text/csv,736,2026-07-17T19:54:42.937Z
1sh8pfGZ5U2B-fdqhmLKL9DZFomRI6DT_,ROOT/logs/compliance/FBEP_STEP16D_CODE_CANDIDATES_20260717_195442.csv,FBEP_STEP16D_CODE_CANDIDATES_20260717_195442.csv,text/csv,1551,2026-07-17T19:54:42.926Z
1UoBlmnD2iat-OQjDfvbl82U9bYRZyvZH,ROOT/logs/compliance/FBEP_STEP16D_COMPLIANCE_RULE_AUDIT_20260717_195442.json,FBEP_STEP16D_COMPLIANCE_RULE_AUDIT_20260717_195442.json,application/json,5481,2026-07-17T19:54:42.914Z
1P5jC7evZYheY6RhIMm0MO4RNMEHBsa_k,ROOT/logs/landingpages,landingpages,application/vnd.google-apps.folder,,2026-07-17T18:54:25.237Z
1WH4KSVbgz5KLuFdrlWouW16oBYXqG_mS,ROOT/logs/landingpages/FBEP_STEP16C_FIXED_RULE_PREVIEW_20260717_194755.json,FBEP_STEP16C_FIXED_RULE_PREVIEW_20260717_194755.json,application/json,1271,2026-07-17T19:48:00.140Z
19Ca3FojEuw2eAniJcdswn2zU6eeqpxdy,ROOT/logs/landingpages/FBEP_STEP16C_FIXED_EXACT_HITS_20260717_194755.csv,FBEP_STEP16C_FIXED_EXACT_HITS_20260717_194755.csv,text/csv,109,2026-07-17T19:48:00.127Z
1Fgh0zsziPzHzsfLjOfp5C36dPsi7dyIP,ROOT/logs/landingpages/FBEP_STEP16C_FIXED_DETAILS_20260717_194755.csv,FBEP_STEP16C_FIXED_DETAILS_20260717_194755.csv,text/csv,8508,2026-07-17T19:48:00.113Z
1q1nB_0_7YE4I03L8BYq2v5s-a4D1ns5S,ROOT/logs/landingpages/FBEP_STEP16C_FIXED_CLASSIFICATION_20260717_194755.json,FBEP_STEP16C_FIXED_CLASSIFICATION_20260717_194755.json,application/json,20334,2026-07-17T19:48:00.099Z
1ZqSsuOiLzILiHLY0HbHKWdBwqMVUq2EJ,ROOT/logs/landingpages/FBEP_STEP16B_REMEDIATION_PREVIEW_20260717_193309.csv,FBEP_STEP16B_REMEDIATION_PREVIEW_20260717_193309.csv,text/csv,130793,2026-07-17T19:33:13.177Z
1SRAci4LJVW9mwirpAfKR2KnqYK4_boCL,ROOT/logs/landingpages/FBEP_STEP16B_FORBIDDEN_TERM_DETAILS_20260717_193309.csv,FBEP_STEP16B_FORBIDDEN_TERM_DETAILS_20260717_193309.csv,text/csv,232345,2026-07-17T19:33:13.158Z
18aE7V5aatuVRJMUJRp0NCmtv0gfetVv7,ROOT/logs/landingpages/FBEP_STEP16B_FORBIDDEN_TERM_ROOT_CAUSE_20260717_193309.json,FBEP_STEP16B_FORBIDDEN_TERM_ROOT_CAUSE_20260717_193309.json,application/json,387930,2026-07-17T19:33:13.136Z
1_ovx-UvwziysEoZaTZDyLqSD4fEmcuvE,ROOT/logs/landingpages/FBEP_STEP16_RECORD_STATUS_20260717_192658.csv,FBEP_STEP16_RECORD_STATUS_20260717_192658.csv,text/csv,11952,2026-07-17T19:27:03.034Z
1fiAiMjisjmoQ6IrjOI476AD24vOoa5o9,ROOT/logs/landingpages/FBEP_STEP16_ISSUES_20260717_192658.csv,FBEP_STEP16_ISSUES_20260717_192658.csv,text/csv,5003,2026-07-17T19:27:03.021Z
1UYQHhzY9X8g9rH6SiUxaVTefyt8jjUKt,ROOT/logs/landingpages/FBEP_STEP16_POST_POPULATION_AUDIT_20260717_192658.json,FBEP_STEP16_POST_POPULATION_AUDIT_20260717_192658.json,application/json,1704,2026-07-17T19:27:02.994Z
1rJyAT9ZPFRPHXq2b_XQgVU7eiYhGxGVO,ROOT/logs/landingpages/FBEP_STEP15_POST_WRITE_20260717_191930.json,FBEP_STEP15_POST_WRITE_20260717_191930.json,application/json,3976,2026-07-17T19:19:37.733Z
1-QY4ZoR1A0W4u6vqaUYqjhSoeqj5s23-,ROOT/logs/landingpages/FBEP_STEP15_CHANGE_PLAN_20260717_191930.csv,FBEP_STEP15_CHANGE_PLAN_20260717_191930.csv,text/csv,231432,2026-07-17T19:19:34.676Z
1TZrCFhKWP-0ODmJOn_8qgPJQXJfHADBn,ROOT/logs/landingpages/FBEP_STEP15_PRE_WRITE_20260717_191930.json,FBEP_STEP15_PRE_WRITE_20260717_191930.json,application/json,2078,2026-07-17T19:19:34.660Z
1LnBL4nIVKJyXIQCb2t89JYddGOXKbFHi,ROOT/logs/landingpages/FBEP_STEP14_Summary_20260717_191202.json,FBEP_STEP14_Summary_20260717_191202.json,application/json,1798,2026-07-17T19:12:07.242Z
1L_lw1L_xlcAcId1voTxJIMocL7jqy0fe,ROOT/logs/landingpages/FBEP_STEP14_Validation_Issues_20260717_191202.csv,FBEP_STEP14_Validation_Issues_20260717_191202.csv,text/csv,3736,2026-07-17T19:12:07.210Z
1BH4_ZzQe7XwwvAG-pgnrFj5ubGLa_3SM,ROOT/logs/landingpages/FBEP_STEP14_Validation_Issues_20260717_191202.json,FBEP_STEP14_Validation_Issues_20260717_191202.json,application/json,6848,2026-07-17T19:12:07.197Z
1u2NSFCiAeS_AfrFqq3UULfd_wHbeOycX,ROOT/logs/landingpages/FBEP_STEP13_Issues_20260717_190607.csv,FBEP_STEP13_Issues_20260717_190607.csv,text/csv,38968,2026-07-17T19:06:10.410Z
1rpATj-lEpWkQ8U9EDD_IKUsXDHzaend-,ROOT/logs/landingpages/FBEP_STEP13_Content_SEO_Compliance_Audit_20260717_190607.json,FBEP_STEP13_Content_SEO_Compliance_Audit_20260717_190607.json,application/json,123639,2026-07-17T19:06:10.377Z
1yfINkg6g9Lav97J-qtCv2NCmjnWIRyZw,ROOT/logs/landingpages/FBEP_STEP12_POST_WRITE_20260717_190337.json,FBEP_STEP12_POST_WRITE_20260717_190337.json,application/json,116779,2026-07-17T19:03:45.657Z
1MrHEgQolyh_qLyRINbFnKRdu7Ptz1Zq3,ROOT/logs/landingpages/FBEP_STEP12_PRE_WRITE_20260717_190337.json,FBEP_STEP12_PRE_WRITE_20260717_190337.json,application/json,116355,2026-07-17T19:03:44.597Z
1OyNdbjXPoWl-YsfWIPfQ-72eoAu1WGLo,ROOT/logs/landingpages/FBEP_STEP11_MIGRATION_REPORT.json,FBEP_STEP11_MIGRATION_REPORT.json,application/json,896,2026-07-17T18:57:26.081Z
13eYIzLPIH_LFt_51CshNz_3sUF-Fz7zb,ROOT/logs/landingpage_compliance,landingpage_compliance,application/vnd.google-apps.folder,,2026-07-11T10:27:56.912Z
1D5Wp6S0LcL8yH1mpDWzzLHxmPWCScWqW,ROOT/logs/landingpage_compliance/FINAL_REAUDIT_CACHE_20260711_160625.md,FINAL_REAUDIT_CACHE_20260711_160625.md,text/markdown,351,2026-07-11T16:06:25.741Z
18WsCJGSjx4pdPye7hT70Sz9FBqqCv_g0,ROOT/logs/landingpage_compliance/FINAL_REAUDIT_CACHE_20260711_160625.json,FINAL_REAUDIT_CACHE_20260711_160625.json,application/json,327,2026-07-11T16:06:25.707Z
1XsvsV026i4vAQxSs_KfC7kxpz-7bCerQ,ROOT/logs/landingpage_compliance/FINAL_LP_COMPLIANCE_AUDIT_20260711_102756.md,FINAL_LP_COMPLIANCE_AUDIT_20260711_102756.md,text/markdown,34433,2026-07-11T10:27:58.164Z
1DgBI6jNb5ziJy54SplCS_VAFicMUDIfp,ROOT/logs/landingpage_compliance/FINAL_LP_COMPLIANCE_AUDIT_20260711_102756.json,FINAL_LP_COMPLIANCE_AUDIT_20260711_102756.json,application/json,64418,2026-07-11T10:27:58.153Z
1Uq0fNDnq38miqnR7ygf4WX0cP8h5xOBJ,ROOT/logs/tracking,tracking,application/vnd.google-apps.folder,,2026-07-03T23:53:11.067Z
1fJvR15lj4Iqks37HMiZPxpKMCZxeHBRY,ROOT/logs/execution,execution,application/vnd.google-apps.folder,,2026-07-03T23:53:11.060Z
1I3VvmaWAjXYYXrCmcURQLmBuxLWqjizc,ROOT/logs/audits,audits,application/vnd.google-apps.folder,,2026-07-03T23:53:11.043Z
1DL0ZKowhuj8zlKUGnMNbREtT--Oj11HJ,ROOT/logs/audits/GM004_SHEET_CLASSIFICATION_20260704_012306.json,GM004_SHEET_CLASSIFICATION_20260704_012306.json,application/json,4792,2026-07-04T01:23:06.419Z
1mAD6ajEulyktJoh1JAvNG6C7fravWc9z,ROOT/logs/audits/GM004_INFRA_SNAPSHOT_20260703_235311.json,GM004_INFRA_SNAPSHOT_20260703_235311.json,application/json,569,2026-07-03T23:53:11.253Z
1W1H0VJiQIO4DEQh3vR2J5uB7rzPPe_P6,ROOT/logs/DRIVE_CLEANUP_PLAN_20260703_231612.md,DRIVE_CLEANUP_PLAN_20260703_231612.md,text/markdown,967,2026-07-03T23:16:12.223Z
1HKmjXXau8KBgdnPF8De2u6DDObDXmEJD,ROOT/logs/DRIVE_AUDIT_20260703_231213.json,DRIVE_AUDIT_20260703_231213.json,application/json,508420,2026-07-03T23:12:13.943Z
1Woc8EK69-zoJPN_iegjcwqx_yJsKpLg4,ROOT/logs/GM002N_Python_Files_In_Drive.csv,GM002N_Python_Files_In_Drive.csv,text/csv,114,2026-07-01T19:11:18.461Z
1zAcmsq4d4p_r7eBE6gxvvAQh142z7pbB,ROOT/logs/GM002L_Final_Drive_ReAudit.csv,GM002L_Final_Drive_ReAudit.csv,text/csv,423101,2026-07-01T19:09:19.063Z
13gOJkPJB_VDxwi7mJ2hnLtqCwLssdzua,ROOT/logs/GM002K_Skipped_Duplicate_Files_20260701_190840.csv,GM002K_Skipped_Duplicate_Files_20260701_190840.csv,text/csv,1,2026-07-01T19:08:40.466Z
1CogQACmap_6NyRx6M_oJBew8BEfSnqJW,ROOT/logs/GM002K_Deleted_Duplicate_Files_20260701_190840.csv,GM002K_Deleted_Duplicate_Files_20260701_190840.csv,text/csv,25902,2026-07-01T19:08:40.456Z
1BYH1CgR6Ult-ZpsbbcV7BLaoFBJpnTWB,ROOT/logs/GM002J_Duplicate_Blocked_Delete_List.csv,GM002J_Duplicate_Blocked_Delete_List.csv,text/csv,131,2026-07-01T19:07:56.031Z
1pzS0e9pr9n0piniGqb--zNuJ3hekjUM8,ROOT/logs/GM002J_Duplicate_Safe_Delete_List.csv,GM002J_Duplicate_Safe_Delete_List.csv,text/csv,92494,2026-07-01T19:07:56.019Z
1vcLNP6dguY6ODxovnCETrTTF2CICSMIR,ROOT/logs/GM002I_Safe_Duplicate_Delete_Plan.csv,GM002I_Safe_Duplicate_Delete_Plan.csv,text/csv,137751,2026-07-01T19:06:47.579Z
1SZLSPRDZ0d-84T7U2du4GXGzwCOv1gcr,ROOT/logs/GM002H_Duplicate_Groups.csv,GM002H_Duplicate_Groups.csv,text/csv,90740,2026-07-01T19:04:38.391Z
1EBXFQIGL96xpHvudNLywv4NFgnEiNoeZ,ROOT/logs/GM002G_Drive_ReAudit_After_Empty_Folders.csv,GM002G_Drive_ReAudit_After_Empty_Folders.csv,text/csv,469841,2026-07-01T18:58:16.599Z
1HP0H6A-lbypfnxVGYGOAC8WCLufGNE_w,ROOT/logs/GM002F_Skipped_Empty_Folders_20260701_185616.csv,GM002F_Skipped_Empty_Folders_20260701_185616.csv,text/csv,1,2026-07-01T18:56:16.498Z
1CbdUzQiM3-iZ_tzaEkoZO51crTi7MD1j,ROOT/logs/GM002F_Deleted_Empty_Folders_20260701_185616.csv,GM002F_Deleted_Empty_Folders_20260701_185616.csv,text/csv,981137,2026-07-01T18:56:16.472Z
1EowhvBXW3F3QxHVbDDCoenEkkOxliLgx,ROOT/logs/GM002E_Duplicate_File_Review.csv,GM002E_Duplicate_File_Review.csv,text/csv,95090,2026-07-01T18:35:29.503Z
1631auMDSFkzHfDMly7C74tpoc_wfRyYO,ROOT/logs/GM002E_Safe_Empty_Folders.csv,GM002E_Safe_Empty_Folders.csv,text/csv,1080741,2026-07-01T18:35:29.470Z
1mJkMHEs8Hot1Y2Ulk4Z3nu3MMPfpGziJ,ROOT/logs/GM002D_Drive_Cleanup_Plan.csv,GM002D_Drive_Cleanup_Plan.csv,text/csv,1603869,2026-07-01T18:31:47.291Z
1RK4jCEFQWYDJRmzU18ioRFlhKeriLgmQ,ROOT/logs/GM002C_Drive_Cleanup_Candidates.csv,GM002C_Drive_Cleanup_Candidates.csv,text/csv,1538928,2026-07-01T18:31:19.783Z
19PK1plDBEdTbpkUJIMFDfZC2Tc3J4b2l,ROOT/logs/GM002B_Empty_Folders.csv,GM002B_Empty_Folders.csv,text/csv,1047029,2026-07-01T18:30:40.140Z
1r2x9xyZQghlMc94TRAFLK2yTOF7Umnzt,ROOT/logs/GM002B_Drive_Duplicates.csv,GM002B_Drive_Duplicates.csv,text/csv,88965,2026-07-01T18:30:40.129Z
19OEDFW7rLeIAXzWWee6kjPGogDUJ6qTP,ROOT/logs/GM002_Drive_Audit.csv,GM002_Drive_Audit.csv,text/csv,1495129,2026-07-01T18:29:05.341Z
1RQMdJ-9_QCJQR_YcaAphSDRMJiAoDKHN,ROOT/bilder,bilder,application/vnd.google-apps.folder,,2026-06-08T05:51:42.619Z
1cE4952ILGsYjiVqKNwdNDxwaT4vAicpd,ROOT/bilder/produkte,produkte,application/vnd.google-apps.folder,,2026-06-09T07:10:29.096Z
